module_id,policy,true_soh,is_truly_healthy,action,diag_time_s,diag_energy_wh,diag_cost_inr,num_tests,is_false_accept,is_false_reject,is_unnecessary_isolation,retained_kwh
MOD_42_00000,A_Fixed,0.7218479922318634,True,RETIRE,800.0,34.5,185.83155555555555,3,False,True,True,0.0
MOD_42_00000,B_Scalar,0.7218479922318634,True,OPERATE,0.0,0.0,0.0,0,False,False,False,0.11549567875709814
MOD_42_00000,C_UncertaintyThresh,0.7218479922318634,True,RETIRE,20.0,1.5,18.40088888888889,1,False,True,True,0.0
MOD_42_00000,D_RC_VOI,0.7218479922318634,True,DERATE,600.0,25.0,119.86666666666667,1,False,False,False,0.09239654300567851
MOD_42_00001,A_Fixed,0.7481092250586576,True,RETIRE,800.0,34.5,185.83155555555555,3,False,True,True,0.0
MOD_42_00001,B_Scalar,0.7481092250586576,True,OPERATE,0.0,0.0,0.0,0,False,False,False,0.11969747600938523
MOD_42_00001,C_UncertaintyThresh,0.7481092250586576,True,RETIRE,20.0,1.5,18.40088888888889,1,False,True,True,0.0
MOD_42_00001,D_RC_VOI,0.7481092250586576,True,DERATE,0.0,0.0,0.0,0,False,False,False,0.09575798080750819
MOD_42_00002,A_Fixed,0.7018499261815725,False,RETIRE,800.0,34.5,185.83155555555555,3,False,False,False,0.0
MOD_42_00002,B_Scalar,0.7018499261815725,False,RETIRE,0.0,0.0,0.0,0,False,False,False,0.0
MOD_42_00002,C_UncertaintyThresh,0.7018499261815725,False,RETIRE,20.0,1.5,18.40088888888889,1,False,False,False,0.0
MOD_42_00002,D_RC_VOI,0.7018499261815725,False,DERATE,600.0,25.0,119.86666666666667,1,False,False,False,0.0
MOD_42_00003,A_Fixed,0.5712991881234514,False,RETIRE,800.0,34.5,185.83155555555555,3,False,False,False,0.0
MOD_42_00003,B_Scalar,0.5712991881234514,False,OPERATE,0.0,0.0,0.0,0,True,False,False,0.0
MOD_42_00003,C_UncertaintyThresh,0.5712991881234514,False,RETIRE,20.0,1.5,18.40088888888889,1,False,False,False,0.0
MOD_42_00003,D_RC_VOI,0.5712991881234514,False,DERATE,0.0,0.0,0.0,0,False,False,False,0.0
MOD_42_00004,A_Fixed,0.7818856235379514,True,RETIRE,800.0,34.5,185.83155555555555,3,False,True,True,0.0
MOD_42_00004,B_Scalar,0.7818856235379514,True,OPERATE,0.0,0.0,0.0,0,False,False,False,0.12510169976607224
MOD_42_00004,C_UncertaintyThresh,0.7818856235379514,True,OPERATE,0.0,0.0,0.0,0,False,False,False,0.12510169976607224
MOD_42_00004,D_RC_VOI,0.7818856235379514,True,OPERATE,0.0,0.0,0.0,0,False,False,False,0.12510169976607224
MOD_42_00005,A_Fixed,0.8132140009547731,True,OPERATE,800.0,34.5,185.83155555555555,3,False,False,False,0.1301142401527637
MOD_42_00005,B_Scalar,0.8132140009547731,True,OPERATE,0.0,0.0,0.0,0,False,False,False,0.1301142401527637
MOD_42_00005,C_UncertaintyThresh,0.8132140009547731,True,RETIRE,20.0,1.5,18.40088888888889,1,False,True,True,0.0
MOD_42_00005,D_RC_VOI,0.8132140009547731,True,OPERATE,600.0,25.0,119.86666666666667,1,False,False,False,0.1301142401527637
MOD_42_00006,A_Fixed,0.7773335383713145,True,RETIRE,800.0,34.5,185.83155555555555,3,False,True,True,0.0
MOD_42_00006,B_Scalar,0.7773335383713145,True,OPERATE,0.0,0.0,0.0,0,False,False,False,0.12437336613941032
MOD_42_00006,C_UncertaintyThresh,0.7773335383713145,True,RETIRE,20.0,1.5,18.40088888888889,1,False,True,True,0.0
MOD_42_00006,D_RC_VOI,0.7773335383713145,True,OPERATE,600.0,25.0,119.86666666666667,1,False,False,False,0.12437336613941032
MOD_42_00007,A_Fixed,0.8679297789503703,True,OPERATE,800.0,34.5,185.83155555555555,3,False,False,False,0.13886876463205924
MOD_42_00007,B_Scalar,0.8679297789503703,True,OPERATE,0.0,0.0,0.0,0,False,False,False,0.13886876463205924
MOD_42_00007,C_UncertaintyThresh,0.8679297789503703,True,OPERATE,0.0,0.0,0.0,0,False,False,False,0.13886876463205924
MOD_42_00007,D_RC_VOI,0.8679297789503703,True,OPERATE,0.0,0.0,0.0,0,False,False,False,0.13886876463205924
MOD_42_00008,A_Fixed,0.7713587392731215,True,RETIRE,800.0,34.5,185.83155555555555,3,False,True,True,0.0
MOD_42_00008,B_Scalar,0.7713587392731215,True,OPERATE,0.0,0.0,0.0,0,False,False,False,0.12341739828369944
MOD_42_00008,C_UncertaintyThresh,0.7713587392731215,True,OPERATE,0.0,0.0,0.0,0,False,False,False,0.12341739828369944
MOD_42_00008,D_RC_VOI,0.7713587392731215,True,RETIRE,20.0,1.5,18.40088888888889,1,False,True,True,0.0
MOD_42_00009,A_Fixed,0.7384929311019685,True,RETIRE,800.0,34.5,185.83155555555555,3,False,True,True,0.0
MOD_42_00009,B_Scalar,0.7384929311019685,True,OPERATE,0.0,0.0,0.0,0,False,False,False,0.11815886897631496
MOD_42_00009,C_UncertaintyThresh,0.7384929311019685,True,RETIRE,20.0,1.5,18.40088888888889,1,False,True,True,0.0
MOD_42_00009,D_RC_VOI,0.7384929311019685,True,DERATE,600.0,25.0,119.86666666666667,1,False,False,False,0.09452709518105197
MOD_42_00010,A_Fixed,0.6822131916630739,False,RETIRE,800.0,34.5,185.83155555555555,3,False,False,False,0.0
MOD_42_00010,B_Scalar,0.6822131916630739,False,RETIRE,0.0,0.0,0.0,0,False,False,False,0.0
MOD_42_00010,C_UncertaintyThresh,0.6822131916630739,False,RETIRE,20.0,1.5,18.40088888888889,1,False,False,False,0.0
MOD_42_00010,D_RC_VOI,0.6822131916630739,False,DERATE,600.0,25.0,119.86666666666667,1,False,False,False,0.0
MOD_42_00011,A_Fixed,0.6369291902471111,False,RETIRE,10.0,0.05,0.6944444444444444,1,False,False,False,0.0
MOD_42_00011,B_Scalar,0.6369291902471111,False,RETIRE,10.0,0.05,0.6944444444444444,1,False,False,False,0.0
MOD_42_00011,C_UncertaintyThresh,0.6369291902471111,False,RETIRE,10.0,0.05,0.6944444444444444,1,False,False,False,0.0
MOD_42_00011,D_RC_VOI,0.6369291902471111,False,RETIRE,10.0,0.05,0.6944444444444444,1,False,False,False,0.0
MOD_42_00012,A_Fixed,0.8838947022370759,False,RETIRE,10.0,0.05,0.6944444444444444,1,False,False,False,0.0
MOD_42_00012,B_Scalar,0.8838947022370759,False,RETIRE,10.0,0.05,0.6944444444444444,1,False,False,False,0.0
MOD_42_00012,C_UncertaintyThresh,0.8838947022370759,False,RETIRE,10.0,0.05,0.6944444444444444,1,False,False,False,0.0
MOD_42_00012,D_RC_VOI,0.8838947022370759,False,RETIRE,10.0,0.05,0.6944444444444444,1,False,False,False,0.0
MOD_42_00013,A_Fixed,0.804217585880588,True,RETIRE,800.0,34.5,185.83155555555555,3,False,True,True,0.0
MOD_42_00013,B_Scalar,0.804217585880588,True,OPERATE,0.0,0.0,0.0,0,False,False,False,0.1286748137408941
MOD_42_00013,C_UncertaintyThresh,0.804217585880588,True,RETIRE,20.0,1.5,18.40088888888889,1,False,True,True,0.0
MOD_42_00013,D_RC_VOI,0.804217585880588,True,OPERATE,600.0,25.0,119.86666666666667,1,False,False,False,0.1286748137408941
MOD_42_00014,A_Fixed,0.6894905246025879,False,RETIRE,800.0,34.5,185.83155555555555,3,False,False,False,0.0
MOD_42_00014,B_Scalar,0.6894905246025879,False,RETIRE,0.0,0.0,0.0,0,False,False,False,0.0
MOD_42_00014,C_UncertaintyThresh,0.6894905246025879,False,RETIRE,20.0,1.5,18.40088888888889,1,False,False,False,0.0
MOD_42_00014,D_RC_VOI,0.6894905246025879,False,DERATE,600.0,25.0,119.86666666666667,1,False,False,False,0.0
MOD_42_00015,A_Fixed,0.8287849009172836,True,OPERATE,800.0,34.5,185.83155555555555,3,False,False,False,0.13260558414676538
MOD_42_00015,B_Scalar,0.8287849009172836,True,OPERATE,0.0,0.0,0.0,0,False,False,False,0.13260558414676538
MOD_42_00015,C_UncertaintyThresh,0.8287849009172836,True,RETIRE,20.0,1.5,18.40088888888889,1,False,True,True,0.0
MOD_42_00015,D_RC_VOI,0.8287849009172836,True,OPERATE,600.0,25.0,119.86666666666667,1,False,False,False,0.13260558414676538
MOD_42_00016,A_Fixed,0.7860412881077355,True,RETIRE,800.0,34.5,185.83155555555555,3,False,True,True,0.0
MOD_42_00016,B_Scalar,0.7860412881077355,True,OPERATE,0.0,0.0,0.0,0,False,False,False,0.1257666060972377
MOD_42_00016,C_UncertaintyThresh,0.7860412881077355,True,RETIRE,20.0,1.5,18.40088888888889,1,False,True,True,0.0
MOD_42_00016,D_RC_VOI,0.7860412881077355,True,OPERATE,600.0,25.0,119.86666666666667,1,False,False,False,0.1257666060972377
MOD_42_00017,A_Fixed,0.4524457872964506,False,RETIRE,800.0,34.5,185.83155555555555,3,False,False,False,0.0
MOD_42_00017,B_Scalar,0.4524457872964506,False,RETIRE,0.0,0.0,0.0,0,False,False,False,0.0
MOD_42_00017,C_UncertaintyThresh,0.4524457872964506,False,RETIRE,0.0,0.0,0.0,0,False,False,False,0.0
MOD_42_00017,D_RC_VOI,0.4524457872964506,False,RETIRE,0.0,0.0,0.0,0,False,False,False,0.0
MOD_42_00018,A_Fixed,0.813490104249501,True,OPERATE,800.0,34.5,185.83155555555555,3,False,False,False,0.13015841667992015
MOD_42_00018,B_Scalar,0.813490104249501,True,OPERATE,0.0,0.0,0.0,0,False,False,False,0.13015841667992015
MOD_42_00018,C_UncertaintyThresh,0.813490104249501,True,RETIRE,20.0,1.5,18.40088888888889,1,False,True,True,0.0
MOD_42_00018,D_RC_VOI,0.813490104249501,True,OPERATE,600.0,25.0,119.86666666666667,1,False,False,False,0.13015841667992015
MOD_42_00019,A_Fixed,0.7949448152205356,True,RETIRE,800.0,34.5,185.83155555555555,3,False,True,True,0.0
MOD_42_00019,B_Scalar,0.7949448152205356,True,OPERATE,0.0,0.0,0.0,0,False,False,False,0.1271911704352857
MOD_42_00019,C_UncertaintyThresh,0.7949448152205356,True,RETIRE,20.0,1.5,18.40088888888889,1,False,True,True,0.0
MOD_42_00019,D_RC_VOI,0.7949448152205356,True,OPERATE,600.0,25.0,119.86666666666667,1,False,False,False,0.1271911704352857
MOD_42_00020,A_Fixed,0.85656400595581,True,OPERATE,800.0,34.5,185.83155555555555,3,False,False,False,0.1370502409529296
MOD_42_00020,B_Scalar,0.85656400595581,True,OPERATE,0.0,0.0,0.0,0,False,False,False,0.1370502409529296
MOD_42_00020,C_UncertaintyThresh,0.85656400595581,True,OPERATE,0.0,0.0,0.0,0,False,False,False,0.1370502409529296
MOD_42_00020,D_RC_VOI,0.85656400595581,True,OPERATE,0.0,0.0,0.0,0,False,False,False,0.1370502409529296
MOD_42_00021,A_Fixed,0.7106215542699554,True,RETIRE,800.0,34.5,185.83155555555555,3,False,True,True,0.0
MOD_42_00021,B_Scalar,0.7106215542699554,True,RETIRE,0.0,0.0,0.0,0,False,True,True,0.0
MOD_42_00021,C_UncertaintyThresh,0.7106215542699554,True,RETIRE,20.0,1.5,18.40088888888889,1,False,True,True,0.0
MOD_42_00021,D_RC_VOI,0.7106215542699554,True,DERATE,600.0,25.0,119.86666666666667,1,False,False,False,0.0909595589465543
MOD_42_00022,A_Fixed,0.8628561113109459,True,OPERATE,800.0,34.5,185.83155555555555,3,False,False,False,0.13805697780975135
MOD_42_00022,B_Scalar,0.8628561113109459,True,OPERATE,0.0,0.0,0.0,0,False,False,False,0.13805697780975135
MOD_42_00022,C_UncertaintyThresh,0.8628561113109459,True,OPERATE,0.0,0.0,0.0,0,False,False,False,0.13805697780975135
MOD_42_00022,D_RC_VOI,0.8628561113109459,True,OPERATE,0.0,0.0,0.0,0,False,False,False,0.13805697780975135
MOD_42_00023,A_Fixed,0.5785189491206087,False,RETIRE,800.0,34.5,185.83155555555555,3,False,False,False,0.0
MOD_42_00023,B_Scalar,0.5785189491206087,False,RETIRE,0.0,0.0,0.0,0,False,False,False,0.0
MOD_42_00023,C_UncertaintyThresh,0.5785189491206087,False,RETIRE,20.0,1.5,18.40088888888889,1,False,False,False,0.0
MOD_42_00023,D_RC_VOI,0.5785189491206087,False,RETIRE,600.0,25.0,119.86666666666667,1,False,False,False,0.0
MOD_42_00024,A_Fixed,0.770373963078365,True,RETIRE,800.0,34.5,185.83155555555555,3,False,True,True,0.0
MOD_42_00024,B_Scalar,0.770373963078365,True,OPERATE,0.0,0.0,0.0,0,False,False,False,0.1232598340925384
MOD_42_00024,C_UncertaintyThresh,0.770373963078365,True,OPERATE,0.0,0.0,0.0,0,False,False,False,0.1232598340925384
MOD_42_00024,D_RC_VOI,0.770373963078365,True,RETIRE,20.0,1.5,18.40088888888889,1,False,True,True,0.0
MOD_42_00025,A_Fixed,0.8423844269050347,False,RETIRE,800.0,34.5,185.83155555555555,3,False,False,False,0.0
MOD_42_00025,B_Scalar,0.8423844269050347,False,OPERATE,0.0,0.0,0.0,0,True,False,False,0.0
MOD_42_00025,C_UncertaintyThresh,0.8423844269050347,False,RETIRE,20.0,1.5,18.40088888888889,1,False,False,False,0.0
MOD_42_00025,D_RC_VOI,0.8423844269050347,False,RETIRE,20.0,1.5,18.40088888888889,1,False,False,False,0.0
MOD_42_00026,A_Fixed,0.6049000123634829,False,RETIRE,800.0,34.5,185.83155555555555,3,False,False,False,0.0
MOD_42_00026,B_Scalar,0.6049000123634829,False,RETIRE,0.0,0.0,0.0,0,False,False,False,0.0
MOD_42_00026,C_UncertaintyThresh,0.6049000123634829,False,RETIRE,0.0,0.0,0.0,0,False,False,False,0.0
MOD_42_00026,D_RC_VOI,0.6049000123634829,False,RETIRE,20.0,1.5,18.40088888888889,1,False,False,False,0.0
MOD_42_00027,A_Fixed,0.774616526719061,False,RETIRE,800.0,34.5,185.83155555555555,3,False,False,False,0.0
MOD_42_00027,B_Scalar,0.774616526719061,False,RETIRE,0.0,0.0,0.0,0,False,False,False,0.0
MOD_42_00027,C_UncertaintyThresh,0.774616526719061,False,RETIRE,20.0,1.5,18.40088888888889,1,False,False,False,0.0
MOD_42_00027,D_RC_VOI,0.774616526719061,False,OPERATE,600.0,25.0,119.86666666666667,1,True,False,False,0.0
MOD_42_00028,A_Fixed,0.8143523534119086,True,OPERATE,800.0,34.5,185.83155555555555,3,False,False,False,0.13029637654590537
MOD_42_00028,B_Scalar,0.8143523534119086,True,OPERATE,0.0,0.0,0.0,0,False,False,False,0.13029637654590537
MOD_42_00028,C_UncertaintyThresh,0.8143523534119086,True,DERATE,20.0,1.5,18.40088888888889,1,False,False,False,0.1042371012367243
MOD_42_00028,D_RC_VOI,0.8143523534119086,True,OPERATE,600.0,25.0,119.86666666666667,1,False,False,False,0.13029637654590537
MOD_42_00029,A_Fixed,0.8511030079997246,False,OPERATE,800.0,34.5,185.83155555555555,3,True,False,False,0.0
MOD_42_00029,B_Scalar,0.8511030079997246,False,OPERATE,0.0,0.0,0.0,0,True,False,False,0.0
MOD_42_00029,C_UncertaintyThresh,0.8511030079997246,False,OPERATE,620.0,26.5,138.26755555555556,2,True,False,False,0.0
MOD_42_00029,D_RC_VOI,0.8511030079997246,False,OPERATE,600.0,25.0,119.86666666666667,1,True,False,False,0.0
MOD_42_00030,A_Fixed,0.7774199826197092,True,RETIRE,800.0,34.5,185.83155555555555,3,False,True,True,0.0
MOD_42_00030,B_Scalar,0.7774199826197092,True,OPERATE,0.0,0.0,0.0,0,False,False,False,0.12438719721915348
MOD_42_00030,C_UncertaintyThresh,0.7774199826197092,True,RETIRE,20.0,1.5,18.40088888888889,1,False,True,True,0.0
MOD_42_00030,D_RC_VOI,0.7774199826197092,True,OPERATE,600.0,25.0,119.86666666666667,1,False,False,False,0.12438719721915348
MOD_42_00031,A_Fixed,0.6288296212346771,False,RETIRE,800.0,34.5,185.83155555555555,3,False,False,False,0.0
MOD_42_00031,B_Scalar,0.6288296212346771,False,RETIRE,0.0,0.0,0.0,0,False,False,False,0.0
MOD_42_00031,C_UncertaintyThresh,0.6288296212346771,False,RETIRE,20.0,1.5,18.40088888888889,1,False,False,False,0.0
MOD_42_00031,D_RC_VOI,0.6288296212346771,False,RETIRE,600.0,25.0,119.86666666666667,1,False,False,False,0.0
MOD_42_00032,A_Fixed,0.6479366329965464,False,RETIRE,800.0,34.5,185.83155555555555,3,False,False,False,0.0
MOD_42_00032,B_Scalar,0.6479366329965464,False,RETIRE,0.0,0.0,0.0,0,False,False,False,0.0
MOD_42_00032,C_UncertaintyThresh,0.6479366329965464,False,RETIRE,20.0,1.5,18.40088888888889,1,False,False,False,0.0
MOD_42_00032,D_RC_VOI,0.6479366329965464,False,RETIRE,20.0,1.5,18.40088888888889,1,False,False,False,0.0
MOD_42_00033,A_Fixed,0.7411165316021455,True,RETIRE,800.0,34.5,185.83155555555555,3,False,True,True,0.0
MOD_42_00033,B_Scalar,0.7411165316021455,True,OPERATE,0.0,0.0,0.0,0,False,False,False,0.11857864505634329
MOD_42_00033,C_UncertaintyThresh,0.7411165316021455,True,RETIRE,20.0,1.5,18.40088888888889,1,False,True,True,0.0
MOD_42_00033,D_RC_VOI,0.7411165316021455,True,OPERATE,600.0,25.0,119.86666666666667,1,False,False,False,0.11857864505634329
MOD_42_00034,A_Fixed,0.7645306272602631,True,RETIRE,800.0,34.5,185.83155555555555,3,False,True,True,0.0
MOD_42_00034,B_Scalar,0.7645306272602631,True,OPERATE,0.0,0.0,0.0,0,False,False,False,0.1223249003616421
MOD_42_00034,C_UncertaintyThresh,0.7645306272602631,True,RETIRE,20.0,1.5,18.40088888888889,1,False,True,True,0.0
MOD_42_00034,D_RC_VOI,0.7645306272602631,True,OPERATE,600.0,25.0,119.86666666666667,1,False,False,False,0.1223249003616421
MOD_42_00035,A_Fixed,0.8148538774674021,True,OPERATE,800.0,34.5,185.83155555555555,3,False,False,False,0.13037662039478434
MOD_42_00035,B_Scalar,0.8148538774674021,True,OPERATE,0.0,0.0,0.0,0,False,False,False,0.13037662039478434
MOD_42_00035,C_UncertaintyThresh,0.8148538774674021,True,RETIRE,20.0,1.5,18.40088888888889,1,False,True,True,0.0
MOD_42_00035,D_RC_VOI,0.8148538774674021,True,OPERATE,600.0,25.0,119.86666666666667,1,False,False,False,0.13037662039478434
MOD_42_00036,A_Fixed,0.5728703968389769,False,RETIRE,800.0,34.5,185.83155555555555,3,False,False,False,0.0
MOD_42_00036,B_Scalar,0.5728703968389769,False,RETIRE,0.0,0.0,0.0,0,False,False,False,0.0
MOD_42_00036,C_UncertaintyThresh,0.5728703968389769,False,RETIRE,0.0,0.0,0.0,0,False,False,False,0.0
MOD_42_00036,D_RC_VOI,0.5728703968389769,False,RETIRE,20.0,1.5,18.40088888888889,1,False,False,False,0.0
MOD_42_00037,A_Fixed,0.9166516687328135,True,OPERATE,800.0,34.5,185.83155555555555,3,False,False,False,0.14666426699725016
MOD_42_00037,B_Scalar,0.9166516687328135,True,OPERATE,0.0,0.0,0.0,0,False,False,False,0.14666426699725016
MOD_42_00037,C_UncertaintyThresh,0.9166516687328135,True,OPERATE,0.0,0.0,0.0,0,False,False,False,0.14666426699725016
MOD_42_00037,D_RC_VOI,0.9166516687328135,True,OPERATE,0.0,0.0,0.0,0,False,False,False,0.14666426699725016
MOD_42_00038,A_Fixed,0.7551842346574138,True,RETIRE,800.0,34.5,185.83155555555555,3,False,True,True,0.0
MOD_42_00038,B_Scalar,0.7551842346574138,True,OPERATE,0.0,0.0,0.0,0,False,False,False,0.1208294775451862
MOD_42_00038,C_UncertaintyThresh,0.7551842346574138,True,OPERATE,0.0,0.0,0.0,0,False,False,False,0.1208294775451862
MOD_42_00038,D_RC_VOI,0.7551842346574138,True,RETIRE,20.0,1.5,18.40088888888889,1,False,True,True,0.0
MOD_42_00039,A_Fixed,0.8250773671166807,False,OPERATE,800.0,34.5,185.83155555555555,3,True,False,False,0.0
MOD_42_00039,B_Scalar,0.8250773671166807,False,OPERATE,0.0,0.0,0.0,0,True,False,False,0.0
MOD_42_00039,C_UncertaintyThresh,0.8250773671166807,False,RETIRE,20.0,1.5,18.40088888888889,1,False,False,False,0.0
MOD_42_00039,D_RC_VOI,0.8250773671166807,False,OPERATE,600.0,25.0,119.86666666666667,1,True,False,False,0.0
MOD_42_00040,A_Fixed,0.7907458859791843,True,RETIRE,800.0,34.5,185.83155555555555,3,False,True,True,0.0
MOD_42_00040,B_Scalar,0.7907458859791843,True,OPERATE,0.0,0.0,0.0,0,False,False,False,0.12651934175666948
MOD_42_00040,C_UncertaintyThresh,0.7907458859791843,True,RETIRE,20.0,1.5,18.40088888888889,1,False,True,True,0.0
MOD_42_00040,D_RC_VOI,0.7907458859791843,True,OPERATE,600.0,25.0,119.86666666666667,1,False,False,False,0.12651934175666948
MOD_42_00041,A_Fixed,0.7982706433312428,True,RETIRE,800.0,34.5,185.83155555555555,3,False,True,True,0.0
MOD_42_00041,B_Scalar,0.7982706433312428,True,OPERATE,0.0,0.0,0.0,0,False,False,False,0.12772330293299886
MOD_42_00041,C_UncertaintyThresh,0.7982706433312428,True,RETIRE,20.0,1.5,18.40088888888889,1,False,True,True,0.0
MOD_42_00041,D_RC_VOI,0.7982706433312428,True,OPERATE,600.0,25.0,119.86666666666667,1,False,False,False,0.12772330293299886
MOD_42_00042,A_Fixed,0.919522781290499,True,OPERATE,800.0,34.5,185.83155555555555,3,False,False,False,0.14712364500647984
MOD_42_00042,B_Scalar,0.919522781290499,True,OPERATE,0.0,0.0,0.0,0,False,False,False,0.14712364500647984
MOD_42_00042,C_UncertaintyThresh,0.919522781290499,True,OPERATE,0.0,0.0,0.0,0,False,False,False,0.14712364500647984
MOD_42_00042,D_RC_VOI,0.919522781290499,True,OPERATE,620.0,26.5,138.26755555555556,2,False,False,False,0.14712364500647984
MOD_42_00043,A_Fixed,0.835751763360433,True,OPERATE,800.0,34.5,185.83155555555555,3,False,False,False,0.1337202821376693
MOD_42_00043,B_Scalar,0.835751763360433,True,OPERATE,0.0,0.0,0.0,0,False,False,False,0.1337202821376693
MOD_42_00043,C_UncertaintyThresh,0.835751763360433,True,OPERATE,0.0,0.0,0.0,0,False,False,False,0.1337202821376693
MOD_42_00043,D_RC_VOI,0.835751763360433,True,DERATE,20.0,1.5,18.40088888888889,1,False,False,False,0.10697622571013543
MOD_42_00044,A_Fixed,0.5793621886946706,False,RETIRE,800.0,34.5,185.83155555555555,3,False,False,False,0.0
MOD_42_00044,B_Scalar,0.5793621886946706,False,RETIRE,0.0,0.0,0.0,0,False,False,False,0.0
MOD_42_00044,C_UncertaintyThresh,0.5793621886946706,False,RETIRE,20.0,1.5,18.40088888888889,1,False,False,False,0.0
MOD_42_00044,D_RC_VOI,0.5793621886946706,False,RETIRE,0.0,0.0,0.0,0,False,False,False,0.0
MOD_42_00045,A_Fixed,0.5320499981636981,False,RETIRE,800.0,34.5,185.83155555555555,3,False,False,False,0.0
MOD_42_00045,B_Scalar,0.5320499981636981,False,RETIRE,0.0,0.0,0.0,0,False,False,False,0.0
MOD_42_00045,C_UncertaintyThresh,0.5320499981636981,False,RETIRE,20.0,1.5,18.40088888888889,1,False,False,False,0.0
MOD_42_00045,D_RC_VOI,0.5320499981636981,False,RETIRE,20.0,1.5,18.40088888888889,1,False,False,False,0.0
MOD_42_00046,A_Fixed,0.8093251387631033,True,OPERATE,800.0,34.5,185.83155555555555,3,False,False,False,0.12949202220209652
MOD_42_00046,B_Scalar,0.8093251387631033,True,OPERATE,0.0,0.0,0.0,0,False,False,False,0.12949202220209652
MOD_42_00046,C_UncertaintyThresh,0.8093251387631033,True,OPERATE,0.0,0.0,0.0,0,False,False,False,0.12949202220209652
MOD_42_00046,D_RC_VOI,0.8093251387631033,True,DERATE,20.0,1.5,18.40088888888889,1,False,False,False,0.10359361776167722
MOD_42_00047,A_Fixed,0.6460333079190423,False,RETIRE,800.0,34.5,185.83155555555555,3,False,False,False,0.0
MOD_42_00047,B_Scalar,0.6460333079190423,False,RETIRE,0.0,0.0,0.0,0,False,False,False,0.0
MOD_42_00047,C_UncertaintyThresh,0.6460333079190423,False,RETIRE,20.0,1.5,18.40088888888889,1,False,False,False,0.0
MOD_42_00047,D_RC_VOI,0.6460333079190423,False,RETIRE,600.0,25.0,119.86666666666667,1,False,False,False,0.0
MOD_42_00048,A_Fixed,0.6065851209583673,False,RETIRE,800.0,34.5,185.83155555555555,3,False,False,False,0.0
MOD_42_00048,B_Scalar,0.6065851209583673,False,RETIRE,0.0,0.0,0.0,0,False,False,False,0.0
MOD_42_00048,C_UncertaintyThresh,0.6065851209583673,False,RETIRE,20.0,1.5,18.40088888888889,1,False,False,False,0.0
MOD_42_00048,D_RC_VOI,0.6065851209583673,False,RETIRE,600.0,25.0,119.86666666666667,1,False,False,False,0.0
MOD_42_00049,A_Fixed,0.6577256760763484,False,RETIRE,800.0,34.5,185.83155555555555,3,False,False,False,0.0
MOD_42_00049,B_Scalar,0.6577256760763484,False,RETIRE,0.0,0.0,0.0,0,False,False,False,0.0
MOD_42_00049,C_UncertaintyThresh,0.6577256760763484,False,RETIRE,20.0,1.5,18.40088888888889,1,False,False,False,0.0
MOD_42_00049,D_RC_VOI,0.6577256760763484,False,DERATE,600.0,25.0,119.86666666666667,1,False,False,False,0.0
MOD_42_00050,A_Fixed,0.7166367403704126,True,RETIRE,800.0,34.5,185.83155555555555,3,False,True,True,0.0
MOD_42_00050,B_Scalar,0.7166367403704126,True,OPERATE,0.0,0.0,0.0,0,False,False,False,0.11466187845926601
MOD_42_00050,C_UncertaintyThresh,0.7166367403704126,True,RETIRE,20.0,1.5,18.40088888888889,1,False,True,True,0.0
MOD_42_00050,D_RC_VOI,0.7166367403704126,True,DERATE,600.0,25.0,119.86666666666667,1,False,False,False,0.09172950276741282
MOD_42_00051,A_Fixed,0.8558930973527389,True,OPERATE,800.0,34.5,185.83155555555555,3,False,False,False,0.1369428955764382
MOD_42_00051,B_Scalar,0.8558930973527389,True,OPERATE,0.0,0.0,0.0,0,False,False,False,0.1369428955764382
MOD_42_00051,C_UncertaintyThresh,0.8558930973527389,True,OPERATE,0.0,0.0,0.0,0,False,False,False,0.1369428955764382
MOD_42_00051,D_RC_VOI,0.8558930973527389,True,OPERATE,620.0,26.5,138.26755555555556,2,False,False,False,0.1369428955764382
MOD_42_00052,A_Fixed,0.6198398632996359,False,RETIRE,800.0,34.5,185.83155555555555,3,False,False,False,0.0
MOD_42_00052,B_Scalar,0.6198398632996359,False,RETIRE,0.0,0.0,0.0,0,False,False,False,0.0
MOD_42_00052,C_UncertaintyThresh,0.6198398632996359,False,RETIRE,20.0,1.5,18.40088888888889,1,False,False,False,0.0
MOD_42_00052,D_RC_VOI,0.6198398632996359,False,RETIRE,600.0,25.0,119.86666666666667,1,False,False,False,0.0
MOD_42_00053,A_Fixed,0.8208229294790989,True,OPERATE,800.0,34.5,185.83155555555555,3,False,False,False,0.13133166871665583
MOD_42_00053,B_Scalar,0.8208229294790989,True,OPERATE,0.0,0.0,0.0,0,False,False,False,0.13133166871665583
MOD_42_00053,C_UncertaintyThresh,0.8208229294790989,True,OPERATE,0.0,0.0,0.0,0,False,False,False,0.13133166871665583
MOD_42_00053,D_RC_VOI,0.8208229294790989,True,RETIRE,20.0,1.5,18.40088888888889,1,False,True,True,0.0
MOD_42_00054,A_Fixed,0.5394445459703096,False,RETIRE,800.0,34.5,185.83155555555555,3,False,False,False,0.0
MOD_42_00054,B_Scalar,0.5394445459703096,False,RETIRE,0.0,0.0,0.0,0,False,False,False,0.0
MOD_42_00054,C_UncertaintyThresh,0.5394445459703096,False,RETIRE,0.0,0.0,0.0,0,False,False,False,0.0
MOD_42_00054,D_RC_VOI,0.5394445459703096,False,RETIRE,0.0,0.0,0.0,0,False,False,False,0.0
MOD_42_00055,A_Fixed,0.7149713308058051,True,RETIRE,800.0,34.5,185.83155555555555,3,False,True,True,0.0
MOD_42_00055,B_Scalar,0.7149713308058051,True,RETIRE,0.0,0.0,0.0,0,False,True,True,0.0
MOD_42_00055,C_UncertaintyThresh,0.7149713308058051,True,RETIRE,20.0,1.5,18.40088888888889,1,False,True,True,0.0
MOD_42_00055,D_RC_VOI,0.7149713308058051,True,DERATE,600.0,25.0,119.86666666666667,1,False,False,False,0.09151633034314306
MOD_42_00056,A_Fixed,0.8601766448946012,False,RETIRE,800.0,34.5,185.83155555555555,3,False,False,False,0.0
MOD_42_00056,B_Scalar,0.8601766448946012,False,OPERATE,0.0,0.0,0.0,0,True,False,False,0.0
MOD_42_00056,C_UncertaintyThresh,0.8601766448946012,False,RETIRE,20.0,1.5,18.40088888888889,1,False,False,False,0.0
MOD_42_00056,D_RC_VOI,0.8601766448946012,False,RETIRE,20.0,1.5,18.40088888888889,1,False,False,False,0.0
MOD_42_00057,A_Fixed,0.537939598265539,False,RETIRE,800.0,34.5,185.83155555555555,3,False,False,False,0.0
MOD_42_00057,B_Scalar,0.537939598265539,False,RETIRE,0.0,0.0,0.0,0,False,False,False,0.0
MOD_42_00057,C_UncertaintyThresh,0.537939598265539,False,RETIRE,0.0,0.0,0.0,0,False,False,False,0.0
MOD_42_00057,D_RC_VOI,0.537939598265539,False,RETIRE,0.0,0.0,0.0,0,False,False,False,0.0
MOD_42_00058,A_Fixed,0.4743813434383486,False,RETIRE,800.0,34.5,185.83155555555555,3,False,False,False,0.0
MOD_42_00058,B_Scalar,0.4743813434383486,False,RETIRE,0.0,0.0,0.0,0,False,False,False,0.0
MOD_42_00058,C_UncertaintyThresh,0.4743813434383486,False,RETIRE,0.0,0.0,0.0,0,False,False,False,0.0
MOD_42_00058,D_RC_VOI,0.4743813434383486,False,RETIRE,0.0,0.0,0.0,0,False,False,False,0.0
MOD_42_00059,A_Fixed,0.5584474532444353,False,RETIRE,800.0,34.5,185.83155555555555,3,False,False,False,0.0
MOD_42_00059,B_Scalar,0.5584474532444353,False,RETIRE,0.0,0.0,0.0,0,False,False,False,0.0
MOD_42_00059,C_UncertaintyThresh,0.5584474532444353,False,RETIRE,0.0,0.0,0.0,0,False,False,False,0.0
MOD_42_00059,D_RC_VOI,0.5584474532444353,False,RETIRE,0.0,0.0,0.0,0,False,False,False,0.0
MOD_42_00060,A_Fixed,0.8832824384460778,True,OPERATE,800.0,34.5,185.83155555555555,3,False,False,False,0.14132519015137246
MOD_42_00060,B_Scalar,0.8832824384460778,True,OPERATE,0.0,0.0,0.0,0,False,False,False,0.14132519015137246
MOD_42_00060,C_UncertaintyThresh,0.8832824384460778,True,OPERATE,0.0,0.0,0.0,0,False,False,False,0.14132519015137246
MOD_42_00060,D_RC_VOI,0.8832824384460778,True,OPERATE,0.0,0.0,0.0,0,False,False,False,0.14132519015137246
MOD_42_00061,A_Fixed,0.5647729057533113,False,RETIRE,800.0,34.5,185.83155555555555,3,False,False,False,0.0
MOD_42_00061,B_Scalar,0.5647729057533113,False,RETIRE,0.0,0.0,0.0,0,False,False,False,0.0
MOD_42_00061,C_UncertaintyThresh,0.5647729057533113,False,RETIRE,20.0,1.5,18.40088888888889,1,False,False,False,0.0
MOD_42_00061,D_RC_VOI,0.5647729057533113,False,RETIRE,0.0,0.0,0.0,0,False,False,False,0.0
MOD_42_00062,A_Fixed,0.744859833990559,True,RETIRE,800.0,34.5,185.83155555555555,3,False,True,True,0.0
MOD_42_00062,B_Scalar,0.744859833990559,True,OPERATE,0.0,0.0,0.0,0,False,False,False,0.11917757343848945
MOD_42_00062,C_UncertaintyThresh,0.744859833990559,True,RETIRE,20.0,1.5,18.40088888888889,1,False,True,True,0.0
MOD_42_00062,D_RC_VOI,0.744859833990559,True,OPERATE,600.0,25.0,119.86666666666667,1,False,False,False,0.11917757343848945
MOD_42_00063,A_Fixed,0.7522545966009244,True,RETIRE,800.0,34.5,185.83155555555555,3,False,True,True,0.0
MOD_42_00063,B_Scalar,0.7522545966009244,True,OPERATE,0.0,0.0,0.0,0,False,False,False,0.12036073545614791
MOD_42_00063,C_UncertaintyThresh,0.7522545966009244,True,RETIRE,20.0,1.5,18.40088888888889,1,False,True,True,0.0
MOD_42_00063,D_RC_VOI,0.7522545966009244,True,OPERATE,600.0,25.0,119.86666666666667,1,False,False,False,0.12036073545614791
MOD_42_00064,A_Fixed,0.8490911435888656,False,RETIRE,800.0,34.5,185.83155555555555,3,False,False,False,0.0
MOD_42_00064,B_Scalar,0.8490911435888656,False,OPERATE,0.0,0.0,0.0,0,True,False,False,0.0
MOD_42_00064,C_UncertaintyThresh,0.8490911435888656,False,RETIRE,20.0,1.5,18.40088888888889,1,False,False,False,0.0
MOD_42_00064,D_RC_VOI,0.8490911435888656,False,RETIRE,20.0,1.5,18.40088888888889,1,False,False,False,0.0
MOD_42_00065,A_Fixed,0.8145880388267752,True,OPERATE,800.0,34.5,185.83155555555555,3,False,False,False,0.13033408621228404
MOD_42_00065,B_Scalar,0.8145880388267752,True,OPERATE,0.0,0.0,0.0,0,False,False,False,0.13033408621228404
MOD_42_00065,C_UncertaintyThresh,0.8145880388267752,True,RETIRE,20.0,1.5,18.40088888888889,1,False,True,True,0.0
MOD_42_00065,D_RC_VOI,0.8145880388267752,True,OPERATE,600.0,25.0,119.86666666666667,1,False,False,False,0.13033408621228404
MOD_42_00066,A_Fixed,0.7723131917821255,True,RETIRE,800.0,34.5,185.83155555555555,3,False,True,True,0.0
MOD_42_00066,B_Scalar,0.7723131917821255,True,OPERATE,0.0,0.0,0.0,0,False,False,False,0.1235701106851401
MOD_42_00066,C_UncertaintyThresh,0.7723131917821255,True,RETIRE,20.0,1.5,18.40088888888889,1,False,True,True,0.0
MOD_42_00066,D_RC_VOI,0.7723131917821255,True,OPERATE,600.0,25.0,119.86666666666667,1,False,False,False,0.1235701106851401
MOD_42_00067,A_Fixed,0.8513591624518012,True,OPERATE,800.0,34.5,185.83155555555555,3,False,False,False,0.1362174659922882
MOD_42_00067,B_Scalar,0.8513591624518012,True,OPERATE,0.0,0.0,0.0,0,False,False,False,0.1362174659922882
MOD_42_00067,C_UncertaintyThresh,0.8513591624518012,True,OPERATE,0.0,0.0,0.0,0,False,False,False,0.1362174659922882
MOD_42_00067,D_RC_VOI,0.8513591624518012,True,OPERATE,620.0,26.5,138.26755555555556,2,False,False,False,0.1362174659922882
MOD_42_00068,A_Fixed,0.45727086634115016,False,RETIRE,10.0,0.05,0.6944444444444444,1,False,False,False,0.0
MOD_42_00068,B_Scalar,0.45727086634115016,False,RETIRE,10.0,0.05,0.6944444444444444,1,False,False,False,0.0
MOD_42_00068,C_UncertaintyThresh,0.45727086634115016,False,RETIRE,10.0,0.05,0.6944444444444444,1,False,False,False,0.0
MOD_42_00068,D_RC_VOI,0.45727086634115016,False,RETIRE,10.0,0.05,0.6944444444444444,1,False,False,False,0.0
MOD_42_00069,A_Fixed,0.6048726052478404,False,RETIRE,800.0,34.5,185.83155555555555,3,False,False,False,0.0
MOD_42_00069,B_Scalar,0.6048726052478404,False,RETIRE,0.0,0.0,0.0,0,False,False,False,0.0
MOD_42_00069,C_UncertaintyThresh,0.6048726052478404,False,RETIRE,20.0,1.5,18.40088888888889,1,False,False,False,0.0
MOD_42_00069,D_RC_VOI,0.6048726052478404,False,RETIRE,600.0,25.0,119.86666666666667,1,False,False,False,0.0
MOD_42_00070,A_Fixed,0.7501896687959665,True,RETIRE,800.0,34.5,185.83155555555555,3,False,True,True,0.0
MOD_42_00070,B_Scalar,0.7501896687959665,True,OPERATE,0.0,0.0,0.0,0,False,False,False,0.12003034700735464
MOD_42_00070,C_UncertaintyThresh,0.7501896687959665,True,RETIRE,20.0,1.5,18.40088888888889,1,False,True,True,0.0
MOD_42_00070,D_RC_VOI,0.7501896687959665,True,OPERATE,600.0,25.0,119.86666666666667,1,False,False,False,0.12003034700735464
MOD_42_00071,A_Fixed,0.4100883420552154,False,RETIRE,800.0,34.5,185.83155555555555,3,False,False,False,0.0
MOD_42_00071,B_Scalar,0.4100883420552154,False,RETIRE,0.0,0.0,0.0,0,False,False,False,0.0
MOD_42_00071,C_UncertaintyThresh,0.4100883420552154,False,RETIRE,0.0,0.0,0.0,0,False,False,False,0.0
MOD_42_00071,D_RC_VOI,0.4100883420552154,False,RETIRE,0.0,0.0,0.0,0,False,False,False,0.0
MOD_42_00072,A_Fixed,0.634556237703597,False,RETIRE,800.0,34.5,185.83155555555555,3,False,False,False,0.0
MOD_42_00072,B_Scalar,0.634556237703597,False,RETIRE,0.0,0.0,0.0,0,False,False,False,0.0
MOD_42_00072,C_UncertaintyThresh,0.634556237703597,False,RETIRE,0.0,0.0,0.0,0,False,False,False,0.0
MOD_42_00072,D_RC_VOI,0.634556237703597,False,RETIRE,20.0,1.5,18.40088888888889,1,False,False,False,0.0
MOD_42_00073,A_Fixed,0.5136803991262342,False,RETIRE,800.0,34.5,185.83155555555555,3,False,False,False,0.0
MOD_42_00073,B_Scalar,0.5136803991262342,False,RETIRE,0.0,0.0,0.0,0,False,False,False,0.0
MOD_42_00073,C_UncertaintyThresh,0.5136803991262342,False,RETIRE,0.0,0.0,0.0,0,False,False,False,0.0
MOD_42_00073,D_RC_VOI,0.5136803991262342,False,RETIRE,0.0,0.0,0.0,0,False,False,False,0.0
MOD_42_00074,A_Fixed,0.8356892975456105,True,OPERATE,800.0,34.5,185.83155555555555,3,False,False,False,0.1337102876072977
MOD_42_00074,B_Scalar,0.8356892975456105,True,OPERATE,0.0,0.0,0.0,0,False,False,False,0.1337102876072977
MOD_42_00074,C_UncertaintyThresh,0.8356892975456105,True,RETIRE,20.0,1.5,18.40088888888889,1,False,True,True,0.0
MOD_42_00074,D_RC_VOI,0.8356892975456105,True,OPERATE,600.0,25.0,119.86666666666667,1,False,False,False,0.1337102876072977
MOD_42_00075,A_Fixed,0.7360739004816287,True,RETIRE,800.0,34.5,185.83155555555555,3,False,True,True,0.0
MOD_42_00075,B_Scalar,0.7360739004816287,True,OPERATE,0.0,0.0,0.0,0,False,False,False,0.11777182407706059
MOD_42_00075,C_UncertaintyThresh,0.7360739004816287,True,RETIRE,20.0,1.5,18.40088888888889,1,False,True,True,0.0
MOD_42_00075,D_RC_VOI,0.7360739004816287,True,DERATE,600.0,25.0,119.86666666666667,1,False,False,False,0.09421745926164848
MOD_42_00076,A_Fixed,0.8336618812286773,False,RETIRE,800.0,34.5,185.83155555555555,3,False,False,False,0.0
MOD_42_00076,B_Scalar,0.8336618812286773,False,OPERATE,0.0,0.0,0.0,0,True,False,False,0.0
MOD_42_00076,C_UncertaintyThresh,0.8336618812286773,False,RETIRE,20.0,1.5,18.40088888888889,1,False,False,False,0.0
MOD_42_00076,D_RC_VOI,0.8336618812286773,False,RETIRE,20.0,1.5,18.40088888888889,1,False,False,False,0.0
MOD_42_00077,A_Fixed,0.7293642064405175,False,RETIRE,800.0,34.5,185.83155555555555,3,False,False,False,0.0
MOD_42_00077,B_Scalar,0.7293642064405175,False,RETIRE,0.0,0.0,0.0,0,False,False,False,0.0
MOD_42_00077,C_UncertaintyThresh,0.7293642064405175,False,RETIRE,20.0,1.5,18.40088888888889,1,False,False,False,0.0
MOD_42_00077,D_RC_VOI,0.7293642064405175,False,RETIRE,20.0,1.5,18.40088888888889,1,False,False,False,0.0
MOD_42_00078,A_Fixed,0.5138215245158141,False,RETIRE,800.0,34.5,185.83155555555555,3,False,False,False,0.0
MOD_42_00078,B_Scalar,0.5138215245158141,False,RETIRE,0.0,0.0,0.0,0,False,False,False,0.0
MOD_42_00078,C_UncertaintyThresh,0.5138215245158141,False,RETIRE,20.0,1.5,18.40088888888889,1,False,False,False,0.0
MOD_42_00078,D_RC_VOI,0.5138215245158141,False,RETIRE,0.0,0.0,0.0,0,False,False,False,0.0
MOD_42_00079,A_Fixed,0.7867135123214872,True,RETIRE,800.0,34.5,185.83155555555555,3,False,True,True,0.0
MOD_42_00079,B_Scalar,0.7867135123214872,True,OPERATE,0.0,0.0,0.0,0,False,False,False,0.12587416197143797
MOD_42_00079,C_UncertaintyThresh,0.7867135123214872,True,RETIRE,20.0,1.5,18.40088888888889,1,False,True,True,0.0
MOD_42_00079,D_RC_VOI,0.7867135123214872,True,OPERATE,600.0,25.0,119.86666666666667,1,False,False,False,0.12587416197143797
MOD_42_00080,A_Fixed,0.6822141457518807,False,RETIRE,800.0,34.5,185.83155555555555,3,False,False,False,0.0
MOD_42_00080,B_Scalar,0.6822141457518807,False,OPERATE,0.0,0.0,0.0,0,True,False,False,0.0
MOD_42_00080,C_UncertaintyThresh,0.6822141457518807,False,OPERATE,0.0,0.0,0.0,0,True,False,False,0.0
MOD_42_00080,D_RC_VOI,0.6822141457518807,False,RETIRE,20.0,1.5,18.40088888888889,1,False,False,False,0.0
MOD_42_00081,A_Fixed,0.5971183928587377,False,RETIRE,10.0,0.05,0.6944444444444444,1,False,False,False,0.0
MOD_42_00081,B_Scalar,0.5971183928587377,False,RETIRE,10.0,0.05,0.6944444444444444,1,False,False,False,0.0
MOD_42_00081,C_UncertaintyThresh,0.5971183928587377,False,RETIRE,10.0,0.05,0.6944444444444444,1,False,False,False,0.0
MOD_42_00081,D_RC_VOI,0.5971183928587377,False,RETIRE,10.0,0.05,0.6944444444444444,1,False,False,False,0.0
MOD_42_00082,A_Fixed,0.5339345407484255,False,RETIRE,800.0,34.5,185.83155555555555,3,False,False,False,0.0
MOD_42_00082,B_Scalar,0.5339345407484255,False,RETIRE,0.0,0.0,0.0,0,False,False,False,0.0
MOD_42_00082,C_UncertaintyThresh,0.5339345407484255,False,RETIRE,20.0,1.5,18.40088888888889,1,False,False,False,0.0
MOD_42_00082,D_RC_VOI,0.5339345407484255,False,RETIRE,600.0,25.0,119.86666666666667,1,False,False,False,0.0
MOD_42_00083,A_Fixed,0.7879977756651508,True,RETIRE,800.0,34.5,185.83155555555555,3,False,True,True,0.0
MOD_42_00083,B_Scalar,0.7879977756651508,True,OPERATE,0.0,0.0,0.0,0,False,False,False,0.12607964410642414
MOD_42_00083,C_UncertaintyThresh,0.7879977756651508,True,OPERATE,0.0,0.0,0.0,0,False,False,False,0.12607964410642414
MOD_42_00083,D_RC_VOI,0.7879977756651508,True,RETIRE,20.0,1.5,18.40088888888889,1,False,True,True,0.0
MOD_42_00084,A_Fixed,0.7524503211288849,True,RETIRE,800.0,34.5,185.83155555555555,3,False,True,True,0.0
MOD_42_00084,B_Scalar,0.7524503211288849,True,OPERATE,0.0,0.0,0.0,0,False,False,False,0.12039205138062159
MOD_42_00084,C_UncertaintyThresh,0.7524503211288849,True,RETIRE,20.0,1.5,18.40088888888889,1,False,True,True,0.0
MOD_42_00084,D_RC_VOI,0.7524503211288849,True,OPERATE,600.0,25.0,119.86666666666667,1,False,False,False,0.12039205138062159
MOD_42_00085,A_Fixed,0.7977305941998565,True,RETIRE,800.0,34.5,185.83155555555555,3,False,True,True,0.0
MOD_42_00085,B_Scalar,0.7977305941998565,True,OPERATE,0.0,0.0,0.0,0,False,False,False,0.12763689507197704
MOD_42_00085,C_UncertaintyThresh,0.7977305941998565,True,RETIRE,20.0,1.5,18.40088888888889,1,False,True,True,0.0
MOD_42_00085,D_RC_VOI,0.7977305941998565,True,OPERATE,600.0,25.0,119.86666666666667,1,False,False,False,0.12763689507197704
MOD_42_00086,A_Fixed,0.8186590462925591,True,OPERATE,800.0,34.5,185.83155555555555,3,False,False,False,0.13098544740680945
MOD_42_00086,B_Scalar,0.8186590462925591,True,OPERATE,0.0,0.0,0.0,0,False,False,False,0.13098544740680945
MOD_42_00086,C_UncertaintyThresh,0.8186590462925591,True,OPERATE,0.0,0.0,0.0,0,False,False,False,0.13098544740680945
MOD_42_00086,D_RC_VOI,0.8186590462925591,True,OPERATE,0.0,0.0,0.0,0,False,False,False,0.13098544740680945
MOD_42_00087,A_Fixed,0.7889677338617321,True,RETIRE,800.0,34.5,185.83155555555555,3,False,True,True,0.0
MOD_42_00087,B_Scalar,0.7889677338617321,True,OPERATE,0.0,0.0,0.0,0,False,False,False,0.12623483741787714
MOD_42_00087,C_UncertaintyThresh,0.7889677338617321,True,RETIRE,20.0,1.5,18.40088888888889,1,False,True,True,0.0
MOD_42_00087,D_RC_VOI,0.7889677338617321,True,OPERATE,600.0,25.0,119.86666666666667,1,False,False,False,0.12623483741787714
MOD_42_00088,A_Fixed,0.656033907054884,False,RETIRE,800.0,34.5,185.83155555555555,3,False,False,False,0.0
MOD_42_00088,B_Scalar,0.656033907054884,False,RETIRE,0.0,0.0,0.0,0,False,False,False,0.0
MOD_42_00088,C_UncertaintyThresh,0.656033907054884,False,RETIRE,20.0,1.5,18.40088888888889,1,False,False,False,0.0
MOD_42_00088,D_RC_VOI,0.656033907054884,False,RETIRE,20.0,1.5,18.40088888888889,1,False,False,False,0.0
MOD_42_00089,A_Fixed,0.8820636644533059,False,OPERATE,800.0,34.5,185.83155555555555,3,True,False,False,0.0
MOD_42_00089,B_Scalar,0.8820636644533059,False,OPERATE,0.0,0.0,0.0,0,True,False,False,0.0
MOD_42_00089,C_UncertaintyThresh,0.8820636644533059,False,OPERATE,0.0,0.0,0.0,0,True,False,False,0.0
MOD_42_00089,D_RC_VOI,0.8820636644533059,False,OPERATE,0.0,0.0,0.0,0,True,False,False,0.0
MOD_42_00090,A_Fixed,0.8331051737131636,True,OPERATE,800.0,34.5,185.83155555555555,3,False,False,False,0.13329682779410618
MOD_42_00090,B_Scalar,0.8331051737131636,True,OPERATE,0.0,0.0,0.0,0,False,False,False,0.13329682779410618
MOD_42_00090,C_UncertaintyThresh,0.8331051737131636,True,RETIRE,20.0,1.5,18.40088888888889,1,False,True,True,0.0
MOD_42_00090,D_RC_VOI,0.8331051737131636,True,OPERATE,600.0,25.0,119.86666666666667,1,False,False,False,0.13329682779410618
MOD_42_00091,A_Fixed,0.8487317026714669,True,OPERATE,800.0,34.5,185.83155555555555,3,False,False,False,0.13579707242743472
MOD_42_00091,B_Scalar,0.8487317026714669,True,OPERATE,0.0,0.0,0.0,0,False,False,False,0.13579707242743472
MOD_42_00091,C_UncertaintyThresh,0.8487317026714669,True,OPERATE,620.0,26.5,138.26755555555556,2,False,False,False,0.13579707242743472
MOD_42_00091,D_RC_VOI,0.8487317026714669,True,OPERATE,600.0,25.0,119.86666666666667,1,False,False,False,0.13579707242743472
MOD_42_00092,A_Fixed,0.7571144535522051,True,RETIRE,800.0,34.5,185.83155555555555,3,False,True,True,0.0
MOD_42_00092,B_Scalar,0.7571144535522051,True,OPERATE,0.0,0.0,0.0,0,False,False,False,0.12113831256835282
MOD_42_00092,C_UncertaintyThresh,0.7571144535522051,True,RETIRE,20.0,1.5,18.40088888888889,1,False,True,True,0.0
MOD_42_00092,D_RC_VOI,0.7571144535522051,True,OPERATE,600.0,25.0,119.86666666666667,1,False,False,False,0.12113831256835282
MOD_42_00093,A_Fixed,0.7026191130402062,True,RETIRE,800.0,34.5,185.83155555555555,3,False,True,True,0.0
MOD_42_00093,B_Scalar,0.7026191130402062,True,RETIRE,0.0,0.0,0.0,0,False,True,True,0.0
MOD_42_00093,C_UncertaintyThresh,0.7026191130402062,True,RETIRE,20.0,1.5,18.40088888888889,1,False,True,True,0.0
MOD_42_00093,D_RC_VOI,0.7026191130402062,True,DERATE,600.0,25.0,119.86666666666667,1,False,False,False,0.0899352464691464
MOD_42_00094,A_Fixed,0.8469233289997706,True,OPERATE,800.0,34.5,185.83155555555555,3,False,False,False,0.1355077326399633
MOD_42_00094,B_Scalar,0.8469233289997706,True,OPERATE,0.0,0.0,0.0,0,False,False,False,0.1355077326399633
MOD_42_00094,C_UncertaintyThresh,0.8469233289997706,True,OPERATE,0.0,0.0,0.0,0,False,False,False,0.1355077326399633
MOD_42_00094,D_RC_VOI,0.8469233289997706,True,OPERATE,620.0,26.5,138.26755555555556,2,False,False,False,0.1355077326399633
MOD_42_00095,A_Fixed,0.5181592172915627,False,RETIRE,800.0,34.5,185.83155555555555,3,False,False,False,0.0
MOD_42_00095,B_Scalar,0.5181592172915627,False,RETIRE,0.0,0.0,0.0,0,False,False,False,0.0
MOD_42_00095,C_UncertaintyThresh,0.5181592172915627,False,RETIRE,0.0,0.0,0.0,0,False,False,False,0.0
MOD_42_00095,D_RC_VOI,0.5181592172915627,False,RETIRE,0.0,0.0,0.0,0,False,False,False,0.0
MOD_42_00096,A_Fixed,0.7340315017022994,False,RETIRE,800.0,34.5,185.83155555555555,3,False,False,False,0.0
MOD_42_00096,B_Scalar,0.7340315017022994,False,RETIRE,0.0,0.0,0.0,0,False,False,False,0.0
MOD_42_00096,C_UncertaintyThresh,0.7340315017022994,False,RETIRE,20.0,1.5,18.40088888888889,1,False,False,False,0.0
MOD_42_00096,D_RC_VOI,0.7340315017022994,False,DERATE,600.0,25.0,119.86666666666667,1,False,False,False,0.0
MOD_42_00097,A_Fixed,0.7631087480042439,False,RETIRE,800.0,34.5,185.83155555555555,3,False,False,False,0.0
MOD_42_00097,B_Scalar,0.7631087480042439,False,OPERATE,0.0,0.0,0.0,0,True,False,False,0.0
MOD_42_00097,C_UncertaintyThresh,0.7631087480042439,False,RETIRE,20.0,1.5,18.40088888888889,1,False,False,False,0.0
MOD_42_00097,D_RC_VOI,0.7631087480042439,False,RETIRE,20.0,1.5,18.40088888888889,1,False,False,False,0.0
MOD_42_00098,A_Fixed,0.5194919403772557,False,RETIRE,800.0,34.5,185.83155555555555,3,False,False,False,0.0
MOD_42_00098,B_Scalar,0.5194919403772557,False,RETIRE,0.0,0.0,0.0,0,False,False,False,0.0
MOD_42_00098,C_UncertaintyThresh,0.5194919403772557,False,RETIRE,20.0,1.5,18.40088888888889,1,False,False,False,0.0
MOD_42_00098,D_RC_VOI,0.5194919403772557,False,RETIRE,20.0,1.5,18.40088888888889,1,False,False,False,0.0
MOD_42_00099,A_Fixed,0.80702373219691,True,RETIRE,800.0,34.5,185.83155555555555,3,False,True,True,0.0
MOD_42_00099,B_Scalar,0.80702373219691,True,OPERATE,0.0,0.0,0.0,0,False,False,False,0.1291237971515056
MOD_42_00099,C_UncertaintyThresh,0.80702373219691,True,RETIRE,20.0,1.5,18.40088888888889,1,False,True,True,0.0
MOD_42_00099,D_RC_VOI,0.80702373219691,True,OPERATE,600.0,25.0,119.86666666666667,1,False,False,False,0.1291237971515056
MOD_42_00100,A_Fixed,0.7658071281899435,True,RETIRE,800.0,34.5,185.83155555555555,3,False,True,True,0.0
MOD_42_00100,B_Scalar,0.7658071281899435,True,OPERATE,0.0,0.0,0.0,0,False,False,False,0.12252914051039096
MOD_42_00100,C_UncertaintyThresh,0.7658071281899435,True,OPERATE,0.0,0.0,0.0,0,False,False,False,0.12252914051039096
MOD_42_00100,D_RC_VOI,0.7658071281899435,True,RETIRE,20.0,1.5,18.40088888888889,1,False,True,True,0.0
MOD_42_00101,A_Fixed,0.7857318226085449,True,RETIRE,800.0,34.5,185.83155555555555,3,False,True,True,0.0
MOD_42_00101,B_Scalar,0.7857318226085449,True,RETIRE,0.0,0.0,0.0,0,False,True,True,0.0
MOD_42_00101,C_UncertaintyThresh,0.7857318226085449,True,RETIRE,20.0,1.5,18.40088888888889,1,False,True,True,0.0
MOD_42_00101,D_RC_VOI,0.7857318226085449,True,OPERATE,600.0,25.0,119.86666666666667,1,False,False,False,0.1257170916173672
MOD_42_00102,A_Fixed,0.8230527636089945,True,OPERATE,800.0,34.5,185.83155555555555,3,False,False,False,0.1316884421774391
MOD_42_00102,B_Scalar,0.8230527636089945,True,OPERATE,0.0,0.0,0.0,0,False,False,False,0.1316884421774391
MOD_42_00102,C_UncertaintyThresh,0.8230527636089945,True,OPERATE,0.0,0.0,0.0,0,False,False,False,0.1316884421774391
MOD_42_00102,D_RC_VOI,0.8230527636089945,True,OPERATE,0.0,0.0,0.0,0,False,False,False,0.1316884421774391
MOD_42_00103,A_Fixed,0.6316300759668118,False,RETIRE,800.0,34.5,185.83155555555555,3,False,False,False,0.0
MOD_42_00103,B_Scalar,0.6316300759668118,False,RETIRE,0.0,0.0,0.0,0,False,False,False,0.0
MOD_42_00103,C_UncertaintyThresh,0.6316300759668118,False,RETIRE,0.0,0.0,0.0,0,False,False,False,0.0
MOD_42_00103,D_RC_VOI,0.6316300759668118,False,RETIRE,20.0,1.5,18.40088888888889,1,False,False,False,0.0
MOD_42_00104,A_Fixed,0.7945393812074393,True,RETIRE,800.0,34.5,185.83155555555555,3,False,True,True,0.0
MOD_42_00104,B_Scalar,0.7945393812074393,True,OPERATE,0.0,0.0,0.0,0,False,False,False,0.12712630099319028
MOD_42_00104,C_UncertaintyThresh,0.7945393812074393,True,RETIRE,20.0,1.5,18.40088888888889,1,False,True,True,0.0
MOD_42_00104,D_RC_VOI,0.7945393812074393,True,OPERATE,600.0,25.0,119.86666666666667,1,False,False,False,0.12712630099319028
MOD_42_00105,A_Fixed,0.6093278596877478,False,RETIRE,800.0,34.5,185.83155555555555,3,False,False,False,0.0
MOD_42_00105,B_Scalar,0.6093278596877478,False,RETIRE,0.0,0.0,0.0,0,False,False,False,0.0
MOD_42_00105,C_UncertaintyThresh,0.6093278596877478,False,RETIRE,20.0,1.5,18.40088888888889,1,False,False,False,0.0
MOD_42_00105,D_RC_VOI,0.6093278596877478,False,RETIRE,600.0,25.0,119.86666666666667,1,False,False,False,0.0
MOD_42_00106,A_Fixed,0.48416976859289207,False,RETIRE,800.0,34.5,185.83155555555555,3,False,False,False,0.0
MOD_42_00106,B_Scalar,0.48416976859289207,False,RETIRE,0.0,0.0,0.0,0,False,False,False,0.0
MOD_42_00106,C_UncertaintyThresh,0.48416976859289207,False,RETIRE,20.0,1.5,18.40088888888889,1,False,False,False,0.0
MOD_42_00106,D_RC_VOI,0.48416976859289207,False,RETIRE,0.0,0.0,0.0,0,False,False,False,0.0
MOD_42_00107,A_Fixed,0.9043092950605266,True,OPERATE,800.0,34.5,185.83155555555555,3,False,False,False,0.14468948720968425
MOD_42_00107,B_Scalar,0.9043092950605266,True,OPERATE,0.0,0.0,0.0,0,False,False,False,0.14468948720968425
MOD_42_00107,C_UncertaintyThresh,0.9043092950605266,True,OPERATE,0.0,0.0,0.0,0,False,False,False,0.14468948720968425
MOD_42_00107,D_RC_VOI,0.9043092950605266,True,OPERATE,0.0,0.0,0.0,0,False,False,False,0.14468948720968425
MOD_42_00108,A_Fixed,0.7987111849756733,True,RETIRE,800.0,34.5,185.83155555555555,3,False,True,True,0.0
MOD_42_00108,B_Scalar,0.7987111849756733,True,OPERATE,0.0,0.0,0.0,0,False,False,False,0.12779378959610774
MOD_42_00108,C_UncertaintyThresh,0.7987111849756733,True,RETIRE,20.0,1.5,18.40088888888889,1,False,True,True,0.0
MOD_42_00108,D_RC_VOI,0.7987111849756733,True,OPERATE,600.0,25.0,119.86666666666667,1,False,False,False,0.12779378959610774
MOD_42_00109,A_Fixed,0.8082086980445025,True,OPERATE,800.0,34.5,185.83155555555555,3,False,False,False,0.1293133916871204
MOD_42_00109,B_Scalar,0.8082086980445025,True,OPERATE,0.0,0.0,0.0,0,False,False,False,0.1293133916871204
MOD_42_00109,C_UncertaintyThresh,0.8082086980445025,True,OPERATE,0.0,0.0,0.0,0,False,False,False,0.1293133916871204
MOD_42_00109,D_RC_VOI,0.8082086980445025,True,DERATE,20.0,1.5,18.40088888888889,1,False,False,False,0.10345071334969631
MOD_42_00110,A_Fixed,0.7342576387657068,True,RETIRE,800.0,34.5,185.83155555555555,3,False,True,True,0.0
MOD_42_00110,B_Scalar,0.7342576387657068,True,OPERATE,0.0,0.0,0.0,0,False,False,False,0.1174812222025131
MOD_42_00110,C_UncertaintyThresh,0.7342576387657068,True,RETIRE,20.0,1.5,18.40088888888889,1,False,True,True,0.0
MOD_42_00110,D_RC_VOI,0.7342576387657068,True,DERATE,600.0,25.0,119.86666666666667,1,False,False,False,0.09398497776201048
MOD_42_00111,A_Fixed,0.8549799937716626,True,OPERATE,800.0,34.5,185.83155555555555,3,False,False,False,0.136796799003466
MOD_42_00111,B_Scalar,0.8549799937716626,True,OPERATE,0.0,0.0,0.0,0,False,False,False,0.136796799003466
MOD_42_00111,C_UncertaintyThresh,0.8549799937716626,True,OPERATE,620.0,26.5,138.26755555555556,2,False,False,False,0.136796799003466
MOD_42_00111,D_RC_VOI,0.8549799937716626,True,OPERATE,600.0,25.0,119.86666666666667,1,False,False,False,0.136796799003466
MOD_42_00112,A_Fixed,0.8228775195361383,True,OPERATE,800.0,34.5,185.83155555555555,3,False,False,False,0.13166040312578214
MOD_42_00112,B_Scalar,0.8228775195361383,True,OPERATE,0.0,0.0,0.0,0,False,False,False,0.13166040312578214
MOD_42_00112,C_UncertaintyThresh,0.8228775195361383,True,RETIRE,20.0,1.5,18.40088888888889,1,False,True,True,0.0
MOD_42_00112,D_RC_VOI,0.8228775195361383,True,OPERATE,600.0,25.0,119.86666666666667,1,False,False,False,0.13166040312578214
MOD_42_00113,A_Fixed,0.8778120014285412,True,OPERATE,800.0,34.5,185.83155555555555,3,False,False,False,0.1404499202285666
MOD_42_00113,B_Scalar,0.8778120014285412,True,OPERATE,0.0,0.0,0.0,0,False,False,False,0.1404499202285666
MOD_42_00113,C_UncertaintyThresh,0.8778120014285412,True,OPERATE,620.0,26.5,138.26755555555556,2,False,False,False,0.1404499202285666
MOD_42_00113,D_RC_VOI,0.8778120014285412,True,OPERATE,600.0,25.0,119.86666666666667,1,False,False,False,0.1404499202285666
MOD_42_00114,A_Fixed,0.5375599081911577,False,RETIRE,800.0,34.5,185.83155555555555,3,False,False,False,0.0
MOD_42_00114,B_Scalar,0.5375599081911577,False,RETIRE,0.0,0.0,0.0,0,False,False,False,0.0
MOD_42_00114,C_UncertaintyThresh,0.5375599081911577,False,RETIRE,20.0,1.5,18.40088888888889,1,False,False,False,0.0
MOD_42_00114,D_RC_VOI,0.5375599081911577,False,RETIRE,600.0,25.0,119.86666666666667,1,False,False,False,0.0
MOD_42_00115,A_Fixed,0.7865262807032525,False,RETIRE,800.0,34.5,185.83155555555555,3,False,False,False,0.0
MOD_42_00115,B_Scalar,0.7865262807032525,False,OPERATE,0.0,0.0,0.0,0,True,False,False,0.0
MOD_42_00115,C_UncertaintyThresh,0.7865262807032525,False,RETIRE,20.0,1.5,18.40088888888889,1,False,False,False,0.0
MOD_42_00115,D_RC_VOI,0.7865262807032525,False,OPERATE,600.0,25.0,119.86666666666667,1,True,False,False,0.0
MOD_42_00116,A_Fixed,0.5569073088863888,False,RETIRE,800.0,34.5,185.83155555555555,3,False,False,False,0.0
MOD_42_00116,B_Scalar,0.5569073088863888,False,RETIRE,0.0,0.0,0.0,0,False,False,False,0.0
MOD_42_00116,C_UncertaintyThresh,0.5569073088863888,False,RETIRE,20.0,1.5,18.40088888888889,1,False,False,False,0.0
MOD_42_00116,D_RC_VOI,0.5569073088863888,False,RETIRE,0.0,0.0,0.0,0,False,False,False,0.0
MOD_42_00117,A_Fixed,0.8495515973521524,True,OPERATE,800.0,34.5,185.83155555555555,3,False,False,False,0.1359282555763444
MOD_42_00117,B_Scalar,0.8495515973521524,True,OPERATE,0.0,0.0,0.0,0,False,False,False,0.1359282555763444
MOD_42_00117,C_UncertaintyThresh,0.8495515973521524,True,OPERATE,0.0,0.0,0.0,0,False,False,False,0.1359282555763444
MOD_42_00117,D_RC_VOI,0.8495515973521524,True,OPERATE,620.0,26.5,138.26755555555556,2,False,False,False,0.1359282555763444
MOD_42_00118,A_Fixed,0.5388906466130645,False,RETIRE,800.0,34.5,185.83155555555555,3,False,False,False,0.0
MOD_42_00118,B_Scalar,0.5388906466130645,False,RETIRE,0.0,0.0,0.0,0,False,False,False,0.0
MOD_42_00118,C_UncertaintyThresh,0.5388906466130645,False,RETIRE,0.0,0.0,0.0,0,False,False,False,0.0
MOD_42_00118,D_RC_VOI,0.5388906466130645,False,RETIRE,0.0,0.0,0.0,0,False,False,False,0.0
MOD_42_00119,A_Fixed,0.5110972638937389,False,RETIRE,800.0,34.5,185.83155555555555,3,False,False,False,0.0
MOD_42_00119,B_Scalar,0.5110972638937389,False,RETIRE,0.0,0.0,0.0,0,False,False,False,0.0
MOD_42_00119,C_UncertaintyThresh,0.5110972638937389,False,RETIRE,0.0,0.0,0.0,0,False,False,False,0.0
MOD_42_00119,D_RC_VOI,0.5110972638937389,False,RETIRE,0.0,0.0,0.0,0,False,False,False,0.0
MOD_42_00120,A_Fixed,0.8528199397161736,True,OPERATE,800.0,34.5,185.83155555555555,3,False,False,False,0.13645119035458778
MOD_42_00120,B_Scalar,0.8528199397161736,True,OPERATE,0.0,0.0,0.0,0,False,False,False,0.13645119035458778
MOD_42_00120,C_UncertaintyThresh,0.8528199397161736,True,OPERATE,0.0,0.0,0.0,0,False,False,False,0.13645119035458778
MOD_42_00120,D_RC_VOI,0.8528199397161736,True,OPERATE,0.0,0.0,0.0,0,False,False,False,0.13645119035458778
MOD_42_00121,A_Fixed,0.7689658840824145,True,RETIRE,800.0,34.5,185.83155555555555,3,False,True,True,0.0
MOD_42_00121,B_Scalar,0.7689658840824145,True,OPERATE,0.0,0.0,0.0,0,False,False,False,0.12303454145318632
MOD_42_00121,C_UncertaintyThresh,0.7689658840824145,True,RETIRE,20.0,1.5,18.40088888888889,1,False,True,True,0.0
MOD_42_00121,D_RC_VOI,0.7689658840824145,True,OPERATE,600.0,25.0,119.86666666666667,1,False,False,False,0.12303454145318632
MOD_42_00122,A_Fixed,0.7564553750969445,True,RETIRE,800.0,34.5,185.83155555555555,3,False,True,True,0.0
MOD_42_00122,B_Scalar,0.7564553750969445,True,OPERATE,0.0,0.0,0.0,0,False,False,False,0.12103286001551113
MOD_42_00122,C_UncertaintyThresh,0.7564553750969445,True,RETIRE,20.0,1.5,18.40088888888889,1,False,True,True,0.0
MOD_42_00122,D_RC_VOI,0.7564553750969445,True,OPERATE,600.0,25.0,119.86666666666667,1,False,False,False,0.12103286001551113
MOD_42_00123,A_Fixed,0.8457000247046047,True,OPERATE,800.0,34.5,185.83155555555555,3,False,False,False,0.13531200395273676
MOD_42_00123,B_Scalar,0.8457000247046047,True,OPERATE,0.0,0.0,0.0,0,False,False,False,0.13531200395273676
MOD_42_00123,C_UncertaintyThresh,0.8457000247046047,True,OPERATE,620.0,26.5,138.26755555555556,2,False,False,False,0.13531200395273676
MOD_42_00123,D_RC_VOI,0.8457000247046047,True,OPERATE,600.0,25.0,119.86666666666667,1,False,False,False,0.13531200395273676
MOD_42_00124,A_Fixed,0.8265631715701782,True,OPERATE,800.0,34.5,185.83155555555555,3,False,False,False,0.1322501074512285
MOD_42_00124,B_Scalar,0.8265631715701782,True,OPERATE,0.0,0.0,0.0,0,False,False,False,0.1322501074512285
MOD_42_00124,C_UncertaintyThresh,0.8265631715701782,True,OPERATE,0.0,0.0,0.0,0,False,False,False,0.1322501074512285
MOD_42_00124,D_RC_VOI,0.8265631715701782,True,OPERATE,20.0,1.5,18.40088888888889,1,False,False,False,0.1322501074512285
MOD_42_00125,A_Fixed,0.8428276804316915,True,OPERATE,800.0,34.5,185.83155555555555,3,False,False,False,0.13485242886907065
MOD_42_00125,B_Scalar,0.8428276804316915,True,OPERATE,0.0,0.0,0.0,0,False,False,False,0.13485242886907065
MOD_42_00125,C_UncertaintyThresh,0.8428276804316915,True,OPERATE,620.0,26.5,138.26755555555556,2,False,False,False,0.13485242886907065
MOD_42_00125,D_RC_VOI,0.8428276804316915,True,OPERATE,600.0,25.0,119.86666666666667,1,False,False,False,0.13485242886907065
MOD_42_00126,A_Fixed,0.6679021481589752,False,RETIRE,800.0,34.5,185.83155555555555,3,False,False,False,0.0
MOD_42_00126,B_Scalar,0.6679021481589752,False,RETIRE,0.0,0.0,0.0,0,False,False,False,0.0
MOD_42_00126,C_UncertaintyThresh,0.6679021481589752,False,RETIRE,20.0,1.5,18.40088888888889,1,False,False,False,0.0
MOD_42_00126,D_RC_VOI,0.6679021481589752,False,DERATE,600.0,25.0,119.86666666666667,1,False,False,False,0.0
MOD_42_00127,A_Fixed,0.8042631779266551,True,RETIRE,800.0,34.5,185.83155555555555,3,False,True,True,0.0
MOD_42_00127,B_Scalar,0.8042631779266551,True,OPERATE,0.0,0.0,0.0,0,False,False,False,0.12868210846826483
MOD_42_00127,C_UncertaintyThresh,0.8042631779266551,True,RETIRE,20.0,1.5,18.40088888888889,1,False,True,True,0.0
MOD_42_00127,D_RC_VOI,0.8042631779266551,True,OPERATE,600.0,25.0,119.86666666666667,1,False,False,False,0.12868210846826483
MOD_42_00128,A_Fixed,0.7265167012683482,True,RETIRE,800.0,34.5,185.83155555555555,3,False,True,True,0.0
MOD_42_00128,B_Scalar,0.7265167012683482,True,RETIRE,0.0,0.0,0.0,0,False,True,True,0.0
MOD_42_00128,C_UncertaintyThresh,0.7265167012683482,True,RETIRE,20.0,1.5,18.40088888888889,1,False,True,True,0.0
MOD_42_00128,D_RC_VOI,0.7265167012683482,True,DERATE,600.0,25.0,119.86666666666667,1,False,False,False,0.09299413776234858
MOD_42_00129,A_Fixed,0.7387625906893273,False,RETIRE,800.0,34.5,185.83155555555555,3,False,False,False,0.0
MOD_42_00129,B_Scalar,0.7387625906893273,False,OPERATE,0.0,0.0,0.0,0,True,False,False,0.0
MOD_42_00129,C_UncertaintyThresh,0.7387625906893273,False,RETIRE,20.0,1.5,18.40088888888889,1,False,False,False,0.0
MOD_42_00129,D_RC_VOI,0.7387625906893273,False,OPERATE,600.0,25.0,119.86666666666667,1,True,False,False,0.0
MOD_42_00130,A_Fixed,0.818728890641592,True,OPERATE,800.0,34.5,185.83155555555555,3,False,False,False,0.13099662250265473
MOD_42_00130,B_Scalar,0.818728890641592,True,OPERATE,0.0,0.0,0.0,0,False,False,False,0.13099662250265473
MOD_42_00130,C_UncertaintyThresh,0.818728890641592,True,OPERATE,0.0,0.0,0.0,0,False,False,False,0.13099662250265473
MOD_42_00130,D_RC_VOI,0.818728890641592,True,OPERATE,0.0,0.0,0.0,0,False,False,False,0.13099662250265473
MOD_42_00131,A_Fixed,0.8439798874467338,True,OPERATE,800.0,34.5,185.83155555555555,3,False,False,False,0.13503678199147742
MOD_42_00131,B_Scalar,0.8439798874467338,True,OPERATE,0.0,0.0,0.0,0,False,False,False,0.13503678199147742
MOD_42_00131,C_UncertaintyThresh,0.8439798874467338,True,OPERATE,0.0,0.0,0.0,0,False,False,False,0.13503678199147742
MOD_42_00131,D_RC_VOI,0.8439798874467338,True,OPERATE,600.0,25.0,119.86666666666667,1,False,False,False,0.13503678199147742
MOD_42_00132,A_Fixed,0.8102556728321231,True,OPERATE,800.0,34.5,185.83155555555555,3,False,False,False,0.12964090765313968
MOD_42_00132,B_Scalar,0.8102556728321231,True,OPERATE,0.0,0.0,0.0,0,False,False,False,0.12964090765313968
MOD_42_00132,C_UncertaintyThresh,0.8102556728321231,True,RETIRE,20.0,1.5,18.40088888888889,1,False,True,True,0.0
MOD_42_00132,D_RC_VOI,0.8102556728321231,True,OPERATE,600.0,25.0,119.86666666666667,1,False,False,False,0.12964090765313968
MOD_42_00133,A_Fixed,0.7761538999847021,True,RETIRE,800.0,34.5,185.83155555555555,3,False,True,True,0.0
MOD_42_00133,B_Scalar,0.7761538999847021,True,OPERATE,0.0,0.0,0.0,0,False,False,False,0.12418462399755234
MOD_42_00133,C_UncertaintyThresh,0.7761538999847021,True,RETIRE,20.0,1.5,18.40088888888889,1,False,True,True,0.0
MOD_42_00133,D_RC_VOI,0.7761538999847021,True,OPERATE,600.0,25.0,119.86666666666667,1,False,False,False,0.12418462399755234
MOD_42_00134,A_Fixed,0.8204431797502378,True,OPERATE,800.0,34.5,185.83155555555555,3,False,False,False,0.13127090876003805
MOD_42_00134,B_Scalar,0.8204431797502378,True,OPERATE,0.0,0.0,0.0,0,False,False,False,0.13127090876003805
MOD_42_00134,C_UncertaintyThresh,0.8204431797502378,True,RETIRE,20.0,1.5,18.40088888888889,1,False,True,True,0.0
MOD_42_00134,D_RC_VOI,0.8204431797502378,True,OPERATE,600.0,25.0,119.86666666666667,1,False,False,False,0.13127090876003805
MOD_42_00135,A_Fixed,0.44372940485158757,False,RETIRE,800.0,34.5,185.83155555555555,3,False,False,False,0.0
MOD_42_00135,B_Scalar,0.44372940485158757,False,RETIRE,0.0,0.0,0.0,0,False,False,False,0.0
MOD_42_00135,C_UncertaintyThresh,0.44372940485158757,False,RETIRE,0.0,0.0,0.0,0,False,False,False,0.0
MOD_42_00135,D_RC_VOI,0.44372940485158757,False,RETIRE,0.0,0.0,0.0,0,False,False,False,0.0
MOD_42_00136,A_Fixed,0.6695659929147662,False,RETIRE,800.0,34.5,185.83155555555555,3,False,False,False,0.0
MOD_42_00136,B_Scalar,0.6695659929147662,False,OPERATE,0.0,0.0,0.0,0,True,False,False,0.0
MOD_42_00136,C_UncertaintyThresh,0.6695659929147662,False,RETIRE,20.0,1.5,18.40088888888889,1,False,False,False,0.0
MOD_42_00136,D_RC_VOI,0.6695659929147662,False,DERATE,600.0,25.0,119.86666666666667,1,False,False,False,0.0
MOD_42_00137,A_Fixed,0.8671411407257511,True,OPERATE,800.0,34.5,185.83155555555555,3,False,False,False,0.13874258251612018
MOD_42_00137,B_Scalar,0.8671411407257511,True,OPERATE,0.0,0.0,0.0,0,False,False,False,0.13874258251612018
MOD_42_00137,C_UncertaintyThresh,0.8671411407257511,True,OPERATE,0.0,0.0,0.0,0,False,False,False,0.13874258251612018
MOD_42_00137,D_RC_VOI,0.8671411407257511,True,OPERATE,600.0,25.0,119.86666666666667,1,False,False,False,0.13874258251612018
MOD_42_00138,A_Fixed,0.5326742888931335,False,RETIRE,800.0,34.5,185.83155555555555,3,False,False,False,0.0
MOD_42_00138,B_Scalar,0.5326742888931335,False,RETIRE,0.0,0.0,0.0,0,False,False,False,0.0
MOD_42_00138,C_UncertaintyThresh,0.5326742888931335,False,RETIRE,0.0,0.0,0.0,0,False,False,False,0.0
MOD_42_00138,D_RC_VOI,0.5326742888931335,False,RETIRE,0.0,0.0,0.0,0,False,False,False,0.0
MOD_42_00139,A_Fixed,0.8253649760438305,False,OPERATE,800.0,34.5,185.83155555555555,3,True,False,False,0.0
MOD_42_00139,B_Scalar,0.8253649760438305,False,OPERATE,0.0,0.0,0.0,0,True,False,False,0.0
MOD_42_00139,C_UncertaintyThresh,0.8253649760438305,False,OPERATE,0.0,0.0,0.0,0,True,False,False,0.0
MOD_42_00139,D_RC_VOI,0.8253649760438305,False,OPERATE,620.0,26.5,138.26755555555556,2,True,False,False,0.0
MOD_42_00140,A_Fixed,0.5638245878052884,False,RETIRE,800.0,34.5,185.83155555555555,3,False,False,False,0.0
MOD_42_00140,B_Scalar,0.5638245878052884,False,RETIRE,0.0,0.0,0.0,0,False,False,False,0.0
MOD_42_00140,C_UncertaintyThresh,0.5638245878052884,False,RETIRE,20.0,1.5,18.40088888888889,1,False,False,False,0.0
MOD_42_00140,D_RC_VOI,0.5638245878052884,False,RETIRE,600.0,25.0,119.86666666666667,1,False,False,False,0.0
MOD_42_00141,A_Fixed,0.8278893680174142,True,OPERATE,800.0,34.5,185.83155555555555,3,False,False,False,0.13246229888278627
MOD_42_00141,B_Scalar,0.8278893680174142,True,OPERATE,0.0,0.0,0.0,0,False,False,False,0.13246229888278627
MOD_42_00141,C_UncertaintyThresh,0.8278893680174142,True,RETIRE,20.0,1.5,18.40088888888889,1,False,True,True,0.0
MOD_42_00141,D_RC_VOI,0.8278893680174142,True,OPERATE,600.0,25.0,119.86666666666667,1,False,False,False,0.13246229888278627
MOD_42_00142,A_Fixed,0.8030867849414408,True,OPERATE,800.0,34.5,185.83155555555555,3,False,False,False,0.12849388559063052
MOD_42_00142,B_Scalar,0.8030867849414408,True,OPERATE,0.0,0.0,0.0,0,False,False,False,0.12849388559063052
MOD_42_00142,C_UncertaintyThresh,0.8030867849414408,True,OPERATE,0.0,0.0,0.0,0,False,False,False,0.12849388559063052
MOD_42_00142,D_RC_VOI,0.8030867849414408,True,RETIRE,20.0,1.5,18.40088888888889,1,False,True,True,0.0
MOD_42_00143,A_Fixed,0.8278556285755874,True,OPERATE,800.0,34.5,185.83155555555555,3,False,False,False,0.13245690057209397
MOD_42_00143,B_Scalar,0.8278556285755874,True,OPERATE,0.0,0.0,0.0,0,False,False,False,0.13245690057209397
MOD_42_00143,C_UncertaintyThresh,0.8278556285755874,True,DERATE,20.0,1.5,18.40088888888889,1,False,False,False,0.10596552045767518
MOD_42_00143,D_RC_VOI,0.8278556285755874,True,DERATE,0.0,0.0,0.0,0,False,False,False,0.10596552045767518
MOD_42_00144,A_Fixed,0.7769106767615807,True,RETIRE,800.0,34.5,185.83155555555555,3,False,True,True,0.0
MOD_42_00144,B_Scalar,0.7769106767615807,True,OPERATE,0.0,0.0,0.0,0,False,False,False,0.1243057082818529
MOD_42_00144,C_UncertaintyThresh,0.7769106767615807,True,OPERATE,0.0,0.0,0.0,0,False,False,False,0.1243057082818529
MOD_42_00144,D_RC_VOI,0.7769106767615807,True,DERATE,620.0,26.5,138.26755555555556,2,False,False,False,0.09944456662548233
MOD_42_00145,A_Fixed,0.629133336003474,False,RETIRE,800.0,34.5,185.83155555555555,3,False,False,False,0.0
MOD_42_00145,B_Scalar,0.629133336003474,False,RETIRE,0.0,0.0,0.0,0,False,False,False,0.0
MOD_42_00145,C_UncertaintyThresh,0.629133336003474,False,RETIRE,20.0,1.5,18.40088888888889,1,False,False,False,0.0
MOD_42_00145,D_RC_VOI,0.629133336003474,False,RETIRE,20.0,1.5,18.40088888888889,1,False,False,False,0.0
MOD_42_00146,A_Fixed,0.44294923767272976,False,RETIRE,800.0,34.5,185.83155555555555,3,False,False,False,0.0
MOD_42_00146,B_Scalar,0.44294923767272976,False,RETIRE,0.0,0.0,0.0,0,False,False,False,0.0
MOD_42_00146,C_UncertaintyThresh,0.44294923767272976,False,RETIRE,0.0,0.0,0.0,0,False,False,False,0.0
MOD_42_00146,D_RC_VOI,0.44294923767272976,False,RETIRE,0.0,0.0,0.0,0,False,False,False,0.0
MOD_42_00147,A_Fixed,0.5784787033677848,False,RETIRE,800.0,34.5,185.83155555555555,3,False,False,False,0.0
MOD_42_00147,B_Scalar,0.5784787033677848,False,RETIRE,0.0,0.0,0.0,0,False,False,False,0.0
MOD_42_00147,C_UncertaintyThresh,0.5784787033677848,False,RETIRE,20.0,1.5,18.40088888888889,1,False,False,False,0.0
MOD_42_00147,D_RC_VOI,0.5784787033677848,False,RETIRE,600.0,25.0,119.86666666666667,1,False,False,False,0.0
MOD_42_00148,A_Fixed,0.5962770908693779,False,RETIRE,800.0,34.5,185.83155555555555,3,False,False,False,0.0
MOD_42_00148,B_Scalar,0.5962770908693779,False,RETIRE,0.0,0.0,0.0,0,False,False,False,0.0
MOD_42_00148,C_UncertaintyThresh,0.5962770908693779,False,RETIRE,20.0,1.5,18.40088888888889,1,False,False,False,0.0
MOD_42_00148,D_RC_VOI,0.5962770908693779,False,RETIRE,20.0,1.5,18.40088888888889,1,False,False,False,0.0
MOD_42_00149,A_Fixed,0.748152464456096,False,RETIRE,800.0,34.5,185.83155555555555,3,False,False,False,0.0
MOD_42_00149,B_Scalar,0.748152464456096,False,RETIRE,0.0,0.0,0.0,0,False,False,False,0.0
MOD_42_00149,C_UncertaintyThresh,0.748152464456096,False,RETIRE,20.0,1.5,18.40088888888889,1,False,False,False,0.0
MOD_42_00149,D_RC_VOI,0.748152464456096,False,DERATE,600.0,25.0,119.86666666666667,1,False,False,False,0.0
MOD_42_00150,A_Fixed,0.7695753198553407,True,RETIRE,800.0,34.5,185.83155555555555,3,False,True,True,0.0
MOD_42_00150,B_Scalar,0.7695753198553407,True,OPERATE,0.0,0.0,0.0,0,False,False,False,0.12313205117685451
MOD_42_00150,C_UncertaintyThresh,0.7695753198553407,True,RETIRE,20.0,1.5,18.40088888888889,1,False,True,True,0.0
MOD_42_00150,D_RC_VOI,0.7695753198553407,True,OPERATE,600.0,25.0,119.86666666666667,1,False,False,False,0.12313205117685451
MOD_42_00151,A_Fixed,0.8225246425172938,False,RETIRE,800.0,34.5,185.83155555555555,3,False,False,False,0.0
MOD_42_00151,B_Scalar,0.8225246425172938,False,OPERATE,0.0,0.0,0.0,0,True,False,False,0.0
MOD_42_00151,C_UncertaintyThresh,0.8225246425172938,False,RETIRE,20.0,1.5,18.40088888888889,1,False,False,False,0.0
MOD_42_00151,D_RC_VOI,0.8225246425172938,False,RETIRE,20.0,1.5,18.40088888888889,1,False,False,False,0.0
MOD_42_00152,A_Fixed,0.8246536236649341,True,OPERATE,800.0,34.5,185.83155555555555,3,False,False,False,0.13194457978638946
MOD_42_00152,B_Scalar,0.8246536236649341,True,OPERATE,0.0,0.0,0.0,0,False,False,False,0.13194457978638946
MOD_42_00152,C_UncertaintyThresh,0.8246536236649341,True,RETIRE,20.0,1.5,18.40088888888889,1,False,True,True,0.0
MOD_42_00152,D_RC_VOI,0.8246536236649341,True,OPERATE,600.0,25.0,119.86666666666667,1,False,False,False,0.13194457978638946
MOD_42_00153,A_Fixed,0.8882321827907004,True,OPERATE,800.0,34.5,185.83155555555555,3,False,False,False,0.14211714924651206
MOD_42_00153,B_Scalar,0.8882321827907004,True,OPERATE,0.0,0.0,0.0,0,False,False,False,0.14211714924651206
MOD_42_00153,C_UncertaintyThresh,0.8882321827907004,True,OPERATE,0.0,0.0,0.0,0,False,False,False,0.14211714924651206
MOD_42_00153,D_RC_VOI,0.8882321827907004,True,OPERATE,600.0,25.0,119.86666666666667,1,False,False,False,0.14211714924651206
MOD_42_00154,A_Fixed,0.8889606407753696,True,OPERATE,800.0,34.5,185.83155555555555,3,False,False,False,0.14223370252405915
MOD_42_00154,B_Scalar,0.8889606407753696,True,OPERATE,0.0,0.0,0.0,0,False,False,False,0.14223370252405915
MOD_42_00154,C_UncertaintyThresh,0.8889606407753696,True,OPERATE,0.0,0.0,0.0,0,False,False,False,0.14223370252405915
MOD_42_00154,D_RC_VOI,0.8889606407753696,True,OPERATE,0.0,0.0,0.0,0,False,False,False,0.14223370252405915
MOD_42_00155,A_Fixed,0.7857882963566875,True,RETIRE,800.0,34.5,185.83155555555555,3,False,True,True,0.0
MOD_42_00155,B_Scalar,0.7857882963566875,True,OPERATE,0.0,0.0,0.0,0,False,False,False,0.12572612741706998
MOD_42_00155,C_UncertaintyThresh,0.7857882963566875,True,RETIRE,20.0,1.5,18.40088888888889,1,False,True,True,0.0
MOD_42_00155,D_RC_VOI,0.7857882963566875,True,OPERATE,600.0,25.0,119.86666666666667,1,False,False,False,0.12572612741706998
MOD_42_00156,A_Fixed,0.664673958947967,False,RETIRE,800.0,34.5,185.83155555555555,3,False,False,False,0.0
MOD_42_00156,B_Scalar,0.664673958947967,False,RETIRE,0.0,0.0,0.0,0,False,False,False,0.0
MOD_42_00156,C_UncertaintyThresh,0.664673958947967,False,RETIRE,20.0,1.5,18.40088888888889,1,False,False,False,0.0
MOD_42_00156,D_RC_VOI,0.664673958947967,False,DERATE,600.0,25.0,119.86666666666667,1,False,False,False,0.0
MOD_42_00157,A_Fixed,0.8357523843153024,True,OPERATE,800.0,34.5,185.83155555555555,3,False,False,False,0.13372038149044838
MOD_42_00157,B_Scalar,0.8357523843153024,True,OPERATE,0.0,0.0,0.0,0,False,False,False,0.13372038149044838
MOD_42_00157,C_UncertaintyThresh,0.8357523843153024,True,OPERATE,620.0,26.5,138.26755555555556,2,False,False,False,0.13372038149044838
MOD_42_00157,D_RC_VOI,0.8357523843153024,True,OPERATE,600.0,25.0,119.86666666666667,1,False,False,False,0.13372038149044838
MOD_42_00158,A_Fixed,0.7740077895802646,True,RETIRE,800.0,34.5,185.83155555555555,3,False,True,True,0.0
MOD_42_00158,B_Scalar,0.7740077895802646,True,RETIRE,0.0,0.0,0.0,0,False,True,True,0.0
MOD_42_00158,C_UncertaintyThresh,0.7740077895802646,True,RETIRE,20.0,1.5,18.40088888888889,1,False,True,True,0.0
MOD_42_00158,D_RC_VOI,0.7740077895802646,True,OPERATE,600.0,25.0,119.86666666666667,1,False,False,False,0.12384124633284234
MOD_42_00159,A_Fixed,0.8475966516343387,True,OPERATE,800.0,34.5,185.83155555555555,3,False,False,False,0.1356154642614942
MOD_42_00159,B_Scalar,0.8475966516343387,True,OPERATE,0.0,0.0,0.0,0,False,False,False,0.1356154642614942
MOD_42_00159,C_UncertaintyThresh,0.8475966516343387,True,OPERATE,620.0,26.5,138.26755555555556,2,False,False,False,0.1356154642614942
MOD_42_00159,D_RC_VOI,0.8475966516343387,True,OPERATE,600.0,25.0,119.86666666666667,1,False,False,False,0.1356154642614942
MOD_42_00160,A_Fixed,0.8412833673882504,True,OPERATE,800.0,34.5,185.83155555555555,3,False,False,False,0.13460533878212005
MOD_42_00160,B_Scalar,0.8412833673882504,True,OPERATE,0.0,0.0,0.0,0,False,False,False,0.13460533878212005
MOD_42_00160,C_UncertaintyThresh,0.8412833673882504,True,OPERATE,0.0,0.0,0.0,0,False,False,False,0.13460533878212005
MOD_42_00160,D_RC_VOI,0.8412833673882504,True,OPERATE,0.0,0.0,0.0,0,False,False,False,0.13460533878212005
MOD_42_00161,A_Fixed,0.8626901026017452,False,RETIRE,800.0,34.5,185.83155555555555,3,False,False,False,0.0
MOD_42_00161,B_Scalar,0.8626901026017452,False,OPERATE,0.0,0.0,0.0,0,True,False,False,0.0
MOD_42_00161,C_UncertaintyThresh,0.8626901026017452,False,RETIRE,20.0,1.5,18.40088888888889,1,False,False,False,0.0
MOD_42_00161,D_RC_VOI,0.8626901026017452,False,RETIRE,20.0,1.5,18.40088888888889,1,False,False,False,0.0
MOD_42_00162,A_Fixed,0.8982727120140549,True,OPERATE,800.0,34.5,185.83155555555555,3,False,False,False,0.1437236339222488
MOD_42_00162,B_Scalar,0.8982727120140549,True,OPERATE,0.0,0.0,0.0,0,False,False,False,0.1437236339222488
MOD_42_00162,C_UncertaintyThresh,0.8982727120140549,True,OPERATE,0.0,0.0,0.0,0,False,False,False,0.1437236339222488
MOD_42_00162,D_RC_VOI,0.8982727120140549,True,OPERATE,0.0,0.0,0.0,0,False,False,False,0.1437236339222488
MOD_42_00163,A_Fixed,0.7368242525933941,True,RETIRE,800.0,34.5,185.83155555555555,3,False,True,True,0.0
MOD_42_00163,B_Scalar,0.7368242525933941,True,OPERATE,0.0,0.0,0.0,0,False,False,False,0.11789188041494306
MOD_42_00163,C_UncertaintyThresh,0.7368242525933941,True,RETIRE,20.0,1.5,18.40088888888889,1,False,True,True,0.0
MOD_42_00163,D_RC_VOI,0.7368242525933941,True,RETIRE,20.0,1.5,18.40088888888889,1,False,True,True,0.0
MOD_42_00164,A_Fixed,0.7300936671372709,True,RETIRE,800.0,34.5,185.83155555555555,3,False,True,True,0.0
MOD_42_00164,B_Scalar,0.7300936671372709,True,OPERATE,0.0,0.0,0.0,0,False,False,False,0.11681498674196333
MOD_42_00164,C_UncertaintyThresh,0.7300936671372709,True,RETIRE,20.0,1.5,18.40088888888889,1,False,True,True,0.0
MOD_42_00164,D_RC_VOI,0.7300936671372709,True,DERATE,600.0,25.0,119.86666666666667,1,False,False,False,0.09345198939357068
MOD_42_00165,A_Fixed,0.7988268607337075,True,RETIRE,800.0,34.5,185.83155555555555,3,False,True,True,0.0
MOD_42_00165,B_Scalar,0.7988268607337075,True,OPERATE,0.0,0.0,0.0,0,False,False,False,0.1278122977173932
MOD_42_00165,C_UncertaintyThresh,0.7988268607337075,True,RETIRE,20.0,1.5,18.40088888888889,1,False,True,True,0.0
MOD_42_00165,D_RC_VOI,0.7988268607337075,True,OPERATE,600.0,25.0,119.86666666666667,1,False,False,False,0.1278122977173932
MOD_42_00166,A_Fixed,0.8122785919951907,True,OPERATE,800.0,34.5,185.83155555555555,3,False,False,False,0.1299645747192305
MOD_42_00166,B_Scalar,0.8122785919951907,True,OPERATE,0.0,0.0,0.0,0,False,False,False,0.1299645747192305
MOD_42_00166,C_UncertaintyThresh,0.8122785919951907,True,RETIRE,20.0,1.5,18.40088888888889,1,False,True,True,0.0
MOD_42_00166,D_RC_VOI,0.8122785919951907,True,OPERATE,600.0,25.0,119.86666666666667,1,False,False,False,0.1299645747192305
MOD_42_00167,A_Fixed,0.6298279945877998,False,RETIRE,800.0,34.5,185.83155555555555,3,False,False,False,0.0
MOD_42_00167,B_Scalar,0.6298279945877998,False,RETIRE,0.0,0.0,0.0,0,False,False,False,0.0
MOD_42_00167,C_UncertaintyThresh,0.6298279945877998,False,RETIRE,20.0,1.5,18.40088888888889,1,False,False,False,0.0
MOD_42_00167,D_RC_VOI,0.6298279945877998,False,RETIRE,600.0,25.0,119.86666666666667,1,False,False,False,0.0
MOD_42_00168,A_Fixed,0.5697665926815386,False,RETIRE,10.0,0.05,0.6944444444444444,1,False,False,False,0.0
MOD_42_00168,B_Scalar,0.5697665926815386,False,RETIRE,10.0,0.05,0.6944444444444444,1,False,False,False,0.0
MOD_42_00168,C_UncertaintyThresh,0.5697665926815386,False,RETIRE,10.0,0.05,0.6944444444444444,1,False,False,False,0.0
MOD_42_00168,D_RC_VOI,0.5697665926815386,False,RETIRE,10.0,0.05,0.6944444444444444,1,False,False,False,0.0
MOD_42_00169,A_Fixed,0.8156758672625625,True,OPERATE,800.0,34.5,185.83155555555555,3,False,False,False,0.13050813876201
MOD_42_00169,B_Scalar,0.8156758672625625,True,OPERATE,0.0,0.0,0.0,0,False,False,False,0.13050813876201
MOD_42_00169,C_UncertaintyThresh,0.8156758672625625,True,OPERATE,0.0,0.0,0.0,0,False,False,False,0.13050813876201
MOD_42_00169,D_RC_VOI,0.8156758672625625,True,DERATE,20.0,1.5,18.40088888888889,1,False,False,False,0.10440651100960802
MOD_42_00170,A_Fixed,0.8270575987408323,True,OPERATE,800.0,34.5,185.83155555555555,3,False,False,False,0.13232921579853316
MOD_42_00170,B_Scalar,0.8270575987408323,True,OPERATE,0.0,0.0,0.0,0,False,False,False,0.13232921579853316
MOD_42_00170,C_UncertaintyThresh,0.8270575987408323,True,RETIRE,20.0,1.5,18.40088888888889,1,False,True,True,0.0
MOD_42_00170,D_RC_VOI,0.8270575987408323,True,OPERATE,600.0,25.0,119.86666666666667,1,False,False,False,0.13232921579853316
MOD_42_00171,A_Fixed,0.8405838144420434,True,OPERATE,800.0,34.5,185.83155555555555,3,False,False,False,0.13449341031072695
MOD_42_00171,B_Scalar,0.8405838144420434,True,OPERATE,0.0,0.0,0.0,0,False,False,False,0.13449341031072695
MOD_42_00171,C_UncertaintyThresh,0.8405838144420434,True,OPERATE,620.0,26.5,138.26755555555556,2,False,False,False,0.13449341031072695
MOD_42_00171,D_RC_VOI,0.8405838144420434,True,OPERATE,600.0,25.0,119.86666666666667,1,False,False,False,0.13449341031072695
MOD_42_00172,A_Fixed,0.8869018283232986,True,OPERATE,800.0,34.5,185.83155555555555,3,False,False,False,0.14190429253172776
MOD_42_00172,B_Scalar,0.8869018283232986,True,OPERATE,0.0,0.0,0.0,0,False,False,False,0.14190429253172776
MOD_42_00172,C_UncertaintyThresh,0.8869018283232986,True,OPERATE,0.0,0.0,0.0,0,False,False,False,0.14190429253172776
MOD_42_00172,D_RC_VOI,0.8869018283232986,True,OPERATE,620.0,26.5,138.26755555555556,2,False,False,False,0.14190429253172776
MOD_42_00173,A_Fixed,0.5142223683546855,False,RETIRE,800.0,34.5,185.83155555555555,3,False,False,False,0.0
MOD_42_00173,B_Scalar,0.5142223683546855,False,RETIRE,0.0,0.0,0.0,0,False,False,False,0.0
MOD_42_00173,C_UncertaintyThresh,0.5142223683546855,False,RETIRE,20.0,1.5,18.40088888888889,1,False,False,False,0.0
MOD_42_00173,D_RC_VOI,0.5142223683546855,False,RETIRE,20.0,1.5,18.40088888888889,1,False,False,False,0.0
MOD_42_00174,A_Fixed,0.7680391238388681,True,RETIRE,800.0,34.5,185.83155555555555,3,False,True,True,0.0
MOD_42_00174,B_Scalar,0.7680391238388681,True,OPERATE,0.0,0.0,0.0,0,False,False,False,0.1228862598142189
MOD_42_00174,C_UncertaintyThresh,0.7680391238388681,True,RETIRE,20.0,1.5,18.40088888888889,1,False,True,True,0.0
MOD_42_00174,D_RC_VOI,0.7680391238388681,True,OPERATE,600.0,25.0,119.86666666666667,1,False,False,False,0.1228862598142189
MOD_42_00175,A_Fixed,0.85062629111971,True,OPERATE,800.0,34.5,185.83155555555555,3,False,False,False,0.13610020657915362
MOD_42_00175,B_Scalar,0.85062629111971,True,OPERATE,0.0,0.0,0.0,0,False,False,False,0.13610020657915362
MOD_42_00175,C_UncertaintyThresh,0.85062629111971,True,OPERATE,0.0,0.0,0.0,0,False,False,False,0.13610020657915362
MOD_42_00175,D_RC_VOI,0.85062629111971,True,OPERATE,0.0,0.0,0.0,0,False,False,False,0.13610020657915362
MOD_42_00176,A_Fixed,0.8207046872065102,True,OPERATE,800.0,34.5,185.83155555555555,3,False,False,False,0.13131274995304165
MOD_42_00176,B_Scalar,0.8207046872065102,True,OPERATE,0.0,0.0,0.0,0,False,False,False,0.13131274995304165
MOD_42_00176,C_UncertaintyThresh,0.8207046872065102,True,RETIRE,20.0,1.5,18.40088888888889,1,False,True,True,0.0
MOD_42_00176,D_RC_VOI,0.8207046872065102,True,OPERATE,600.0,25.0,119.86666666666667,1,False,False,False,0.13131274995304165
MOD_42_00177,A_Fixed,0.7748973453061324,True,RETIRE,800.0,34.5,185.83155555555555,3,False,True,True,0.0
MOD_42_00177,B_Scalar,0.7748973453061324,True,OPERATE,0.0,0.0,0.0,0,False,False,False,0.1239835752489812
MOD_42_00177,C_UncertaintyThresh,0.7748973453061324,True,RETIRE,20.0,1.5,18.40088888888889,1,False,True,True,0.0
MOD_42_00177,D_RC_VOI,0.7748973453061324,True,OPERATE,600.0,25.0,119.86666666666667,1,False,False,False,0.1239835752489812
MOD_42_00178,A_Fixed,0.7640287882883099,True,RETIRE,800.0,34.5,185.83155555555555,3,False,True,True,0.0
MOD_42_00178,B_Scalar,0.7640287882883099,True,OPERATE,0.0,0.0,0.0,0,False,False,False,0.12224460612612958
MOD_42_00178,C_UncertaintyThresh,0.7640287882883099,True,RETIRE,20.0,1.5,18.40088888888889,1,False,True,True,0.0
MOD_42_00178,D_RC_VOI,0.7640287882883099,True,OPERATE,600.0,25.0,119.86666666666667,1,False,False,False,0.12224460612612958
MOD_42_00179,A_Fixed,0.5892539707434287,False,RETIRE,800.0,34.5,185.83155555555555,3,False,False,False,0.0
MOD_42_00179,B_Scalar,0.5892539707434287,False,RETIRE,0.0,0.0,0.0,0,False,False,False,0.0
MOD_42_00179,C_UncertaintyThresh,0.5892539707434287,False,RETIRE,20.0,1.5,18.40088888888889,1,False,False,False,0.0
MOD_42_00179,D_RC_VOI,0.5892539707434287,False,RETIRE,600.0,25.0,119.86666666666667,1,False,False,False,0.0
MOD_42_00180,A_Fixed,0.8063585543671564,True,OPERATE,800.0,34.5,185.83155555555555,3,False,False,False,0.12901736869874503
MOD_42_00180,B_Scalar,0.8063585543671564,True,OPERATE,0.0,0.0,0.0,0,False,False,False,0.12901736869874503
MOD_42_00180,C_UncertaintyThresh,0.8063585543671564,True,RETIRE,20.0,1.5,18.40088888888889,1,False,True,True,0.0
MOD_42_00180,D_RC_VOI,0.8063585543671564,True,OPERATE,600.0,25.0,119.86666666666667,1,False,False,False,0.12901736869874503
MOD_42_00181,A_Fixed,0.787674252396649,True,RETIRE,800.0,34.5,185.83155555555555,3,False,True,True,0.0
MOD_42_00181,B_Scalar,0.787674252396649,True,OPERATE,0.0,0.0,0.0,0,False,False,False,0.12602788038346385
MOD_42_00181,C_UncertaintyThresh,0.787674252396649,True,RETIRE,20.0,1.5,18.40088888888889,1,False,True,True,0.0
MOD_42_00181,D_RC_VOI,0.787674252396649,True,OPERATE,600.0,25.0,119.86666666666667,1,False,False,False,0.12602788038346385
MOD_42_00182,A_Fixed,0.8557701058851037,True,OPERATE,800.0,34.5,185.83155555555555,3,False,False,False,0.1369232169416166
MOD_42_00182,B_Scalar,0.8557701058851037,True,OPERATE,0.0,0.0,0.0,0,False,False,False,0.1369232169416166
MOD_42_00182,C_UncertaintyThresh,0.8557701058851037,True,OPERATE,620.0,26.5,138.26755555555556,2,False,False,False,0.1369232169416166
MOD_42_00182,D_RC_VOI,0.8557701058851037,True,OPERATE,600.0,25.0,119.86666666666667,1,False,False,False,0.1369232169416166
MOD_42_00183,A_Fixed,0.739907446860386,True,RETIRE,800.0,34.5,185.83155555555555,3,False,True,True,0.0
MOD_42_00183,B_Scalar,0.739907446860386,True,OPERATE,0.0,0.0,0.0,0,False,False,False,0.11838519149766176
MOD_42_00183,C_UncertaintyThresh,0.739907446860386,True,RETIRE,20.0,1.5,18.40088888888889,1,False,True,True,0.0
MOD_42_00183,D_RC_VOI,0.739907446860386,True,DERATE,600.0,25.0,119.86666666666667,1,False,False,False,0.09470815319812942
MOD_42_00184,A_Fixed,0.8493542301871226,True,OPERATE,800.0,34.5,185.83155555555555,3,False,False,False,0.13589667682993964
MOD_42_00184,B_Scalar,0.8493542301871226,True,OPERATE,0.0,0.0,0.0,0,False,False,False,0.13589667682993964
MOD_42_00184,C_UncertaintyThresh,0.8493542301871226,True,OPERATE,620.0,26.5,138.26755555555556,2,False,False,False,0.13589667682993964
MOD_42_00184,D_RC_VOI,0.8493542301871226,True,OPERATE,600.0,25.0,119.86666666666667,1,False,False,False,0.13589667682993964
MOD_42_00185,A_Fixed,0.46959188334280866,False,RETIRE,800.0,34.5,185.83155555555555,3,False,False,False,0.0
MOD_42_00185,B_Scalar,0.46959188334280866,False,RETIRE,0.0,0.0,0.0,0,False,False,False,0.0
MOD_42_00185,C_UncertaintyThresh,0.46959188334280866,False,RETIRE,0.0,0.0,0.0,0,False,False,False,0.0
MOD_42_00185,D_RC_VOI,0.46959188334280866,False,RETIRE,0.0,0.0,0.0,0,False,False,False,0.0
MOD_42_00186,A_Fixed,0.4995186094800238,False,RETIRE,800.0,34.5,185.83155555555555,3,False,False,False,0.0
MOD_42_00186,B_Scalar,0.4995186094800238,False,RETIRE,0.0,0.0,0.0,0,False,False,False,0.0
MOD_42_00186,C_UncertaintyThresh,0.4995186094800238,False,RETIRE,0.0,0.0,0.0,0,False,False,False,0.0
MOD_42_00186,D_RC_VOI,0.4995186094800238,False,RETIRE,0.0,0.0,0.0,0,False,False,False,0.0
MOD_42_00187,A_Fixed,0.9257329283336755,True,OPERATE,800.0,34.5,185.83155555555555,3,False,False,False,0.14811726853338808
MOD_42_00187,B_Scalar,0.9257329283336755,True,OPERATE,0.0,0.0,0.0,0,False,False,False,0.14811726853338808
MOD_42_00187,C_UncertaintyThresh,0.9257329283336755,True,OPERATE,0.0,0.0,0.0,0,False,False,False,0.14811726853338808
MOD_42_00187,D_RC_VOI,0.9257329283336755,True,OPERATE,620.0,26.5,138.26755555555556,2,False,False,False,0.14811726853338808
MOD_42_00188,A_Fixed,0.7324668284466934,True,RETIRE,800.0,34.5,185.83155555555555,3,False,True,True,0.0
MOD_42_00188,B_Scalar,0.7324668284466934,True,RETIRE,0.0,0.0,0.0,0,False,True,True,0.0
MOD_42_00188,C_UncertaintyThresh,0.7324668284466934,True,RETIRE,20.0,1.5,18.40088888888889,1,False,True,True,0.0
MOD_42_00188,D_RC_VOI,0.7324668284466934,True,DERATE,0.0,0.0,0.0,0,False,False,False,0.09375575404117677
MOD_42_00189,A_Fixed,0.7928642741736616,True,RETIRE,800.0,34.5,185.83155555555555,3,False,True,True,0.0
MOD_42_00189,B_Scalar,0.7928642741736616,True,OPERATE,0.0,0.0,0.0,0,False,False,False,0.12685828386778586
MOD_42_00189,C_UncertaintyThresh,0.7928642741736616,True,RETIRE,20.0,1.5,18.40088888888889,1,False,True,True,0.0
MOD_42_00189,D_RC_VOI,0.7928642741736616,True,OPERATE,600.0,25.0,119.86666666666667,1,False,False,False,0.12685828386778586
MOD_42_00190,A_Fixed,0.7382068924410281,False,RETIRE,800.0,34.5,185.83155555555555,3,False,False,False,0.0
MOD_42_00190,B_Scalar,0.7382068924410281,False,RETIRE,0.0,0.0,0.0,0,False,False,False,0.0
MOD_42_00190,C_UncertaintyThresh,0.7382068924410281,False,RETIRE,20.0,1.5,18.40088888888889,1,False,False,False,0.0
MOD_42_00190,D_RC_VOI,0.7382068924410281,False,DERATE,600.0,25.0,119.86666666666667,1,False,False,False,0.0
MOD_42_00191,A_Fixed,0.7115974170801027,True,RETIRE,800.0,34.5,185.83155555555555,3,False,True,True,0.0
MOD_42_00191,B_Scalar,0.7115974170801027,True,OPERATE,0.0,0.0,0.0,0,False,False,False,0.11385558673281644
MOD_42_00191,C_UncertaintyThresh,0.7115974170801027,True,RETIRE,20.0,1.5,18.40088888888889,1,False,True,True,0.0
MOD_42_00191,D_RC_VOI,0.7115974170801027,True,DERATE,600.0,25.0,119.86666666666667,1,False,False,False,0.09108446938625316
MOD_42_00192,A_Fixed,0.8483717364576455,True,OPERATE,800.0,34.5,185.83155555555555,3,False,False,False,0.1357394778332233
MOD_42_00192,B_Scalar,0.8483717364576455,True,OPERATE,0.0,0.0,0.0,0,False,False,False,0.1357394778332233
MOD_42_00192,C_UncertaintyThresh,0.8483717364576455,True,OPERATE,0.0,0.0,0.0,0,False,False,False,0.1357394778332233
MOD_42_00192,D_RC_VOI,0.8483717364576455,True,OPERATE,600.0,25.0,119.86666666666667,1,False,False,False,0.1357394778332233
MOD_42_00193,A_Fixed,0.8149825682543821,False,RETIRE,800.0,34.5,185.83155555555555,3,False,False,False,0.0
MOD_42_00193,B_Scalar,0.8149825682543821,False,RETIRE,0.0,0.0,0.0,0,False,False,False,0.0
MOD_42_00193,C_UncertaintyThresh,0.8149825682543821,False,RETIRE,20.0,1.5,18.40088888888889,1,False,False,False,0.0
MOD_42_00193,D_RC_VOI,0.8149825682543821,False,RETIRE,20.0,1.5,18.40088888888889,1,False,False,False,0.0
MOD_42_00194,A_Fixed,0.5979273985448333,False,RETIRE,800.0,34.5,185.83155555555555,3,False,False,False,0.0
MOD_42_00194,B_Scalar,0.5979273985448333,False,RETIRE,0.0,0.0,0.0,0,False,False,False,0.0
MOD_42_00194,C_UncertaintyThresh,0.5979273985448333,False,RETIRE,20.0,1.5,18.40088888888889,1,False,False,False,0.0
MOD_42_00194,D_RC_VOI,0.5979273985448333,False,RETIRE,600.0,25.0,119.86666666666667,1,False,False,False,0.0
MOD_42_00195,A_Fixed,0.6743552096577029,False,RETIRE,800.0,34.5,185.83155555555555,3,False,False,False,0.0
MOD_42_00195,B_Scalar,0.6743552096577029,False,OPERATE,0.0,0.0,0.0,0,True,False,False,0.0
MOD_42_00195,C_UncertaintyThresh,0.6743552096577029,False,RETIRE,20.0,1.5,18.40088888888889,1,False,False,False,0.0
MOD_42_00195,D_RC_VOI,0.6743552096577029,False,DERATE,600.0,25.0,119.86666666666667,1,False,False,False,0.0
MOD_42_00196,A_Fixed,0.5946673604590681,False,RETIRE,800.0,34.5,185.83155555555555,3,False,False,False,0.0
MOD_42_00196,B_Scalar,0.5946673604590681,False,RETIRE,0.0,0.0,0.0,0,False,False,False,0.0
MOD_42_00196,C_UncertaintyThresh,0.5946673604590681,False,RETIRE,20.0,1.5,18.40088888888889,1,False,False,False,0.0
MOD_42_00196,D_RC_VOI,0.5946673604590681,False,RETIRE,600.0,25.0,119.86666666666667,1,False,False,False,0.0
MOD_42_00197,A_Fixed,0.830639046346825,True,OPERATE,800.0,34.5,185.83155555555555,3,False,False,False,0.132902247415492
MOD_42_00197,B_Scalar,0.830639046346825,True,OPERATE,0.0,0.0,0.0,0,False,False,False,0.132902247415492
MOD_42_00197,C_UncertaintyThresh,0.830639046346825,True,OPERATE,0.0,0.0,0.0,0,False,False,False,0.132902247415492
MOD_42_00197,D_RC_VOI,0.830639046346825,True,OPERATE,620.0,26.5,138.26755555555556,2,False,False,False,0.132902247415492
MOD_42_00198,A_Fixed,0.8526216667398112,True,OPERATE,800.0,34.5,185.83155555555555,3,False,False,False,0.1364194666783698
MOD_42_00198,B_Scalar,0.8526216667398112,True,OPERATE,0.0,0.0,0.0,0,False,False,False,0.1364194666783698
MOD_42_00198,C_UncertaintyThresh,0.8526216667398112,True,OPERATE,620.0,26.5,138.26755555555556,2,False,False,False,0.1364194666783698
MOD_42_00198,D_RC_VOI,0.8526216667398112,True,OPERATE,600.0,25.0,119.86666666666667,1,False,False,False,0.1364194666783698
MOD_42_00199,A_Fixed,0.637403380463677,False,RETIRE,800.0,34.5,185.83155555555555,3,False,False,False,0.0
MOD_42_00199,B_Scalar,0.637403380463677,False,RETIRE,0.0,0.0,0.0,0,False,False,False,0.0
MOD_42_00199,C_UncertaintyThresh,0.637403380463677,False,RETIRE,20.0,1.5,18.40088888888889,1,False,False,False,0.0
MOD_42_00199,D_RC_VOI,0.637403380463677,False,RETIRE,20.0,1.5,18.40088888888889,1,False,False,False,0.0
MOD_42_00200,A_Fixed,0.5749856722181462,False,RETIRE,800.0,34.5,185.83155555555555,3,False,False,False,0.0
MOD_42_00200,B_Scalar,0.5749856722181462,False,RETIRE,0.0,0.0,0.0,0,False,False,False,0.0
MOD_42_00200,C_UncertaintyThresh,0.5749856722181462,False,RETIRE,20.0,1.5,18.40088888888889,1,False,False,False,0.0
MOD_42_00200,D_RC_VOI,0.5749856722181462,False,RETIRE,600.0,25.0,119.86666666666667,1,False,False,False,0.0
MOD_42_00201,A_Fixed,0.823834539966501,True,OPERATE,800.0,34.5,185.83155555555555,3,False,False,False,0.13181352639464017
MOD_42_00201,B_Scalar,0.823834539966501,True,RETIRE,0.0,0.0,0.0,0,False,True,True,0.0
MOD_42_00201,C_UncertaintyThresh,0.823834539966501,True,RETIRE,20.0,1.5,18.40088888888889,1,False,True,True,0.0
MOD_42_00201,D_RC_VOI,0.823834539966501,True,OPERATE,600.0,25.0,119.86666666666667,1,False,False,False,0.13181352639464017
MOD_42_00202,A_Fixed,0.5893861906647025,False,RETIRE,800.0,34.5,185.83155555555555,3,False,False,False,0.0
MOD_42_00202,B_Scalar,0.5893861906647025,False,RETIRE,0.0,0.0,0.0,0,False,False,False,0.0
MOD_42_00202,C_UncertaintyThresh,0.5893861906647025,False,RETIRE,20.0,1.5,18.40088888888889,1,False,False,False,0.0
MOD_42_00202,D_RC_VOI,0.5893861906647025,False,RETIRE,0.0,0.0,0.0,0,False,False,False,0.0
MOD_42_00203,A_Fixed,0.5165701734190125,False,RETIRE,800.0,34.5,185.83155555555555,3,False,False,False,0.0
MOD_42_00203,B_Scalar,0.5165701734190125,False,RETIRE,0.0,0.0,0.0,0,False,False,False,0.0
MOD_42_00203,C_UncertaintyThresh,0.5165701734190125,False,RETIRE,20.0,1.5,18.40088888888889,1,False,False,False,0.0
MOD_42_00203,D_RC_VOI,0.5165701734190125,False,RETIRE,600.0,25.0,119.86666666666667,1,False,False,False,0.0
MOD_42_00204,A_Fixed,0.5710137560247336,False,RETIRE,800.0,34.5,185.83155555555555,3,False,False,False,0.0
MOD_42_00204,B_Scalar,0.5710137560247336,False,RETIRE,0.0,0.0,0.0,0,False,False,False,0.0
MOD_42_00204,C_UncertaintyThresh,0.5710137560247336,False,RETIRE,0.0,0.0,0.0,0,False,False,False,0.0
MOD_42_00204,D_RC_VOI,0.5710137560247336,False,RETIRE,20.0,1.5,18.40088888888889,1,False,False,False,0.0
MOD_42_00205,A_Fixed,0.8257123666297638,False,RETIRE,800.0,34.5,185.83155555555555,3,False,False,False,0.0
MOD_42_00205,B_Scalar,0.8257123666297638,False,OPERATE,0.0,0.0,0.0,0,True,False,False,0.0
MOD_42_00205,C_UncertaintyThresh,0.8257123666297638,False,RETIRE,20.0,1.5,18.40088888888889,1,False,False,False,0.0
MOD_42_00205,D_RC_VOI,0.8257123666297638,False,RETIRE,20.0,1.5,18.40088888888889,1,False,False,False,0.0
MOD_42_00206,A_Fixed,0.7645987962239396,True,RETIRE,800.0,34.5,185.83155555555555,3,False,True,True,0.0
MOD_42_00206,B_Scalar,0.7645987962239396,True,OPERATE,0.0,0.0,0.0,0,False,False,False,0.12233580739583033
MOD_42_00206,C_UncertaintyThresh,0.7645987962239396,True,RETIRE,20.0,1.5,18.40088888888889,1,False,True,True,0.0
MOD_42_00206,D_RC_VOI,0.7645987962239396,True,OPERATE,600.0,25.0,119.86666666666667,1,False,False,False,0.12233580739583033
MOD_42_00207,A_Fixed,0.656411385640099,False,RETIRE,800.0,34.5,185.83155555555555,3,False,False,False,0.0
MOD_42_00207,B_Scalar,0.656411385640099,False,RETIRE,0.0,0.0,0.0,0,False,False,False,0.0
MOD_42_00207,C_UncertaintyThresh,0.656411385640099,False,RETIRE,20.0,1.5,18.40088888888889,1,False,False,False,0.0
MOD_42_00207,D_RC_VOI,0.656411385640099,False,RETIRE,20.0,1.5,18.40088888888889,1,False,False,False,0.0
MOD_42_00208,A_Fixed,0.8192316929266152,True,OPERATE,800.0,34.5,185.83155555555555,3,False,False,False,0.13107707086825843
MOD_42_00208,B_Scalar,0.8192316929266152,True,OPERATE,0.0,0.0,0.0,0,False,False,False,0.13107707086825843
MOD_42_00208,C_UncertaintyThresh,0.8192316929266152,True,OPERATE,0.0,0.0,0.0,0,False,False,False,0.13107707086825843
MOD_42_00208,D_RC_VOI,0.8192316929266152,True,RETIRE,20.0,1.5,18.40088888888889,1,False,True,True,0.0
MOD_42_00209,A_Fixed,0.7954153125103363,True,RETIRE,800.0,34.5,185.83155555555555,3,False,True,True,0.0
MOD_42_00209,B_Scalar,0.7954153125103363,True,OPERATE,0.0,0.0,0.0,0,False,False,False,0.1272664500016538
MOD_42_00209,C_UncertaintyThresh,0.7954153125103363,True,RETIRE,20.0,1.5,18.40088888888889,1,False,True,True,0.0
MOD_42_00209,D_RC_VOI,0.7954153125103363,True,OPERATE,600.0,25.0,119.86666666666667,1,False,False,False,0.1272664500016538
MOD_42_00210,A_Fixed,0.464153252680214,False,RETIRE,800.0,34.5,185.83155555555555,3,False,False,False,0.0
MOD_42_00210,B_Scalar,0.464153252680214,False,RETIRE,0.0,0.0,0.0,0,False,False,False,0.0
MOD_42_00210,C_UncertaintyThresh,0.464153252680214,False,RETIRE,0.0,0.0,0.0,0,False,False,False,0.0
MOD_42_00210,D_RC_VOI,0.464153252680214,False,RETIRE,0.0,0.0,0.0,0,False,False,False,0.0
MOD_42_00211,A_Fixed,0.46740289804987556,False,RETIRE,800.0,34.5,185.83155555555555,3,False,False,False,0.0
MOD_42_00211,B_Scalar,0.46740289804987556,False,RETIRE,0.0,0.0,0.0,0,False,False,False,0.0
MOD_42_00211,C_UncertaintyThresh,0.46740289804987556,False,RETIRE,20.0,1.5,18.40088888888889,1,False,False,False,0.0
MOD_42_00211,D_RC_VOI,0.46740289804987556,False,RETIRE,0.0,0.0,0.0,0,False,False,False,0.0
MOD_42_00212,A_Fixed,0.7932749382079526,True,RETIRE,800.0,34.5,185.83155555555555,3,False,True,True,0.0
MOD_42_00212,B_Scalar,0.7932749382079526,True,OPERATE,0.0,0.0,0.0,0,False,False,False,0.1269239901132724
MOD_42_00212,C_UncertaintyThresh,0.7932749382079526,True,RETIRE,20.0,1.5,18.40088888888889,1,False,True,True,0.0
MOD_42_00212,D_RC_VOI,0.7932749382079526,True,OPERATE,600.0,25.0,119.86666666666667,1,False,False,False,0.1269239901132724
MOD_42_00213,A_Fixed,0.8336916460455894,True,OPERATE,800.0,34.5,185.83155555555555,3,False,False,False,0.1333906633672943
MOD_42_00213,B_Scalar,0.8336916460455894,True,OPERATE,0.0,0.0,0.0,0,False,False,False,0.1333906633672943
MOD_42_00213,C_UncertaintyThresh,0.8336916460455894,True,RETIRE,20.0,1.5,18.40088888888889,1,False,True,True,0.0
MOD_42_00213,D_RC_VOI,0.8336916460455894,True,OPERATE,600.0,25.0,119.86666666666667,1,False,False,False,0.1333906633672943
MOD_42_00214,A_Fixed,0.9026139092254469,True,OPERATE,800.0,34.5,185.83155555555555,3,False,False,False,0.1444182254760715
MOD_42_00214,B_Scalar,0.9026139092254469,True,OPERATE,0.0,0.0,0.0,0,False,False,False,0.1444182254760715
MOD_42_00214,C_UncertaintyThresh,0.9026139092254469,True,OPERATE,0.0,0.0,0.0,0,False,False,False,0.1444182254760715
MOD_42_00214,D_RC_VOI,0.9026139092254469,True,OPERATE,0.0,0.0,0.0,0,False,False,False,0.1444182254760715
MOD_42_00215,A_Fixed,0.5810073920625436,False,RETIRE,800.0,34.5,185.83155555555555,3,False,False,False,0.0
MOD_42_00215,B_Scalar,0.5810073920625436,False,RETIRE,0.0,0.0,0.0,0,False,False,False,0.0
MOD_42_00215,C_UncertaintyThresh,0.5810073920625436,False,RETIRE,0.0,0.0,0.0,0,False,False,False,0.0
MOD_42_00215,D_RC_VOI,0.5810073920625436,False,RETIRE,0.0,0.0,0.0,0,False,False,False,0.0
MOD_42_00216,A_Fixed,0.8385445255346584,False,RETIRE,800.0,34.5,185.83155555555555,3,False,False,False,0.0
MOD_42_00216,B_Scalar,0.8385445255346584,False,OPERATE,0.0,0.0,0.0,0,True,False,False,0.0
MOD_42_00216,C_UncertaintyThresh,0.8385445255346584,False,RETIRE,20.0,1.5,18.40088888888889,1,False,False,False,0.0
MOD_42_00216,D_RC_VOI,0.8385445255346584,False,RETIRE,20.0,1.5,18.40088888888889,1,False,False,False,0.0
MOD_42_00217,A_Fixed,0.5081268262921314,False,RETIRE,800.0,34.5,185.83155555555555,3,False,False,False,0.0
MOD_42_00217,B_Scalar,0.5081268262921314,False,RETIRE,0.0,0.0,0.0,0,False,False,False,0.0
MOD_42_00217,C_UncertaintyThresh,0.5081268262921314,False,RETIRE,20.0,1.5,18.40088888888889,1,False,False,False,0.0
MOD_42_00217,D_RC_VOI,0.5081268262921314,False,RETIRE,0.0,0.0,0.0,0,False,False,False,0.0
MOD_42_00218,A_Fixed,0.5145423453413221,False,RETIRE,800.0,34.5,185.83155555555555,3,False,False,False,0.0
MOD_42_00218,B_Scalar,0.5145423453413221,False,RETIRE,0.0,0.0,0.0,0,False,False,False,0.0
MOD_42_00218,C_UncertaintyThresh,0.5145423453413221,False,RETIRE,0.0,0.0,0.0,0,False,False,False,0.0
MOD_42_00218,D_RC_VOI,0.5145423453413221,False,RETIRE,20.0,1.5,18.40088888888889,1,False,False,False,0.0
MOD_42_00219,A_Fixed,0.5282741692605979,False,RETIRE,800.0,34.5,185.83155555555555,3,False,False,False,0.0
MOD_42_00219,B_Scalar,0.5282741692605979,False,RETIRE,0.0,0.0,0.0,0,False,False,False,0.0
MOD_42_00219,C_UncertaintyThresh,0.5282741692605979,False,RETIRE,0.0,0.0,0.0,0,False,False,False,0.0
MOD_42_00219,D_RC_VOI,0.5282741692605979,False,RETIRE,20.0,1.5,18.40088888888889,1,False,False,False,0.0
MOD_42_00220,A_Fixed,0.7942365377679828,False,RETIRE,800.0,34.5,185.83155555555555,3,False,False,False,0.0
MOD_42_00220,B_Scalar,0.7942365377679828,False,OPERATE,0.0,0.0,0.0,0,True,False,False,0.0
MOD_42_00220,C_UncertaintyThresh,0.7942365377679828,False,RETIRE,20.0,1.5,18.40088888888889,1,False,False,False,0.0
MOD_42_00220,D_RC_VOI,0.7942365377679828,False,OPERATE,600.0,25.0,119.86666666666667,1,True,False,False,0.0
MOD_42_00221,A_Fixed,0.6567416660868165,False,RETIRE,800.0,34.5,185.83155555555555,3,False,False,False,0.0
MOD_42_00221,B_Scalar,0.6567416660868165,False,RETIRE,0.0,0.0,0.0,0,False,False,False,0.0
MOD_42_00221,C_UncertaintyThresh,0.6567416660868165,False,RETIRE,20.0,1.5,18.40088888888889,1,False,False,False,0.0
MOD_42_00221,D_RC_VOI,0.6567416660868165,False,DERATE,600.0,25.0,119.86666666666667,1,False,False,False,0.0
MOD_42_00222,A_Fixed,0.5804194959774546,False,RETIRE,800.0,34.5,185.83155555555555,3,False,False,False,0.0
MOD_42_00222,B_Scalar,0.5804194959774546,False,RETIRE,0.0,0.0,0.0,0,False,False,False,0.0
MOD_42_00222,C_UncertaintyThresh,0.5804194959774546,False,RETIRE,0.0,0.0,0.0,0,False,False,False,0.0
MOD_42_00222,D_RC_VOI,0.5804194959774546,False,RETIRE,20.0,1.5,18.40088888888889,1,False,False,False,0.0
MOD_42_00223,A_Fixed,0.8280697802754208,True,OPERATE,800.0,34.5,185.83155555555555,3,False,False,False,0.13249116484406734
MOD_42_00223,B_Scalar,0.8280697802754208,True,OPERATE,0.0,0.0,0.0,0,False,False,False,0.13249116484406734
MOD_42_00223,C_UncertaintyThresh,0.8280697802754208,True,RETIRE,20.0,1.5,18.40088888888889,1,False,True,True,0.0
MOD_42_00223,D_RC_VOI,0.8280697802754208,True,OPERATE,600.0,25.0,119.86666666666667,1,False,False,False,0.13249116484406734
MOD_42_00224,A_Fixed,0.8193227157384715,False,RETIRE,800.0,34.5,185.83155555555555,3,False,False,False,0.0
MOD_42_00224,B_Scalar,0.8193227157384715,False,OPERATE,0.0,0.0,0.0,0,True,False,False,0.0
MOD_42_00224,C_UncertaintyThresh,0.8193227157384715,False,RETIRE,20.0,1.5,18.40088888888889,1,False,False,False,0.0
MOD_42_00224,D_RC_VOI,0.8193227157384715,False,RETIRE,20.0,1.5,18.40088888888889,1,False,False,False,0.0
MOD_42_00225,A_Fixed,0.8024107452482209,True,OPERATE,800.0,34.5,185.83155555555555,3,False,False,False,0.12838571923971534
MOD_42_00225,B_Scalar,0.8024107452482209,True,OPERATE,0.0,0.0,0.0,0,False,False,False,0.12838571923971534
MOD_42_00225,C_UncertaintyThresh,0.8024107452482209,True,OPERATE,0.0,0.0,0.0,0,False,False,False,0.12838571923971534
MOD_42_00225,D_RC_VOI,0.8024107452482209,True,OPERATE,620.0,26.5,138.26755555555556,2,False,False,False,0.12838571923971534
MOD_42_00226,A_Fixed,0.7676603140965798,True,RETIRE,800.0,34.5,185.83155555555555,3,False,True,True,0.0
MOD_42_00226,B_Scalar,0.7676603140965798,True,OPERATE,0.0,0.0,0.0,0,False,False,False,0.12282565025545276
MOD_42_00226,C_UncertaintyThresh,0.7676603140965798,True,RETIRE,20.0,1.5,18.40088888888889,1,False,True,True,0.0
MOD_42_00226,D_RC_VOI,0.7676603140965798,True,OPERATE,600.0,25.0,119.86666666666667,1,False,False,False,0.12282565025545276
MOD_42_00227,A_Fixed,0.8302490855480479,True,OPERATE,800.0,34.5,185.83155555555555,3,False,False,False,0.13283985368768766
MOD_42_00227,B_Scalar,0.8302490855480479,True,OPERATE,0.0,0.0,0.0,0,False,False,False,0.13283985368768766
MOD_42_00227,C_UncertaintyThresh,0.8302490855480479,True,OPERATE,0.0,0.0,0.0,0,False,False,False,0.13283985368768766
MOD_42_00227,D_RC_VOI,0.8302490855480479,True,OPERATE,0.0,0.0,0.0,0,False,False,False,0.13283985368768766
MOD_42_00228,A_Fixed,0.5828210841577383,False,RETIRE,800.0,34.5,185.83155555555555,3,False,False,False,0.0
MOD_42_00228,B_Scalar,0.5828210841577383,False,RETIRE,0.0,0.0,0.0,0,False,False,False,0.0
MOD_42_00228,C_UncertaintyThresh,0.5828210841577383,False,RETIRE,0.0,0.0,0.0,0,False,False,False,0.0
MOD_42_00228,D_RC_VOI,0.5828210841577383,False,RETIRE,0.0,0.0,0.0,0,False,False,False,0.0
MOD_42_00229,A_Fixed,0.6726488698800054,False,RETIRE,800.0,34.5,185.83155555555555,3,False,False,False,0.0
MOD_42_00229,B_Scalar,0.6726488698800054,False,OPERATE,0.0,0.0,0.0,0,True,False,False,0.0
MOD_42_00229,C_UncertaintyThresh,0.6726488698800054,False,RETIRE,20.0,1.5,18.40088888888889,1,False,False,False,0.0
MOD_42_00229,D_RC_VOI,0.6726488698800054,False,DERATE,0.0,0.0,0.0,0,False,False,False,0.0
MOD_42_00230,A_Fixed,0.5773844201524725,False,RETIRE,800.0,34.5,185.83155555555555,3,False,False,False,0.0
MOD_42_00230,B_Scalar,0.5773844201524725,False,RETIRE,0.0,0.0,0.0,0,False,False,False,0.0
MOD_42_00230,C_UncertaintyThresh,0.5773844201524725,False,RETIRE,20.0,1.5,18.40088888888889,1,False,False,False,0.0
MOD_42_00230,D_RC_VOI,0.5773844201524725,False,RETIRE,600.0,25.0,119.86666666666667,1,False,False,False,0.0
MOD_42_00231,A_Fixed,0.5351855167842424,False,RETIRE,800.0,34.5,185.83155555555555,3,False,False,False,0.0
MOD_42_00231,B_Scalar,0.5351855167842424,False,RETIRE,0.0,0.0,0.0,0,False,False,False,0.0
MOD_42_00231,C_UncertaintyThresh,0.5351855167842424,False,RETIRE,20.0,1.5,18.40088888888889,1,False,False,False,0.0
MOD_42_00231,D_RC_VOI,0.5351855167842424,False,RETIRE,600.0,25.0,119.86666666666667,1,False,False,False,0.0
MOD_42_00232,A_Fixed,0.4587847150241158,False,RETIRE,800.0,34.5,185.83155555555555,3,False,False,False,0.0
MOD_42_00232,B_Scalar,0.4587847150241158,False,RETIRE,0.0,0.0,0.0,0,False,False,False,0.0
MOD_42_00232,C_UncertaintyThresh,0.4587847150241158,False,RETIRE,20.0,1.5,18.40088888888889,1,False,False,False,0.0
MOD_42_00232,D_RC_VOI,0.4587847150241158,False,RETIRE,600.0,25.0,119.86666666666667,1,False,False,False,0.0
MOD_42_00233,A_Fixed,0.8019357144166996,True,OPERATE,800.0,34.5,185.83155555555555,3,False,False,False,0.12830971430667196
MOD_42_00233,B_Scalar,0.8019357144166996,True,OPERATE,0.0,0.0,0.0,0,False,False,False,0.12830971430667196
MOD_42_00233,C_UncertaintyThresh,0.8019357144166996,True,OPERATE,0.0,0.0,0.0,0,False,False,False,0.12830971430667196
MOD_42_00233,D_RC_VOI,0.8019357144166996,True,DERATE,20.0,1.5,18.40088888888889,1,False,False,False,0.10264777144533757
MOD_42_00234,A_Fixed,0.5623224320373421,False,RETIRE,800.0,34.5,185.83155555555555,3,False,False,False,0.0
MOD_42_00234,B_Scalar,0.5623224320373421,False,RETIRE,0.0,0.0,0.0,0,False,False,False,0.0
MOD_42_00234,C_UncertaintyThresh,0.5623224320373421,False,RETIRE,0.0,0.0,0.0,0,False,False,False,0.0
MOD_42_00234,D_RC_VOI,0.5623224320373421,False,RETIRE,0.0,0.0,0.0,0,False,False,False,0.0
MOD_42_00235,A_Fixed,0.7990164056081245,True,RETIRE,800.0,34.5,185.83155555555555,3,False,True,True,0.0
MOD_42_00235,B_Scalar,0.7990164056081245,True,RETIRE,0.0,0.0,0.0,0,False,True,True,0.0
MOD_42_00235,C_UncertaintyThresh,0.7990164056081245,True,RETIRE,20.0,1.5,18.40088888888889,1,False,True,True,0.0
MOD_42_00235,D_RC_VOI,0.7990164056081245,True,OPERATE,600.0,25.0,119.86666666666667,1,False,False,False,0.12784262489729992
MOD_42_00236,A_Fixed,0.9161078098506317,False,OPERATE,800.0,34.5,185.83155555555555,3,True,False,False,0.0
MOD_42_00236,B_Scalar,0.9161078098506317,False,OPERATE,0.0,0.0,0.0,0,True,False,False,0.0
MOD_42_00236,C_UncertaintyThresh,0.9161078098506317,False,OPERATE,620.0,26.5,138.26755555555556,2,True,False,False,0.0
MOD_42_00236,D_RC_VOI,0.9161078098506317,False,OPERATE,600.0,25.0,119.86666666666667,1,True,False,False,0.0
MOD_42_00237,A_Fixed,0.8271809144784231,False,OPERATE,800.0,34.5,185.83155555555555,3,True,False,False,0.0
MOD_42_00237,B_Scalar,0.8271809144784231,False,OPERATE,0.0,0.0,0.0,0,True,False,False,0.0
MOD_42_00237,C_UncertaintyThresh,0.8271809144784231,False,OPERATE,620.0,26.5,138.26755555555556,2,True,False,False,0.0
MOD_42_00237,D_RC_VOI,0.8271809144784231,False,OPERATE,600.0,25.0,119.86666666666667,1,True,False,False,0.0
MOD_42_00238,A_Fixed,0.5048096170938116,False,RETIRE,10.0,0.05,0.6944444444444444,1,False,False,False,0.0
MOD_42_00238,B_Scalar,0.5048096170938116,False,RETIRE,10.0,0.05,0.6944444444444444,1,False,False,False,0.0
MOD_42_00238,C_UncertaintyThresh,0.5048096170938116,False,RETIRE,10.0,0.05,0.6944444444444444,1,False,False,False,0.0
MOD_42_00238,D_RC_VOI,0.5048096170938116,False,RETIRE,10.0,0.05,0.6944444444444444,1,False,False,False,0.0
MOD_42_00239,A_Fixed,0.9331621056242644,True,OPERATE,800.0,34.5,185.83155555555555,3,False,False,False,0.1493059368998823
MOD_42_00239,B_Scalar,0.9331621056242644,True,OPERATE,0.0,0.0,0.0,0,False,False,False,0.1493059368998823
MOD_42_00239,C_UncertaintyThresh,0.9331621056242644,True,OPERATE,0.0,0.0,0.0,0,False,False,False,0.1493059368998823
MOD_42_00239,D_RC_VOI,0.9331621056242644,True,OPERATE,0.0,0.0,0.0,0,False,False,False,0.1493059368998823
MOD_42_00240,A_Fixed,0.7742824290986816,True,RETIRE,800.0,34.5,185.83155555555555,3,False,True,True,0.0
MOD_42_00240,B_Scalar,0.7742824290986816,True,OPERATE,0.0,0.0,0.0,0,False,False,False,0.12388518865578906
MOD_42_00240,C_UncertaintyThresh,0.7742824290986816,True,OPERATE,0.0,0.0,0.0,0,False,False,False,0.12388518865578906
MOD_42_00240,D_RC_VOI,0.7742824290986816,True,RETIRE,20.0,1.5,18.40088888888889,1,False,True,True,0.0
MOD_42_00241,A_Fixed,0.7799891561420603,True,RETIRE,800.0,34.5,185.83155555555555,3,False,True,True,0.0
MOD_42_00241,B_Scalar,0.7799891561420603,True,OPERATE,0.0,0.0,0.0,0,False,False,False,0.12479826498272965
MOD_42_00241,C_UncertaintyThresh,0.7799891561420603,True,RETIRE,20.0,1.5,18.40088888888889,1,False,True,True,0.0
MOD_42_00241,D_RC_VOI,0.7799891561420603,True,OPERATE,600.0,25.0,119.86666666666667,1,False,False,False,0.12479826498272965
MOD_42_00242,A_Fixed,0.49347615971084835,False,RETIRE,800.0,34.5,185.83155555555555,3,False,False,False,0.0
MOD_42_00242,B_Scalar,0.49347615971084835,False,RETIRE,0.0,0.0,0.0,0,False,False,False,0.0
MOD_42_00242,C_UncertaintyThresh,0.49347615971084835,False,RETIRE,0.0,0.0,0.0,0,False,False,False,0.0
MOD_42_00242,D_RC_VOI,0.49347615971084835,False,RETIRE,0.0,0.0,0.0,0,False,False,False,0.0
MOD_42_00243,A_Fixed,0.9171972044662664,True,OPERATE,800.0,34.5,185.83155555555555,3,False,False,False,0.14675155271460263
MOD_42_00243,B_Scalar,0.9171972044662664,True,OPERATE,0.0,0.0,0.0,0,False,False,False,0.14675155271460263
MOD_42_00243,C_UncertaintyThresh,0.9171972044662664,True,OPERATE,620.0,26.5,138.26755555555556,2,False,False,False,0.14675155271460263
MOD_42_00243,D_RC_VOI,0.9171972044662664,True,OPERATE,600.0,25.0,119.86666666666667,1,False,False,False,0.14675155271460263
MOD_42_00244,A_Fixed,0.7476108409017576,True,RETIRE,800.0,34.5,185.83155555555555,3,False,True,True,0.0
MOD_42_00244,B_Scalar,0.7476108409017576,True,OPERATE,0.0,0.0,0.0,0,False,False,False,0.1196177345442812
MOD_42_00244,C_UncertaintyThresh,0.7476108409017576,True,RETIRE,20.0,1.5,18.40088888888889,1,False,True,True,0.0
MOD_42_00244,D_RC_VOI,0.7476108409017576,True,OPERATE,600.0,25.0,119.86666666666667,1,False,False,False,0.1196177345442812
MOD_42_00245,A_Fixed,0.790734320156912,True,RETIRE,800.0,34.5,185.83155555555555,3,False,True,True,0.0
MOD_42_00245,B_Scalar,0.790734320156912,True,OPERATE,0.0,0.0,0.0,0,False,False,False,0.12651749122510592
MOD_42_00245,C_UncertaintyThresh,0.790734320156912,True,RETIRE,20.0,1.5,18.40088888888889,1,False,True,True,0.0
MOD_42_00245,D_RC_VOI,0.790734320156912,True,OPERATE,600.0,25.0,119.86666666666667,1,False,False,False,0.12651749122510592
MOD_42_00246,A_Fixed,0.8106500945938954,True,OPERATE,800.0,34.5,185.83155555555555,3,False,False,False,0.12970401513502325
MOD_42_00246,B_Scalar,0.8106500945938954,True,OPERATE,0.0,0.0,0.0,0,False,False,False,0.12970401513502325
MOD_42_00246,C_UncertaintyThresh,0.8106500945938954,True,RETIRE,20.0,1.5,18.40088888888889,1,False,True,True,0.0
MOD_42_00246,D_RC_VOI,0.8106500945938954,True,OPERATE,600.0,25.0,119.86666666666667,1,False,False,False,0.12970401513502325
MOD_42_00247,A_Fixed,0.5854014785128087,False,RETIRE,10.0,0.05,0.6944444444444444,1,False,False,False,0.0
MOD_42_00247,B_Scalar,0.5854014785128087,False,RETIRE,10.0,0.05,0.6944444444444444,1,False,False,False,0.0
MOD_42_00247,C_UncertaintyThresh,0.5854014785128087,False,RETIRE,10.0,0.05,0.6944444444444444,1,False,False,False,0.0
MOD_42_00247,D_RC_VOI,0.5854014785128087,False,RETIRE,10.0,0.05,0.6944444444444444,1,False,False,False,0.0
MOD_42_00248,A_Fixed,0.8264375554829843,True,OPERATE,800.0,34.5,185.83155555555555,3,False,False,False,0.13223000887727748
MOD_42_00248,B_Scalar,0.8264375554829843,True,OPERATE,0.0,0.0,0.0,0,False,False,False,0.13223000887727748
MOD_42_00248,C_UncertaintyThresh,0.8264375554829843,True,RETIRE,20.0,1.5,18.40088888888889,1,False,True,True,0.0
MOD_42_00248,D_RC_VOI,0.8264375554829843,True,OPERATE,600.0,25.0,119.86666666666667,1,False,False,False,0.13223000887727748
MOD_42_00249,A_Fixed,0.7499851796472112,True,RETIRE,800.0,34.5,185.83155555555555,3,False,True,True,0.0
MOD_42_00249,B_Scalar,0.7499851796472112,True,OPERATE,0.0,0.0,0.0,0,False,False,False,0.1199976287435538
MOD_42_00249,C_UncertaintyThresh,0.7499851796472112,True,OPERATE,0.0,0.0,0.0,0,False,False,False,0.1199976287435538
MOD_42_00249,D_RC_VOI,0.7499851796472112,True,RETIRE,20.0,1.5,18.40088888888889,1,False,True,True,0.0
MOD_42_00250,A_Fixed,0.5995973256886978,False,RETIRE,800.0,34.5,185.83155555555555,3,False,False,False,0.0
MOD_42_00250,B_Scalar,0.5995973256886978,False,RETIRE,0.0,0.0,0.0,0,False,False,False,0.0
MOD_42_00250,C_UncertaintyThresh,0.5995973256886978,False,RETIRE,20.0,1.5,18.40088888888889,1,False,False,False,0.0
MOD_42_00250,D_RC_VOI,0.5995973256886978,False,RETIRE,0.0,0.0,0.0,0,False,False,False,0.0
MOD_42_00251,A_Fixed,0.946008458329481,True,OPERATE,800.0,34.5,185.83155555555555,3,False,False,False,0.15136135333271697
MOD_42_00251,B_Scalar,0.946008458329481,True,OPERATE,0.0,0.0,0.0,0,False,False,False,0.15136135333271697
MOD_42_00251,C_UncertaintyThresh,0.946008458329481,True,OPERATE,0.0,0.0,0.0,0,False,False,False,0.15136135333271697
MOD_42_00251,D_RC_VOI,0.946008458329481,True,OPERATE,0.0,0.0,0.0,0,False,False,False,0.15136135333271697
MOD_42_00252,A_Fixed,0.8129104359223001,True,OPERATE,800.0,34.5,185.83155555555555,3,False,False,False,0.130065669747568
MOD_42_00252,B_Scalar,0.8129104359223001,True,OPERATE,0.0,0.0,0.0,0,False,False,False,0.130065669747568
MOD_42_00252,C_UncertaintyThresh,0.8129104359223001,True,RETIRE,20.0,1.5,18.40088888888889,1,False,True,True,0.0
MOD_42_00252,D_RC_VOI,0.8129104359223001,True,OPERATE,600.0,25.0,119.86666666666667,1,False,False,False,0.130065669747568
MOD_42_00253,A_Fixed,0.7587806179332856,True,RETIRE,800.0,34.5,185.83155555555555,3,False,True,True,0.0
MOD_42_00253,B_Scalar,0.7587806179332856,True,OPERATE,0.0,0.0,0.0,0,False,False,False,0.12140489886932569
MOD_42_00253,C_UncertaintyThresh,0.7587806179332856,True,OPERATE,0.0,0.0,0.0,0,False,False,False,0.12140489886932569
MOD_42_00253,D_RC_VOI,0.7587806179332856,True,RETIRE,20.0,1.5,18.40088888888889,1,False,True,True,0.0
MOD_42_00254,A_Fixed,0.5600771168354897,False,RETIRE,800.0,34.5,185.83155555555555,3,False,False,False,0.0
MOD_42_00254,B_Scalar,0.5600771168354897,False,RETIRE,0.0,0.0,0.0,0,False,False,False,0.0
MOD_42_00254,C_UncertaintyThresh,0.5600771168354897,False,RETIRE,0.0,0.0,0.0,0,False,False,False,0.0
MOD_42_00254,D_RC_VOI,0.5600771168354897,False,RETIRE,0.0,0.0,0.0,0,False,False,False,0.0
MOD_42_00255,A_Fixed,0.8105116530509794,True,OPERATE,800.0,34.5,185.83155555555555,3,False,False,False,0.12968186448815672
MOD_42_00255,B_Scalar,0.8105116530509794,True,OPERATE,0.0,0.0,0.0,0,False,False,False,0.12968186448815672
MOD_42_00255,C_UncertaintyThresh,0.8105116530509794,True,OPERATE,0.0,0.0,0.0,0,False,False,False,0.12968186448815672
MOD_42_00255,D_RC_VOI,0.8105116530509794,True,RETIRE,20.0,1.5,18.40088888888889,1,False,True,True,0.0
MOD_42_00256,A_Fixed,0.534902035775682,False,RETIRE,10.0,0.05,0.6944444444444444,1,False,False,False,0.0
MOD_42_00256,B_Scalar,0.534902035775682,False,RETIRE,10.0,0.05,0.6944444444444444,1,False,False,False,0.0
MOD_42_00256,C_UncertaintyThresh,0.534902035775682,False,RETIRE,10.0,0.05,0.6944444444444444,1,False,False,False,0.0
MOD_42_00256,D_RC_VOI,0.534902035775682,False,RETIRE,10.0,0.05,0.6944444444444444,1,False,False,False,0.0
MOD_42_00257,A_Fixed,0.7469558022832478,True,RETIRE,800.0,34.5,185.83155555555555,3,False,True,True,0.0
MOD_42_00257,B_Scalar,0.7469558022832478,True,RETIRE,0.0,0.0,0.0,0,False,True,True,0.0
MOD_42_00257,C_UncertaintyThresh,0.7469558022832478,True,RETIRE,20.0,1.5,18.40088888888889,1,False,True,True,0.0
MOD_42_00257,D_RC_VOI,0.7469558022832478,True,OPERATE,600.0,25.0,119.86666666666667,1,False,False,False,0.11951292836531964
MOD_42_00258,A_Fixed,0.7816851135198615,True,RETIRE,800.0,34.5,185.83155555555555,3,False,True,True,0.0
MOD_42_00258,B_Scalar,0.7816851135198615,True,OPERATE,0.0,0.0,0.0,0,False,False,False,0.12506961816317783
MOD_42_00258,C_UncertaintyThresh,0.7816851135198615,True,RETIRE,20.0,1.5,18.40088888888889,1,False,True,True,0.0
MOD_42_00258,D_RC_VOI,0.7816851135198615,True,OPERATE,600.0,25.0,119.86666666666667,1,False,False,False,0.12506961816317783
MOD_42_00259,A_Fixed,0.7593584439832789,True,RETIRE,800.0,34.5,185.83155555555555,3,False,True,True,0.0
MOD_42_00259,B_Scalar,0.7593584439832789,True,OPERATE,0.0,0.0,0.0,0,False,False,False,0.12149735103732463
MOD_42_00259,C_UncertaintyThresh,0.7593584439832789,True,RETIRE,20.0,1.5,18.40088888888889,1,False,True,True,0.0
MOD_42_00259,D_RC_VOI,0.7593584439832789,True,OPERATE,600.0,25.0,119.86666666666667,1,False,False,False,0.12149735103732463
MOD_42_00260,A_Fixed,0.6302676407411424,False,RETIRE,800.0,34.5,185.83155555555555,3,False,False,False,0.0
MOD_42_00260,B_Scalar,0.6302676407411424,False,RETIRE,0.0,0.0,0.0,0,False,False,False,0.0
MOD_42_00260,C_UncertaintyThresh,0.6302676407411424,False,RETIRE,20.0,1.5,18.40088888888889,1,False,False,False,0.0
MOD_42_00260,D_RC_VOI,0.6302676407411424,False,RETIRE,20.0,1.5,18.40088888888889,1,False,False,False,0.0
MOD_42_00261,A_Fixed,0.7371780106333111,True,RETIRE,800.0,34.5,185.83155555555555,3,False,True,True,0.0
MOD_42_00261,B_Scalar,0.7371780106333111,True,OPERATE,0.0,0.0,0.0,0,False,False,False,0.11794848170132978
MOD_42_00261,C_UncertaintyThresh,0.7371780106333111,True,RETIRE,20.0,1.5,18.40088888888889,1,False,True,True,0.0
MOD_42_00261,D_RC_VOI,0.7371780106333111,True,DERATE,0.0,0.0,0.0,0,False,False,False,0.09435878536106383
MOD_42_00262,A_Fixed,0.4393008410861508,False,RETIRE,800.0,34.5,185.83155555555555,3,False,False,False,0.0
MOD_42_00262,B_Scalar,0.4393008410861508,False,RETIRE,0.0,0.0,0.0,0,False,False,False,0.0
MOD_42_00262,C_UncertaintyThresh,0.4393008410861508,False,RETIRE,0.0,0.0,0.0,0,False,False,False,0.0
MOD_42_00262,D_RC_VOI,0.4393008410861508,False,RETIRE,0.0,0.0,0.0,0,False,False,False,0.0
MOD_42_00263,A_Fixed,0.7827808637737409,True,RETIRE,800.0,34.5,185.83155555555555,3,False,True,True,0.0
MOD_42_00263,B_Scalar,0.7827808637737409,True,OPERATE,0.0,0.0,0.0,0,False,False,False,0.12524493820379853
MOD_42_00263,C_UncertaintyThresh,0.7827808637737409,True,RETIRE,20.0,1.5,18.40088888888889,1,False,True,True,0.0
MOD_42_00263,D_RC_VOI,0.7827808637737409,True,OPERATE,600.0,25.0,119.86666666666667,1,False,False,False,0.12524493820379853
MOD_42_00264,A_Fixed,0.8532877597085061,True,OPERATE,800.0,34.5,185.83155555555555,3,False,False,False,0.13652604155336098
MOD_42_00264,B_Scalar,0.8532877597085061,True,OPERATE,0.0,0.0,0.0,0,False,False,False,0.13652604155336098
MOD_42_00264,C_UncertaintyThresh,0.8532877597085061,True,OPERATE,0.0,0.0,0.0,0,False,False,False,0.13652604155336098
MOD_42_00264,D_RC_VOI,0.8532877597085061,True,OPERATE,0.0,0.0,0.0,0,False,False,False,0.13652604155336098
MOD_42_00265,A_Fixed,0.6980284973559641,False,RETIRE,800.0,34.5,185.83155555555555,3,False,False,False,0.0
MOD_42_00265,B_Scalar,0.6980284973559641,False,RETIRE,0.0,0.0,0.0,0,False,False,False,0.0
MOD_42_00265,C_UncertaintyThresh,0.6980284973559641,False,RETIRE,20.0,1.5,18.40088888888889,1,False,False,False,0.0
MOD_42_00265,D_RC_VOI,0.6980284973559641,False,DERATE,600.0,25.0,119.86666666666667,1,False,False,False,0.0
MOD_42_00266,A_Fixed,0.8216126848580503,False,OPERATE,800.0,34.5,185.83155555555555,3,True,False,False,0.0
MOD_42_00266,B_Scalar,0.8216126848580503,False,OPERATE,0.0,0.0,0.0,0,True,False,False,0.0
MOD_42_00266,C_UncertaintyThresh,0.8216126848580503,False,OPERATE,0.0,0.0,0.0,0,True,False,False,0.0
MOD_42_00266,D_RC_VOI,0.8216126848580503,False,OPERATE,600.0,25.0,119.86666666666667,1,True,False,False,0.0
MOD_42_00267,A_Fixed,0.8082644115147379,True,RETIRE,800.0,34.5,185.83155555555555,3,False,True,True,0.0
MOD_42_00267,B_Scalar,0.8082644115147379,True,OPERATE,0.0,0.0,0.0,0,False,False,False,0.12932230584235807
MOD_42_00267,C_UncertaintyThresh,0.8082644115147379,True,RETIRE,20.0,1.5,18.40088888888889,1,False,True,True,0.0
MOD_42_00267,D_RC_VOI,0.8082644115147379,True,OPERATE,600.0,25.0,119.86666666666667,1,False,False,False,0.12932230584235807
MOD_42_00268,A_Fixed,0.8380392263184118,True,OPERATE,800.0,34.5,185.83155555555555,3,False,False,False,0.13408627621094588
MOD_42_00268,B_Scalar,0.8380392263184118,True,OPERATE,0.0,0.0,0.0,0,False,False,False,0.13408627621094588
MOD_42_00268,C_UncertaintyThresh,0.8380392263184118,True,RETIRE,20.0,1.5,18.40088888888889,1,False,True,True,0.0
MOD_42_00268,D_RC_VOI,0.8380392263184118,True,OPERATE,600.0,25.0,119.86666666666667,1,False,False,False,0.13408627621094588
MOD_42_00269,A_Fixed,0.6743437747251061,False,RETIRE,800.0,34.5,185.83155555555555,3,False,False,False,0.0
MOD_42_00269,B_Scalar,0.6743437747251061,False,OPERATE,0.0,0.0,0.0,0,True,False,False,0.0
MOD_42_00269,C_UncertaintyThresh,0.6743437747251061,False,RETIRE,20.0,1.5,18.40088888888889,1,False,False,False,0.0
MOD_42_00269,D_RC_VOI,0.6743437747251061,False,DERATE,600.0,25.0,119.86666666666667,1,False,False,False,0.0
MOD_42_00270,A_Fixed,0.8360970782808449,True,OPERATE,800.0,34.5,185.83155555555555,3,False,False,False,0.13377553252493518
MOD_42_00270,B_Scalar,0.8360970782808449,True,OPERATE,0.0,0.0,0.0,0,False,False,False,0.13377553252493518
MOD_42_00270,C_UncertaintyThresh,0.8360970782808449,True,OPERATE,0.0,0.0,0.0,0,False,False,False,0.13377553252493518
MOD_42_00270,D_RC_VOI,0.8360970782808449,True,OPERATE,0.0,0.0,0.0,0,False,False,False,0.13377553252493518
MOD_42_00271,A_Fixed,0.8615499761247976,False,RETIRE,800.0,34.5,185.83155555555555,3,False,False,False,0.0
MOD_42_00271,B_Scalar,0.8615499761247976,False,OPERATE,0.0,0.0,0.0,0,True,False,False,0.0
MOD_42_00271,C_UncertaintyThresh,0.8615499761247976,False,RETIRE,20.0,1.5,18.40088888888889,1,False,False,False,0.0
MOD_42_00271,D_RC_VOI,0.8615499761247976,False,RETIRE,20.0,1.5,18.40088888888889,1,False,False,False,0.0
MOD_42_00272,A_Fixed,0.3958463068211532,False,RETIRE,800.0,34.5,185.83155555555555,3,False,False,False,0.0
MOD_42_00272,B_Scalar,0.3958463068211532,False,RETIRE,0.0,0.0,0.0,0,False,False,False,0.0
MOD_42_00272,C_UncertaintyThresh,0.3958463068211532,False,RETIRE,0.0,0.0,0.0,0,False,False,False,0.0
MOD_42_00272,D_RC_VOI,0.3958463068211532,False,RETIRE,0.0,0.0,0.0,0,False,False,False,0.0
MOD_42_00273,A_Fixed,0.7671421221791859,True,RETIRE,800.0,34.5,185.83155555555555,3,False,True,True,0.0
MOD_42_00273,B_Scalar,0.7671421221791859,True,OPERATE,0.0,0.0,0.0,0,False,False,False,0.12274273954866974
MOD_42_00273,C_UncertaintyThresh,0.7671421221791859,True,RETIRE,20.0,1.5,18.40088888888889,1,False,True,True,0.0
MOD_42_00273,D_RC_VOI,0.7671421221791859,True,OPERATE,600.0,25.0,119.86666666666667,1,False,False,False,0.12274273954866974
MOD_42_00274,A_Fixed,0.8062777042116916,True,RETIRE,800.0,34.5,185.83155555555555,3,False,True,True,0.0
MOD_42_00274,B_Scalar,0.8062777042116916,True,OPERATE,0.0,0.0,0.0,0,False,False,False,0.12900443267387066
MOD_42_00274,C_UncertaintyThresh,0.8062777042116916,True,RETIRE,20.0,1.5,18.40088888888889,1,False,True,True,0.0
MOD_42_00274,D_RC_VOI,0.8062777042116916,True,OPERATE,600.0,25.0,119.86666666666667,1,False,False,False,0.12900443267387066
MOD_42_00275,A_Fixed,0.5439947622816604,False,RETIRE,800.0,34.5,185.83155555555555,3,False,False,False,0.0
MOD_42_00275,B_Scalar,0.5439947622816604,False,RETIRE,0.0,0.0,0.0,0,False,False,False,0.0
MOD_42_00275,C_UncertaintyThresh,0.5439947622816604,False,RETIRE,0.0,0.0,0.0,0,False,False,False,0.0
MOD_42_00275,D_RC_VOI,0.5439947622816604,False,RETIRE,0.0,0.0,0.0,0,False,False,False,0.0
MOD_42_00276,A_Fixed,0.8733455574593312,True,OPERATE,800.0,34.5,185.83155555555555,3,False,False,False,0.13973528919349298
MOD_42_00276,B_Scalar,0.8733455574593312,True,OPERATE,0.0,0.0,0.0,0,False,False,False,0.13973528919349298
MOD_42_00276,C_UncertaintyThresh,0.8733455574593312,True,OPERATE,620.0,26.5,138.26755555555556,2,False,False,False,0.13973528919349298
MOD_42_00276,D_RC_VOI,0.8733455574593312,True,OPERATE,600.0,25.0,119.86666666666667,1,False,False,False,0.13973528919349298
MOD_42_00277,A_Fixed,0.5153361371715879,False,RETIRE,800.0,34.5,185.83155555555555,3,False,False,False,0.0
MOD_42_00277,B_Scalar,0.5153361371715879,False,RETIRE,0.0,0.0,0.0,0,False,False,False,0.0
MOD_42_00277,C_UncertaintyThresh,0.5153361371715879,False,RETIRE,20.0,1.5,18.40088888888889,1,False,False,False,0.0
MOD_42_00277,D_RC_VOI,0.5153361371715879,False,RETIRE,600.0,25.0,119.86666666666667,1,False,False,False,0.0
MOD_42_00278,A_Fixed,0.8425695625652899,True,OPERATE,800.0,34.5,185.83155555555555,3,False,False,False,0.1348111300104464
MOD_42_00278,B_Scalar,0.8425695625652899,True,OPERATE,0.0,0.0,0.0,0,False,False,False,0.1348111300104464
MOD_42_00278,C_UncertaintyThresh,0.8425695625652899,True,OPERATE,620.0,26.5,138.26755555555556,2,False,False,False,0.1348111300104464
MOD_42_00278,D_RC_VOI,0.8425695625652899,True,OPERATE,600.0,25.0,119.86666666666667,1,False,False,False,0.1348111300104464
MOD_42_00279,A_Fixed,0.7799680655040598,False,RETIRE,800.0,34.5,185.83155555555555,3,False,False,False,0.0
MOD_42_00279,B_Scalar,0.7799680655040598,False,OPERATE,0.0,0.0,0.0,0,True,False,False,0.0
MOD_42_00279,C_UncertaintyThresh,0.7799680655040598,False,RETIRE,20.0,1.5,18.40088888888889,1,False,False,False,0.0
MOD_42_00279,D_RC_VOI,0.7799680655040598,False,OPERATE,600.0,25.0,119.86666666666667,1,True,False,False,0.0
MOD_42_00280,A_Fixed,0.8262041984697398,True,OPERATE,800.0,34.5,185.83155555555555,3,False,False,False,0.13219267175515836
MOD_42_00280,B_Scalar,0.8262041984697398,True,OPERATE,0.0,0.0,0.0,0,False,False,False,0.13219267175515836
MOD_42_00280,C_UncertaintyThresh,0.8262041984697398,True,RETIRE,20.0,1.5,18.40088888888889,1,False,True,True,0.0
MOD_42_00280,D_RC_VOI,0.8262041984697398,True,OPERATE,600.0,25.0,119.86666666666667,1,False,False,False,0.13219267175515836
MOD_42_00281,A_Fixed,0.8584322495266445,False,RETIRE,800.0,34.5,185.83155555555555,3,False,False,False,0.0
MOD_42_00281,B_Scalar,0.8584322495266445,False,OPERATE,0.0,0.0,0.0,0,True,False,False,0.0
MOD_42_00281,C_UncertaintyThresh,0.8584322495266445,False,RETIRE,20.0,1.5,18.40088888888889,1,False,False,False,0.0
MOD_42_00281,D_RC_VOI,0.8584322495266445,False,RETIRE,20.0,1.5,18.40088888888889,1,False,False,False,0.0
MOD_42_00282,A_Fixed,0.8302025428407269,True,OPERATE,800.0,34.5,185.83155555555555,3,False,False,False,0.1328324068545163
MOD_42_00282,B_Scalar,0.8302025428407269,True,OPERATE,0.0,0.0,0.0,0,False,False,False,0.1328324068545163
MOD_42_00282,C_UncertaintyThresh,0.8302025428407269,True,RETIRE,20.0,1.5,18.40088888888889,1,False,True,True,0.0
MOD_42_00282,D_RC_VOI,0.8302025428407269,True,OPERATE,600.0,25.0,119.86666666666667,1,False,False,False,0.1328324068545163
MOD_42_00283,A_Fixed,0.7604731837434656,True,RETIRE,800.0,34.5,185.83155555555555,3,False,True,True,0.0
MOD_42_00283,B_Scalar,0.7604731837434656,True,OPERATE,0.0,0.0,0.0,0,False,False,False,0.1216757093989545
MOD_42_00283,C_UncertaintyThresh,0.7604731837434656,True,RETIRE,20.0,1.5,18.40088888888889,1,False,True,True,0.0
MOD_42_00283,D_RC_VOI,0.7604731837434656,True,OPERATE,600.0,25.0,119.86666666666667,1,False,False,False,0.1216757093989545
MOD_42_00284,A_Fixed,0.49702030765388344,False,RETIRE,800.0,34.5,185.83155555555555,3,False,False,False,0.0
MOD_42_00284,B_Scalar,0.49702030765388344,False,RETIRE,0.0,0.0,0.0,0,False,False,False,0.0
MOD_42_00284,C_UncertaintyThresh,0.49702030765388344,False,RETIRE,0.0,0.0,0.0,0,False,False,False,0.0
MOD_42_00284,D_RC_VOI,0.49702030765388344,False,RETIRE,0.0,0.0,0.0,0,False,False,False,0.0
MOD_42_00285,A_Fixed,0.7655242785187238,True,RETIRE,800.0,34.5,185.83155555555555,3,False,True,True,0.0
MOD_42_00285,B_Scalar,0.7655242785187238,True,OPERATE,0.0,0.0,0.0,0,False,False,False,0.12248388456299582
MOD_42_00285,C_UncertaintyThresh,0.7655242785187238,True,RETIRE,20.0,1.5,18.40088888888889,1,False,True,True,0.0
MOD_42_00285,D_RC_VOI,0.7655242785187238,True,OPERATE,600.0,25.0,119.86666666666667,1,False,False,False,0.12248388456299582
MOD_42_00286,A_Fixed,0.7788650240089704,True,RETIRE,800.0,34.5,185.83155555555555,3,False,True,True,0.0
MOD_42_00286,B_Scalar,0.7788650240089704,True,OPERATE,0.0,0.0,0.0,0,False,False,False,0.12461840384143527
MOD_42_00286,C_UncertaintyThresh,0.7788650240089704,True,RETIRE,20.0,1.5,18.40088888888889,1,False,True,True,0.0
MOD_42_00286,D_RC_VOI,0.7788650240089704,True,OPERATE,600.0,25.0,119.86666666666667,1,False,False,False,0.12461840384143527
MOD_42_00287,A_Fixed,0.513960224256599,False,RETIRE,10.0,0.05,0.6944444444444444,1,False,False,False,0.0
MOD_42_00287,B_Scalar,0.513960224256599,False,RETIRE,10.0,0.05,0.6944444444444444,1,False,False,False,0.0
MOD_42_00287,C_UncertaintyThresh,0.513960224256599,False,RETIRE,10.0,0.05,0.6944444444444444,1,False,False,False,0.0
MOD_42_00287,D_RC_VOI,0.513960224256599,False,RETIRE,10.0,0.05,0.6944444444444444,1,False,False,False,0.0
MOD_42_00288,A_Fixed,0.98,False,RETIRE,800.0,34.5,185.83155555555555,3,False,False,False,0.0
MOD_42_00288,B_Scalar,0.98,False,OPERATE,0.0,0.0,0.0,0,True,False,False,0.0
MOD_42_00288,C_UncertaintyThresh,0.98,False,RETIRE,20.0,1.5,18.40088888888889,1,False,False,False,0.0
MOD_42_00288,D_RC_VOI,0.98,False,RETIRE,20.0,1.5,18.40088888888889,1,False,False,False,0.0
MOD_42_00289,A_Fixed,0.5423169355505342,False,RETIRE,800.0,34.5,185.83155555555555,3,False,False,False,0.0
MOD_42_00289,B_Scalar,0.5423169355505342,False,RETIRE,0.0,0.0,0.0,0,False,False,False,0.0
MOD_42_00289,C_UncertaintyThresh,0.5423169355505342,False,RETIRE,20.0,1.5,18.40088888888889,1,False,False,False,0.0
MOD_42_00289,D_RC_VOI,0.5423169355505342,False,RETIRE,0.0,0.0,0.0,0,False,False,False,0.0
MOD_42_00290,A_Fixed,0.8213729967302065,True,OPERATE,800.0,34.5,185.83155555555555,3,False,False,False,0.13141967947683303
MOD_42_00290,B_Scalar,0.8213729967302065,True,OPERATE,0.0,0.0,0.0,0,False,False,False,0.13141967947683303
MOD_42_00290,C_UncertaintyThresh,0.8213729967302065,True,OPERATE,0.0,0.0,0.0,0,False,False,False,0.13141967947683303
MOD_42_00290,D_RC_VOI,0.8213729967302065,True,OPERATE,620.0,26.5,138.26755555555556,2,False,False,False,0.13141967947683303
MOD_42_00291,A_Fixed,0.7981590696629997,True,OPERATE,800.0,34.5,185.83155555555555,3,False,False,False,0.12770545114607995
MOD_42_00291,B_Scalar,0.7981590696629997,True,OPERATE,0.0,0.0,0.0,0,False,False,False,0.12770545114607995
MOD_42_00291,C_UncertaintyThresh,0.7981590696629997,True,OPERATE,0.0,0.0,0.0,0,False,False,False,0.12770545114607995
MOD_42_00291,D_RC_VOI,0.7981590696629997,True,OPERATE,0.0,0.0,0.0,0,False,False,False,0.12770545114607995
MOD_42_00292,A_Fixed,0.5672049176029258,False,RETIRE,800.0,34.5,185.83155555555555,3,False,False,False,0.0
MOD_42_00292,B_Scalar,0.5672049176029258,False,RETIRE,0.0,0.0,0.0,0,False,False,False,0.0
MOD_42_00292,C_UncertaintyThresh,0.5672049176029258,False,RETIRE,0.0,0.0,0.0,0,False,False,False,0.0
MOD_42_00292,D_RC_VOI,0.5672049176029258,False,RETIRE,0.0,0.0,0.0,0,False,False,False,0.0
MOD_42_00293,A_Fixed,0.7528514851084689,False,RETIRE,800.0,34.5,185.83155555555555,3,False,False,False,0.0
MOD_42_00293,B_Scalar,0.7528514851084689,False,OPERATE,0.0,0.0,0.0,0,True,False,False,0.0
MOD_42_00293,C_UncertaintyThresh,0.7528514851084689,False,RETIRE,20.0,1.5,18.40088888888889,1,False,False,False,0.0
MOD_42_00293,D_RC_VOI,0.7528514851084689,False,RETIRE,20.0,1.5,18.40088888888889,1,False,False,False,0.0
MOD_42_00294,A_Fixed,0.5994949769193529,False,RETIRE,800.0,34.5,185.83155555555555,3,False,False,False,0.0
MOD_42_00294,B_Scalar,0.5994949769193529,False,RETIRE,0.0,0.0,0.0,0,False,False,False,0.0
MOD_42_00294,C_UncertaintyThresh,0.5994949769193529,False,RETIRE,20.0,1.5,18.40088888888889,1,False,False,False,0.0
MOD_42_00294,D_RC_VOI,0.5994949769193529,False,RETIRE,600.0,25.0,119.86666666666667,1,False,False,False,0.0
MOD_42_00295,A_Fixed,0.5082196502811335,False,RETIRE,800.0,34.5,185.83155555555555,3,False,False,False,0.0
MOD_42_00295,B_Scalar,0.5082196502811335,False,RETIRE,0.0,0.0,0.0,0,False,False,False,0.0
MOD_42_00295,C_UncertaintyThresh,0.5082196502811335,False,RETIRE,0.0,0.0,0.0,0,False,False,False,0.0
MOD_42_00295,D_RC_VOI,0.5082196502811335,False,RETIRE,0.0,0.0,0.0,0,False,False,False,0.0
MOD_42_00296,A_Fixed,0.5837584475011793,False,RETIRE,800.0,34.5,185.83155555555555,3,False,False,False,0.0
MOD_42_00296,B_Scalar,0.5837584475011793,False,RETIRE,0.0,0.0,0.0,0,False,False,False,0.0
MOD_42_00296,C_UncertaintyThresh,0.5837584475011793,False,RETIRE,20.0,1.5,18.40088888888889,1,False,False,False,0.0
MOD_42_00296,D_RC_VOI,0.5837584475011793,False,RETIRE,600.0,25.0,119.86666666666667,1,False,False,False,0.0
MOD_42_00297,A_Fixed,0.7868291153593769,True,RETIRE,800.0,34.5,185.83155555555555,3,False,True,True,0.0
MOD_42_00297,B_Scalar,0.7868291153593769,True,OPERATE,0.0,0.0,0.0,0,False,False,False,0.1258926584575003
MOD_42_00297,C_UncertaintyThresh,0.7868291153593769,True,RETIRE,20.0,1.5,18.40088888888889,1,False,True,True,0.0
MOD_42_00297,D_RC_VOI,0.7868291153593769,True,OPERATE,600.0,25.0,119.86666666666667,1,False,False,False,0.1258926584575003
MOD_42_00298,A_Fixed,0.7439771693457863,True,RETIRE,800.0,34.5,185.83155555555555,3,False,True,True,0.0
MOD_42_00298,B_Scalar,0.7439771693457863,True,OPERATE,0.0,0.0,0.0,0,False,False,False,0.1190363470953258
MOD_42_00298,C_UncertaintyThresh,0.7439771693457863,True,RETIRE,20.0,1.5,18.40088888888889,1,False,True,True,0.0
MOD_42_00298,D_RC_VOI,0.7439771693457863,True,OPERATE,600.0,25.0,119.86666666666667,1,False,False,False,0.1190363470953258
MOD_42_00299,A_Fixed,0.5424659478316236,False,RETIRE,800.0,34.5,185.83155555555555,3,False,False,False,0.0
MOD_42_00299,B_Scalar,0.5424659478316236,False,RETIRE,0.0,0.0,0.0,0,False,False,False,0.0
MOD_42_00299,C_UncertaintyThresh,0.5424659478316236,False,RETIRE,0.0,0.0,0.0,0,False,False,False,0.0
MOD_42_00299,D_RC_VOI,0.5424659478316236,False,RETIRE,0.0,0.0,0.0,0,False,False,False,0.0
MOD_42_00300,A_Fixed,0.8893008408072677,True,OPERATE,800.0,34.5,185.83155555555555,3,False,False,False,0.14228813452916284
MOD_42_00300,B_Scalar,0.8893008408072677,True,OPERATE,0.0,0.0,0.0,0,False,False,False,0.14228813452916284
MOD_42_00300,C_UncertaintyThresh,0.8893008408072677,True,OPERATE,0.0,0.0,0.0,0,False,False,False,0.14228813452916284
MOD_42_00300,D_RC_VOI,0.8893008408072677,True,OPERATE,0.0,0.0,0.0,0,False,False,False,0.14228813452916284
MOD_42_00301,A_Fixed,0.850643105941948,True,OPERATE,800.0,34.5,185.83155555555555,3,False,False,False,0.13610289695071168
MOD_42_00301,B_Scalar,0.850643105941948,True,OPERATE,0.0,0.0,0.0,0,False,False,False,0.13610289695071168
MOD_42_00301,C_UncertaintyThresh,0.850643105941948,True,OPERATE,0.0,0.0,0.0,0,False,False,False,0.13610289695071168
MOD_42_00301,D_RC_VOI,0.850643105941948,True,OPERATE,0.0,0.0,0.0,0,False,False,False,0.13610289695071168
MOD_42_00302,A_Fixed,0.46937602152285307,False,RETIRE,800.0,34.5,185.83155555555555,3,False,False,False,0.0
MOD_42_00302,B_Scalar,0.46937602152285307,False,RETIRE,0.0,0.0,0.0,0,False,False,False,0.0
MOD_42_00302,C_UncertaintyThresh,0.46937602152285307,False,RETIRE,0.0,0.0,0.0,0,False,False,False,0.0
MOD_42_00302,D_RC_VOI,0.46937602152285307,False,RETIRE,0.0,0.0,0.0,0,False,False,False,0.0
MOD_42_00303,A_Fixed,0.7853499532670584,True,RETIRE,800.0,34.5,185.83155555555555,3,False,True,True,0.0
MOD_42_00303,B_Scalar,0.7853499532670584,True,OPERATE,0.0,0.0,0.0,0,False,False,False,0.12565599252272935
MOD_42_00303,C_UncertaintyThresh,0.7853499532670584,True,RETIRE,20.0,1.5,18.40088888888889,1,False,True,True,0.0
MOD_42_00303,D_RC_VOI,0.7853499532670584,True,OPERATE,600.0,25.0,119.86666666666667,1,False,False,False,0.12565599252272935
MOD_42_00304,A_Fixed,0.5579958642278684,False,RETIRE,800.0,34.5,185.83155555555555,3,False,False,False,0.0
MOD_42_00304,B_Scalar,0.5579958642278684,False,RETIRE,0.0,0.0,0.0,0,False,False,False,0.0
MOD_42_00304,C_UncertaintyThresh,0.5579958642278684,False,RETIRE,20.0,1.5,18.40088888888889,1,False,False,False,0.0
MOD_42_00304,D_RC_VOI,0.5579958642278684,False,RETIRE,600.0,25.0,119.86666666666667,1,False,False,False,0.0
MOD_42_00305,A_Fixed,0.800381951760944,True,RETIRE,800.0,34.5,185.83155555555555,3,False,True,True,0.0
MOD_42_00305,B_Scalar,0.800381951760944,True,RETIRE,0.0,0.0,0.0,0,False,True,True,0.0
MOD_42_00305,C_UncertaintyThresh,0.800381951760944,True,RETIRE,20.0,1.5,18.40088888888889,1,False,True,True,0.0
MOD_42_00305,D_RC_VOI,0.800381951760944,True,OPERATE,600.0,25.0,119.86666666666667,1,False,False,False,0.12806111228175104
MOD_42_00306,A_Fixed,0.688309789933233,False,RETIRE,10.0,0.05,0.6944444444444444,1,False,False,False,0.0
MOD_42_00306,B_Scalar,0.688309789933233,False,RETIRE,10.0,0.05,0.6944444444444444,1,False,False,False,0.0
MOD_42_00306,C_UncertaintyThresh,0.688309789933233,False,RETIRE,10.0,0.05,0.6944444444444444,1,False,False,False,0.0
MOD_42_00306,D_RC_VOI,0.688309789933233,False,RETIRE,10.0,0.05,0.6944444444444444,1,False,False,False,0.0
MOD_42_00307,A_Fixed,0.5896236505369519,False,RETIRE,800.0,34.5,185.83155555555555,3,False,False,False,0.0
MOD_42_00307,B_Scalar,0.5896236505369519,False,RETIRE,0.0,0.0,0.0,0,False,False,False,0.0
MOD_42_00307,C_UncertaintyThresh,0.5896236505369519,False,RETIRE,20.0,1.5,18.40088888888889,1,False,False,False,0.0
MOD_42_00307,D_RC_VOI,0.5896236505369519,False,RETIRE,600.0,25.0,119.86666666666667,1,False,False,False,0.0
MOD_42_00308,A_Fixed,0.4756424399596117,False,RETIRE,800.0,34.5,185.83155555555555,3,False,False,False,0.0
MOD_42_00308,B_Scalar,0.4756424399596117,False,RETIRE,0.0,0.0,0.0,0,False,False,False,0.0
MOD_42_00308,C_UncertaintyThresh,0.4756424399596117,False,RETIRE,0.0,0.0,0.0,0,False,False,False,0.0
MOD_42_00308,D_RC_VOI,0.4756424399596117,False,RETIRE,0.0,0.0,0.0,0,False,False,False,0.0
MOD_42_00309,A_Fixed,0.41686142577919194,False,RETIRE,800.0,34.5,185.83155555555555,3,False,False,False,0.0
MOD_42_00309,B_Scalar,0.41686142577919194,False,RETIRE,0.0,0.0,0.0,0,False,False,False,0.0
MOD_42_00309,C_UncertaintyThresh,0.41686142577919194,False,RETIRE,0.0,0.0,0.0,0,False,False,False,0.0
MOD_42_00309,D_RC_VOI,0.41686142577919194,False,RETIRE,0.0,0.0,0.0,0,False,False,False,0.0
MOD_42_00310,A_Fixed,0.645080770880051,False,RETIRE,800.0,34.5,185.83155555555555,3,False,False,False,0.0
MOD_42_00310,B_Scalar,0.645080770880051,False,RETIRE,0.0,0.0,0.0,0,False,False,False,0.0
MOD_42_00310,C_UncertaintyThresh,0.645080770880051,False,RETIRE,20.0,1.5,18.40088888888889,1,False,False,False,0.0
MOD_42_00310,D_RC_VOI,0.645080770880051,False,RETIRE,600.0,25.0,119.86666666666667,1,False,False,False,0.0
MOD_42_00311,A_Fixed,0.5201210770754756,False,RETIRE,800.0,34.5,185.83155555555555,3,False,False,False,0.0
MOD_42_00311,B_Scalar,0.5201210770754756,False,RETIRE,0.0,0.0,0.0,0,False,False,False,0.0
MOD_42_00311,C_UncertaintyThresh,0.5201210770754756,False,RETIRE,0.0,0.0,0.0,0,False,False,False,0.0
MOD_42_00311,D_RC_VOI,0.5201210770754756,False,RETIRE,0.0,0.0,0.0,0,False,False,False,0.0
MOD_42_00312,A_Fixed,0.887496720250877,True,OPERATE,800.0,34.5,185.83155555555555,3,False,False,False,0.1419994752401403
MOD_42_00312,B_Scalar,0.887496720250877,True,OPERATE,0.0,0.0,0.0,0,False,False,False,0.1419994752401403
MOD_42_00312,C_UncertaintyThresh,0.887496720250877,True,OPERATE,0.0,0.0,0.0,0,False,False,False,0.1419994752401403
MOD_42_00312,D_RC_VOI,0.887496720250877,True,OPERATE,0.0,0.0,0.0,0,False,False,False,0.1419994752401403
MOD_42_00313,A_Fixed,0.7204272673954564,True,RETIRE,800.0,34.5,185.83155555555555,3,False,True,True,0.0
MOD_42_00313,B_Scalar,0.7204272673954564,True,RETIRE,0.0,0.0,0.0,0,False,True,True,0.0
MOD_42_00313,C_UncertaintyThresh,0.7204272673954564,True,RETIRE,20.0,1.5,18.40088888888889,1,False,True,True,0.0
MOD_42_00313,D_RC_VOI,0.7204272673954564,True,RETIRE,20.0,1.5,18.40088888888889,1,False,True,True,0.0
MOD_42_00314,A_Fixed,0.5542891326677605,False,RETIRE,10.0,0.05,0.6944444444444444,1,False,False,False,0.0
MOD_42_00314,B_Scalar,0.5542891326677605,False,RETIRE,10.0,0.05,0.6944444444444444,1,False,False,False,0.0
MOD_42_00314,C_UncertaintyThresh,0.5542891326677605,False,RETIRE,10.0,0.05,0.6944444444444444,1,False,False,False,0.0
MOD_42_00314,D_RC_VOI,0.5542891326677605,False,RETIRE,10.0,0.05,0.6944444444444444,1,False,False,False,0.0
MOD_42_00315,A_Fixed,0.8341236207621593,True,OPERATE,800.0,34.5,185.83155555555555,3,False,False,False,0.1334597793219455
MOD_42_00315,B_Scalar,0.8341236207621593,True,OPERATE,0.0,0.0,0.0,0,False,False,False,0.1334597793219455
MOD_42_00315,C_UncertaintyThresh,0.8341236207621593,True,RETIRE,20.0,1.5,18.40088888888889,1,False,True,True,0.0
MOD_42_00315,D_RC_VOI,0.8341236207621593,True,OPERATE,600.0,25.0,119.86666666666667,1,False,False,False,0.1334597793219455
MOD_42_00316,A_Fixed,0.8479484610246635,True,OPERATE,800.0,34.5,185.83155555555555,3,False,False,False,0.13567175376394616
MOD_42_00316,B_Scalar,0.8479484610246635,True,OPERATE,0.0,0.0,0.0,0,False,False,False,0.13567175376394616
MOD_42_00316,C_UncertaintyThresh,0.8479484610246635,True,OPERATE,620.0,26.5,138.26755555555556,2,False,False,False,0.13567175376394616
MOD_42_00316,D_RC_VOI,0.8479484610246635,True,OPERATE,600.0,25.0,119.86666666666667,1,False,False,False,0.13567175376394616
MOD_42_00317,A_Fixed,0.7561127611035348,True,RETIRE,800.0,34.5,185.83155555555555,3,False,True,True,0.0
MOD_42_00317,B_Scalar,0.7561127611035348,True,OPERATE,0.0,0.0,0.0,0,False,False,False,0.12097804177656557
MOD_42_00317,C_UncertaintyThresh,0.7561127611035348,True,RETIRE,20.0,1.5,18.40088888888889,1,False,True,True,0.0
MOD_42_00317,D_RC_VOI,0.7561127611035348,True,OPERATE,600.0,25.0,119.86666666666667,1,False,False,False,0.12097804177656557
MOD_42_00318,A_Fixed,0.6397834884098609,False,RETIRE,800.0,34.5,185.83155555555555,3,False,False,False,0.0
MOD_42_00318,B_Scalar,0.6397834884098609,False,RETIRE,0.0,0.0,0.0,0,False,False,False,0.0
MOD_42_00318,C_UncertaintyThresh,0.6397834884098609,False,RETIRE,20.0,1.5,18.40088888888889,1,False,False,False,0.0
MOD_42_00318,D_RC_VOI,0.6397834884098609,False,RETIRE,20.0,1.5,18.40088888888889,1,False,False,False,0.0
MOD_42_00319,A_Fixed,0.7504348251398676,True,RETIRE,800.0,34.5,185.83155555555555,3,False,True,True,0.0
MOD_42_00319,B_Scalar,0.7504348251398676,True,OPERATE,0.0,0.0,0.0,0,False,False,False,0.12006957202237882
MOD_42_00319,C_UncertaintyThresh,0.7504348251398676,True,OPERATE,0.0,0.0,0.0,0,False,False,False,0.12006957202237882
MOD_42_00319,D_RC_VOI,0.7504348251398676,True,RETIRE,20.0,1.5,18.40088888888889,1,False,True,True,0.0
MOD_42_00320,A_Fixed,0.8524801048510513,True,OPERATE,800.0,34.5,185.83155555555555,3,False,False,False,0.13639681677616822
MOD_42_00320,B_Scalar,0.8524801048510513,True,OPERATE,0.0,0.0,0.0,0,False,False,False,0.13639681677616822
MOD_42_00320,C_UncertaintyThresh,0.8524801048510513,True,OPERATE,0.0,0.0,0.0,0,False,False,False,0.13639681677616822
MOD_42_00320,D_RC_VOI,0.8524801048510513,True,OPERATE,620.0,26.5,138.26755555555556,2,False,False,False,0.13639681677616822
MOD_42_00321,A_Fixed,0.6231128034947726,False,RETIRE,800.0,34.5,185.83155555555555,3,False,False,False,0.0
MOD_42_00321,B_Scalar,0.6231128034947726,False,RETIRE,0.0,0.0,0.0,0,False,False,False,0.0
MOD_42_00321,C_UncertaintyThresh,0.6231128034947726,False,RETIRE,20.0,1.5,18.40088888888889,1,False,False,False,0.0
MOD_42_00321,D_RC_VOI,0.6231128034947726,False,RETIRE,600.0,25.0,119.86666666666667,1,False,False,False,0.0
MOD_42_00322,A_Fixed,0.880139715546805,True,OPERATE,800.0,34.5,185.83155555555555,3,False,False,False,0.1408223544874888
MOD_42_00322,B_Scalar,0.880139715546805,True,OPERATE,0.0,0.0,0.0,0,False,False,False,0.1408223544874888
MOD_42_00322,C_UncertaintyThresh,0.880139715546805,True,OPERATE,0.0,0.0,0.0,0,False,False,False,0.1408223544874888
MOD_42_00322,D_RC_VOI,0.880139715546805,True,OPERATE,0.0,0.0,0.0,0,False,False,False,0.1408223544874888
MOD_42_00323,A_Fixed,0.5819608139407154,False,RETIRE,800.0,34.5,185.83155555555555,3,False,False,False,0.0
MOD_42_00323,B_Scalar,0.5819608139407154,False,OPERATE,0.0,0.0,0.0,0,True,False,False,0.0
MOD_42_00323,C_UncertaintyThresh,0.5819608139407154,False,RETIRE,20.0,1.5,18.40088888888889,1,False,False,False,0.0
MOD_42_00323,D_RC_VOI,0.5819608139407154,False,DERATE,0.0,0.0,0.0,0,False,False,False,0.0
MOD_42_00324,A_Fixed,0.7040921580418018,True,RETIRE,800.0,34.5,185.83155555555555,3,False,True,True,0.0
MOD_42_00324,B_Scalar,0.7040921580418018,True,OPERATE,0.0,0.0,0.0,0,False,False,False,0.11265474528668828
MOD_42_00324,C_UncertaintyThresh,0.7040921580418018,True,RETIRE,20.0,1.5,18.40088888888889,1,False,True,True,0.0
MOD_42_00324,D_RC_VOI,0.7040921580418018,True,DERATE,600.0,25.0,119.86666666666667,1,False,False,False,0.09012379622935063
MOD_42_00325,A_Fixed,0.5240219593605931,False,RETIRE,800.0,34.5,185.83155555555555,3,False,False,False,0.0
MOD_42_00325,B_Scalar,0.5240219593605931,False,RETIRE,0.0,0.0,0.0,0,False,False,False,0.0
MOD_42_00325,C_UncertaintyThresh,0.5240219593605931,False,RETIRE,0.0,0.0,0.0,0,False,False,False,0.0
MOD_42_00325,D_RC_VOI,0.5240219593605931,False,RETIRE,0.0,0.0,0.0,0,False,False,False,0.0
MOD_42_00326,A_Fixed,0.7849121478207732,True,RETIRE,800.0,34.5,185.83155555555555,3,False,True,True,0.0
MOD_42_00326,B_Scalar,0.7849121478207732,True,OPERATE,0.0,0.0,0.0,0,False,False,False,0.12558594365132372
MOD_42_00326,C_UncertaintyThresh,0.7849121478207732,True,RETIRE,20.0,1.5,18.40088888888889,1,False,True,True,0.0
MOD_42_00326,D_RC_VOI,0.7849121478207732,True,OPERATE,600.0,25.0,119.86666666666667,1,False,False,False,0.12558594365132372
MOD_42_00327,A_Fixed,0.829265868986442,True,OPERATE,800.0,34.5,185.83155555555555,3,False,False,False,0.13268253903783073
MOD_42_00327,B_Scalar,0.829265868986442,True,OPERATE,0.0,0.0,0.0,0,False,False,False,0.13268253903783073
MOD_42_00327,C_UncertaintyThresh,0.829265868986442,True,RETIRE,20.0,1.5,18.40088888888889,1,False,True,True,0.0
MOD_42_00327,D_RC_VOI,0.829265868986442,True,OPERATE,600.0,25.0,119.86666666666667,1,False,False,False,0.13268253903783073
MOD_42_00328,A_Fixed,0.8616232630275574,False,RETIRE,800.0,34.5,185.83155555555555,3,False,False,False,0.0
MOD_42_00328,B_Scalar,0.8616232630275574,False,OPERATE,0.0,0.0,0.0,0,True,False,False,0.0
MOD_42_00328,C_UncertaintyThresh,0.8616232630275574,False,RETIRE,20.0,1.5,18.40088888888889,1,False,False,False,0.0
MOD_42_00328,D_RC_VOI,0.8616232630275574,False,RETIRE,20.0,1.5,18.40088888888889,1,False,False,False,0.0
MOD_42_00329,A_Fixed,0.4952629182488838,False,RETIRE,800.0,34.5,185.83155555555555,3,False,False,False,0.0
MOD_42_00329,B_Scalar,0.4952629182488838,False,RETIRE,0.0,0.0,0.0,0,False,False,False,0.0
MOD_42_00329,C_UncertaintyThresh,0.4952629182488838,False,RETIRE,20.0,1.5,18.40088888888889,1,False,False,False,0.0
MOD_42_00329,D_RC_VOI,0.4952629182488838,False,RETIRE,0.0,0.0,0.0,0,False,False,False,0.0
MOD_42_00330,A_Fixed,0.8248060138532288,True,OPERATE,800.0,34.5,185.83155555555555,3,False,False,False,0.1319689622165166
MOD_42_00330,B_Scalar,0.8248060138532288,True,OPERATE,0.0,0.0,0.0,0,False,False,False,0.1319689622165166
MOD_42_00330,C_UncertaintyThresh,0.8248060138532288,True,OPERATE,0.0,0.0,0.0,0,False,False,False,0.1319689622165166
MOD_42_00330,D_RC_VOI,0.8248060138532288,True,RETIRE,20.0,1.5,18.40088888888889,1,False,True,True,0.0
MOD_42_00331,A_Fixed,0.6790253049578769,False,RETIRE,800.0,34.5,185.83155555555555,3,False,False,False,0.0
MOD_42_00331,B_Scalar,0.6790253049578769,False,RETIRE,0.0,0.0,0.0,0,False,False,False,0.0
MOD_42_00331,C_UncertaintyThresh,0.6790253049578769,False,RETIRE,0.0,0.0,0.0,0,False,False,False,0.0
MOD_42_00331,D_RC_VOI,0.6790253049578769,False,RETIRE,20.0,1.5,18.40088888888889,1,False,False,False,0.0
MOD_42_00332,A_Fixed,0.5682354094798289,False,RETIRE,10.0,0.05,0.6944444444444444,1,False,False,False,0.0
MOD_42_00332,B_Scalar,0.5682354094798289,False,RETIRE,10.0,0.05,0.6944444444444444,1,False,False,False,0.0
MOD_42_00332,C_UncertaintyThresh,0.5682354094798289,False,RETIRE,10.0,0.05,0.6944444444444444,1,False,False,False,0.0
MOD_42_00332,D_RC_VOI,0.5682354094798289,False,RETIRE,10.0,0.05,0.6944444444444444,1,False,False,False,0.0
MOD_42_00333,A_Fixed,0.7734816684141432,True,RETIRE,800.0,34.5,185.83155555555555,3,False,True,True,0.0
MOD_42_00333,B_Scalar,0.7734816684141432,True,RETIRE,0.0,0.0,0.0,0,False,True,True,0.0
MOD_42_00333,C_UncertaintyThresh,0.7734816684141432,True,RETIRE,20.0,1.5,18.40088888888889,1,False,True,True,0.0
MOD_42_00333,D_RC_VOI,0.7734816684141432,True,RETIRE,20.0,1.5,18.40088888888889,1,False,True,True,0.0
MOD_42_00334,A_Fixed,0.650531180555956,False,RETIRE,800.0,34.5,185.83155555555555,3,False,False,False,0.0
MOD_42_00334,B_Scalar,0.650531180555956,False,RETIRE,0.0,0.0,0.0,0,False,False,False,0.0
MOD_42_00334,C_UncertaintyThresh,0.650531180555956,False,RETIRE,20.0,1.5,18.40088888888889,1,False,False,False,0.0
MOD_42_00334,D_RC_VOI,0.650531180555956,False,DERATE,600.0,25.0,119.86666666666667,1,False,False,False,0.0
MOD_42_00335,A_Fixed,0.9032887255572379,False,RETIRE,800.0,34.5,185.83155555555555,3,False,False,False,0.0
MOD_42_00335,B_Scalar,0.9032887255572379,False,OPERATE,0.0,0.0,0.0,0,True,False,False,0.0
MOD_42_00335,C_UncertaintyThresh,0.9032887255572379,False,RETIRE,20.0,1.5,18.40088888888889,1,False,False,False,0.0
MOD_42_00335,D_RC_VOI,0.9032887255572379,False,RETIRE,20.0,1.5,18.40088888888889,1,False,False,False,0.0
MOD_42_00336,A_Fixed,0.714061439235048,True,RETIRE,800.0,34.5,185.83155555555555,3,False,True,True,0.0
MOD_42_00336,B_Scalar,0.714061439235048,True,OPERATE,0.0,0.0,0.0,0,False,False,False,0.11424983027760767
MOD_42_00336,C_UncertaintyThresh,0.714061439235048,True,RETIRE,20.0,1.5,18.40088888888889,1,False,True,True,0.0
MOD_42_00336,D_RC_VOI,0.714061439235048,True,DERATE,600.0,25.0,119.86666666666667,1,False,False,False,0.09139986422208614
MOD_42_00337,A_Fixed,0.7237541083743484,True,RETIRE,800.0,34.5,185.83155555555555,3,False,True,True,0.0
MOD_42_00337,B_Scalar,0.7237541083743484,True,OPERATE,0.0,0.0,0.0,0,False,False,False,0.11580065733989575
MOD_42_00337,C_UncertaintyThresh,0.7237541083743484,True,OPERATE,0.0,0.0,0.0,0,False,False,False,0.11580065733989575
MOD_42_00337,D_RC_VOI,0.7237541083743484,True,RETIRE,20.0,1.5,18.40088888888889,1,False,True,True,0.0
MOD_42_00338,A_Fixed,0.6121369377679153,False,RETIRE,800.0,34.5,185.83155555555555,3,False,False,False,0.0
MOD_42_00338,B_Scalar,0.6121369377679153,False,RETIRE,0.0,0.0,0.0,0,False,False,False,0.0
MOD_42_00338,C_UncertaintyThresh,0.6121369377679153,False,RETIRE,0.0,0.0,0.0,0,False,False,False,0.0
MOD_42_00338,D_RC_VOI,0.6121369377679153,False,RETIRE,0.0,0.0,0.0,0,False,False,False,0.0
MOD_42_00339,A_Fixed,0.5600828681216741,False,RETIRE,800.0,34.5,185.83155555555555,3,False,False,False,0.0
MOD_42_00339,B_Scalar,0.5600828681216741,False,RETIRE,0.0,0.0,0.0,0,False,False,False,0.0
MOD_42_00339,C_UncertaintyThresh,0.5600828681216741,False,RETIRE,0.0,0.0,0.0,0,False,False,False,0.0
MOD_42_00339,D_RC_VOI,0.5600828681216741,False,RETIRE,0.0,0.0,0.0,0,False,False,False,0.0
MOD_42_00340,A_Fixed,0.8063994939209833,True,OPERATE,800.0,34.5,185.83155555555555,3,False,False,False,0.12902391902735733
MOD_42_00340,B_Scalar,0.8063994939209833,True,OPERATE,0.0,0.0,0.0,0,False,False,False,0.12902391902735733
MOD_42_00340,C_UncertaintyThresh,0.8063994939209833,True,OPERATE,0.0,0.0,0.0,0,False,False,False,0.12902391902735733
MOD_42_00340,D_RC_VOI,0.8063994939209833,True,DERATE,20.0,1.5,18.40088888888889,1,False,False,False,0.10321913522188586
MOD_42_00341,A_Fixed,0.49718061420645004,False,RETIRE,800.0,34.5,185.83155555555555,3,False,False,False,0.0
MOD_42_00341,B_Scalar,0.49718061420645004,False,RETIRE,0.0,0.0,0.0,0,False,False,False,0.0
MOD_42_00341,C_UncertaintyThresh,0.49718061420645004,False,RETIRE,0.0,0.0,0.0,0,False,False,False,0.0
MOD_42_00341,D_RC_VOI,0.49718061420645004,False,RETIRE,0.0,0.0,0.0,0,False,False,False,0.0
MOD_42_00342,A_Fixed,0.46621970323218603,False,RETIRE,800.0,34.5,185.83155555555555,3,False,False,False,0.0
MOD_42_00342,B_Scalar,0.46621970323218603,False,RETIRE,0.0,0.0,0.0,0,False,False,False,0.0
MOD_42_00342,C_UncertaintyThresh,0.46621970323218603,False,RETIRE,0.0,0.0,0.0,0,False,False,False,0.0
MOD_42_00342,D_RC_VOI,0.46621970323218603,False,RETIRE,0.0,0.0,0.0,0,False,False,False,0.0
MOD_42_00343,A_Fixed,0.7435906975550786,True,RETIRE,800.0,34.5,185.83155555555555,3,False,True,True,0.0
MOD_42_00343,B_Scalar,0.7435906975550786,True,OPERATE,0.0,0.0,0.0,0,False,False,False,0.11897451160881257
MOD_42_00343,C_UncertaintyThresh,0.7435906975550786,True,RETIRE,20.0,1.5,18.40088888888889,1,False,True,True,0.0
MOD_42_00343,D_RC_VOI,0.7435906975550786,True,DERATE,0.0,0.0,0.0,0,False,False,False,0.09517960928705006
MOD_42_00344,A_Fixed,0.5985639949886109,False,RETIRE,800.0,34.5,185.83155555555555,3,False,False,False,0.0
MOD_42_00344,B_Scalar,0.5985639949886109,False,RETIRE,0.0,0.0,0.0,0,False,False,False,0.0
MOD_42_00344,C_UncertaintyThresh,0.5985639949886109,False,RETIRE,20.0,1.5,18.40088888888889,1,False,False,False,0.0
MOD_42_00344,D_RC_VOI,0.5985639949886109,False,RETIRE,600.0,25.0,119.86666666666667,1,False,False,False,0.0
MOD_42_00345,A_Fixed,0.6058174848270471,False,RETIRE,800.0,34.5,185.83155555555555,3,False,False,False,0.0
MOD_42_00345,B_Scalar,0.6058174848270471,False,RETIRE,0.0,0.0,0.0,0,False,False,False,0.0
MOD_42_00345,C_UncertaintyThresh,0.6058174848270471,False,RETIRE,20.0,1.5,18.40088888888889,1,False,False,False,0.0
MOD_42_00345,D_RC_VOI,0.6058174848270471,False,RETIRE,600.0,25.0,119.86666666666667,1,False,False,False,0.0
MOD_42_00346,A_Fixed,0.623767790493603,False,RETIRE,800.0,34.5,185.83155555555555,3,False,False,False,0.0
MOD_42_00346,B_Scalar,0.623767790493603,False,RETIRE,0.0,0.0,0.0,0,False,False,False,0.0
MOD_42_00346,C_UncertaintyThresh,0.623767790493603,False,RETIRE,20.0,1.5,18.40088888888889,1,False,False,False,0.0
MOD_42_00346,D_RC_VOI,0.623767790493603,False,RETIRE,0.0,0.0,0.0,0,False,False,False,0.0
MOD_42_00347,A_Fixed,0.585927582433582,False,RETIRE,800.0,34.5,185.83155555555555,3,False,False,False,0.0
MOD_42_00347,B_Scalar,0.585927582433582,False,RETIRE,0.0,0.0,0.0,0,False,False,False,0.0
MOD_42_00347,C_UncertaintyThresh,0.585927582433582,False,RETIRE,20.0,1.5,18.40088888888889,1,False,False,False,0.0
MOD_42_00347,D_RC_VOI,0.585927582433582,False,RETIRE,600.0,25.0,119.86666666666667,1,False,False,False,0.0
MOD_42_00348,A_Fixed,0.8229941397124212,True,OPERATE,800.0,34.5,185.83155555555555,3,False,False,False,0.13167906235398738
MOD_42_00348,B_Scalar,0.8229941397124212,True,OPERATE,0.0,0.0,0.0,0,False,False,False,0.13167906235398738
MOD_42_00348,C_UncertaintyThresh,0.8229941397124212,True,OPERATE,0.0,0.0,0.0,0,False,False,False,0.13167906235398738
MOD_42_00348,D_RC_VOI,0.8229941397124212,True,OPERATE,0.0,0.0,0.0,0,False,False,False,0.13167906235398738
MOD_42_00349,A_Fixed,0.7759987639210755,True,RETIRE,800.0,34.5,185.83155555555555,3,False,True,True,0.0
MOD_42_00349,B_Scalar,0.7759987639210755,True,OPERATE,0.0,0.0,0.0,0,False,False,False,0.12415980222737208
MOD_42_00349,C_UncertaintyThresh,0.7759987639210755,True,RETIRE,20.0,1.5,18.40088888888889,1,False,True,True,0.0
MOD_42_00349,D_RC_VOI,0.7759987639210755,True,OPERATE,600.0,25.0,119.86666666666667,1,False,False,False,0.12415980222737208
MOD_42_00350,A_Fixed,0.7296258382719387,True,RETIRE,800.0,34.5,185.83155555555555,3,False,True,True,0.0
MOD_42_00350,B_Scalar,0.7296258382719387,True,OPERATE,0.0,0.0,0.0,0,False,False,False,0.1167401341235102
MOD_42_00350,C_UncertaintyThresh,0.7296258382719387,True,OPERATE,0.0,0.0,0.0,0,False,False,False,0.1167401341235102
MOD_42_00350,D_RC_VOI,0.7296258382719387,True,DERATE,620.0,26.5,138.26755555555556,2,False,False,False,0.09339210729880816
MOD_42_00351,A_Fixed,0.7546832512996986,True,RETIRE,800.0,34.5,185.83155555555555,3,False,True,True,0.0
MOD_42_00351,B_Scalar,0.7546832512996986,True,OPERATE,0.0,0.0,0.0,0,False,False,False,0.12074932020795177
MOD_42_00351,C_UncertaintyThresh,0.7546832512996986,True,RETIRE,20.0,1.5,18.40088888888889,1,False,True,True,0.0
MOD_42_00351,D_RC_VOI,0.7546832512996986,True,OPERATE,600.0,25.0,119.86666666666667,1,False,False,False,0.12074932020795177
MOD_42_00352,A_Fixed,0.8133764102343962,True,OPERATE,800.0,34.5,185.83155555555555,3,False,False,False,0.1301402256375034
MOD_42_00352,B_Scalar,0.8133764102343962,True,OPERATE,0.0,0.0,0.0,0,False,False,False,0.1301402256375034
MOD_42_00352,C_UncertaintyThresh,0.8133764102343962,True,RETIRE,20.0,1.5,18.40088888888889,1,False,True,True,0.0
MOD_42_00352,D_RC_VOI,0.8133764102343962,True,OPERATE,600.0,25.0,119.86666666666667,1,False,False,False,0.1301402256375034
MOD_42_00353,A_Fixed,0.6486127698561615,False,RETIRE,800.0,34.5,185.83155555555555,3,False,False,False,0.0
MOD_42_00353,B_Scalar,0.6486127698561615,False,OPERATE,0.0,0.0,0.0,0,True,False,False,0.0
MOD_42_00353,C_UncertaintyThresh,0.6486127698561615,False,RETIRE,20.0,1.5,18.40088888888889,1,False,False,False,0.0
MOD_42_00353,D_RC_VOI,0.6486127698561615,False,RETIRE,20.0,1.5,18.40088888888889,1,False,False,False,0.0
MOD_42_00354,A_Fixed,0.8393428546900136,False,RETIRE,800.0,34.5,185.83155555555555,3,False,False,False,0.0
MOD_42_00354,B_Scalar,0.8393428546900136,False,OPERATE,0.0,0.0,0.0,0,True,False,False,0.0
MOD_42_00354,C_UncertaintyThresh,0.8393428546900136,False,RETIRE,20.0,1.5,18.40088888888889,1,False,False,False,0.0
MOD_42_00354,D_RC_VOI,0.8393428546900136,False,RETIRE,20.0,1.5,18.40088888888889,1,False,False,False,0.0
MOD_42_00355,A_Fixed,0.7967671583381023,True,OPERATE,800.0,34.5,185.83155555555555,3,False,False,False,0.12748274533409637
MOD_42_00355,B_Scalar,0.7967671583381023,True,OPERATE,0.0,0.0,0.0,0,False,False,False,0.12748274533409637
MOD_42_00355,C_UncertaintyThresh,0.7967671583381023,True,OPERATE,0.0,0.0,0.0,0,False,False,False,0.12748274533409637
MOD_42_00355,D_RC_VOI,0.7967671583381023,True,RETIRE,20.0,1.5,18.40088888888889,1,False,True,True,0.0
MOD_42_00356,A_Fixed,0.8394158603242289,True,OPERATE,800.0,34.5,185.83155555555555,3,False,False,False,0.1343065376518766
MOD_42_00356,B_Scalar,0.8394158603242289,True,OPERATE,0.0,0.0,0.0,0,False,False,False,0.1343065376518766
MOD_42_00356,C_UncertaintyThresh,0.8394158603242289,True,OPERATE,620.0,26.5,138.26755555555556,2,False,False,False,0.1343065376518766
MOD_42_00356,D_RC_VOI,0.8394158603242289,True,OPERATE,600.0,25.0,119.86666666666667,1,False,False,False,0.1343065376518766
MOD_42_00357,A_Fixed,0.7143359877671102,True,RETIRE,800.0,34.5,185.83155555555555,3,False,True,True,0.0
MOD_42_00357,B_Scalar,0.7143359877671102,True,RETIRE,0.0,0.0,0.0,0,False,True,True,0.0
MOD_42_00357,C_UncertaintyThresh,0.7143359877671102,True,RETIRE,20.0,1.5,18.40088888888889,1,False,True,True,0.0
MOD_42_00357,D_RC_VOI,0.7143359877671102,True,DERATE,600.0,25.0,119.86666666666667,1,False,False,False,0.09143500643419011
MOD_42_00358,A_Fixed,0.7698861365389191,True,RETIRE,800.0,34.5,185.83155555555555,3,False,True,True,0.0
MOD_42_00358,B_Scalar,0.7698861365389191,True,OPERATE,0.0,0.0,0.0,0,False,False,False,0.12318178184622706
MOD_42_00358,C_UncertaintyThresh,0.7698861365389191,True,RETIRE,20.0,1.5,18.40088888888889,1,False,True,True,0.0
MOD_42_00358,D_RC_VOI,0.7698861365389191,True,OPERATE,600.0,25.0,119.86666666666667,1,False,False,False,0.12318178184622706
MOD_42_00359,A_Fixed,0.8278507742982524,True,OPERATE,800.0,34.5,185.83155555555555,3,False,False,False,0.13245612388772038
MOD_42_00359,B_Scalar,0.8278507742982524,True,OPERATE,0.0,0.0,0.0,0,False,False,False,0.13245612388772038
MOD_42_00359,C_UncertaintyThresh,0.8278507742982524,True,RETIRE,20.0,1.5,18.40088888888889,1,False,True,True,0.0
MOD_42_00359,D_RC_VOI,0.8278507742982524,True,OPERATE,600.0,25.0,119.86666666666667,1,False,False,False,0.13245612388772038
MOD_42_00360,A_Fixed,0.5128222526255379,False,RETIRE,800.0,34.5,185.83155555555555,3,False,False,False,0.0
MOD_42_00360,B_Scalar,0.5128222526255379,False,RETIRE,0.0,0.0,0.0,0,False,False,False,0.0
MOD_42_00360,C_UncertaintyThresh,0.5128222526255379,False,RETIRE,0.0,0.0,0.0,0,False,False,False,0.0
MOD_42_00360,D_RC_VOI,0.5128222526255379,False,RETIRE,0.0,0.0,0.0,0,False,False,False,0.0
MOD_42_00361,A_Fixed,0.4900286326529704,False,RETIRE,10.0,0.05,0.6944444444444444,1,False,False,False,0.0
MOD_42_00361,B_Scalar,0.4900286326529704,False,RETIRE,10.0,0.05,0.6944444444444444,1,False,False,False,0.0
MOD_42_00361,C_UncertaintyThresh,0.4900286326529704,False,RETIRE,10.0,0.05,0.6944444444444444,1,False,False,False,0.0
MOD_42_00361,D_RC_VOI,0.4900286326529704,False,RETIRE,10.0,0.05,0.6944444444444444,1,False,False,False,0.0
MOD_42_00362,A_Fixed,0.547902362249133,False,RETIRE,800.0,34.5,185.83155555555555,3,False,False,False,0.0
MOD_42_00362,B_Scalar,0.547902362249133,False,RETIRE,0.0,0.0,0.0,0,False,False,False,0.0
MOD_42_00362,C_UncertaintyThresh,0.547902362249133,False,RETIRE,20.0,1.5,18.40088888888889,1,False,False,False,0.0
MOD_42_00362,D_RC_VOI,0.547902362249133,False,RETIRE,600.0,25.0,119.86666666666667,1,False,False,False,0.0
MOD_42_00363,A_Fixed,0.8185684140594985,True,OPERATE,800.0,34.5,185.83155555555555,3,False,False,False,0.13097094624951977
MOD_42_00363,B_Scalar,0.8185684140594985,True,OPERATE,0.0,0.0,0.0,0,False,False,False,0.13097094624951977
MOD_42_00363,C_UncertaintyThresh,0.8185684140594985,True,RETIRE,20.0,1.5,18.40088888888889,1,False,True,True,0.0
MOD_42_00363,D_RC_VOI,0.8185684140594985,True,OPERATE,600.0,25.0,119.86666666666667,1,False,False,False,0.13097094624951977
MOD_42_00364,A_Fixed,0.7087428706671197,True,RETIRE,800.0,34.5,185.83155555555555,3,False,True,True,0.0
MOD_42_00364,B_Scalar,0.7087428706671197,True,OPERATE,0.0,0.0,0.0,0,False,False,False,0.11339885930673915
MOD_42_00364,C_UncertaintyThresh,0.7087428706671197,True,OPERATE,0.0,0.0,0.0,0,False,False,False,0.11339885930673915
MOD_42_00364,D_RC_VOI,0.7087428706671197,True,RETIRE,20.0,1.5,18.40088888888889,1,False,True,True,0.0
MOD_42_00365,A_Fixed,0.7835119898116482,False,RETIRE,800.0,34.5,185.83155555555555,3,False,False,False,0.0
MOD_42_00365,B_Scalar,0.7835119898116482,False,RETIRE,0.0,0.0,0.0,0,False,False,False,0.0
MOD_42_00365,C_UncertaintyThresh,0.7835119898116482,False,RETIRE,20.0,1.5,18.40088888888889,1,False,False,False,0.0
MOD_42_00365,D_RC_VOI,0.7835119898116482,False,RETIRE,20.0,1.5,18.40088888888889,1,False,False,False,0.0
MOD_42_00366,A_Fixed,0.8134281487403014,True,OPERATE,800.0,34.5,185.83155555555555,3,False,False,False,0.13014850379844822
MOD_42_00366,B_Scalar,0.8134281487403014,True,OPERATE,0.0,0.0,0.0,0,False,False,False,0.13014850379844822
MOD_42_00366,C_UncertaintyThresh,0.8134281487403014,True,RETIRE,20.0,1.5,18.40088888888889,1,False,True,True,0.0
MOD_42_00366,D_RC_VOI,0.8134281487403014,True,OPERATE,600.0,25.0,119.86666666666667,1,False,False,False,0.13014850379844822
MOD_42_00367,A_Fixed,0.5011419162931565,False,RETIRE,800.0,34.5,185.83155555555555,3,False,False,False,0.0
MOD_42_00367,B_Scalar,0.5011419162931565,False,RETIRE,0.0,0.0,0.0,0,False,False,False,0.0
MOD_42_00367,C_UncertaintyThresh,0.5011419162931565,False,RETIRE,0.0,0.0,0.0,0,False,False,False,0.0
MOD_42_00367,D_RC_VOI,0.5011419162931565,False,RETIRE,0.0,0.0,0.0,0,False,False,False,0.0
MOD_42_00368,A_Fixed,0.7950496324767067,False,RETIRE,800.0,34.5,185.83155555555555,3,False,False,False,0.0
MOD_42_00368,B_Scalar,0.7950496324767067,False,OPERATE,0.0,0.0,0.0,0,True,False,False,0.0
MOD_42_00368,C_UncertaintyThresh,0.7950496324767067,False,RETIRE,20.0,1.5,18.40088888888889,1,False,False,False,0.0
MOD_42_00368,D_RC_VOI,0.7950496324767067,False,RETIRE,20.0,1.5,18.40088888888889,1,False,False,False,0.0
MOD_42_00369,A_Fixed,0.6130345163420499,False,RETIRE,800.0,34.5,185.83155555555555,3,False,False,False,0.0
MOD_42_00369,B_Scalar,0.6130345163420499,False,RETIRE,0.0,0.0,0.0,0,False,False,False,0.0
MOD_42_00369,C_UncertaintyThresh,0.6130345163420499,False,RETIRE,20.0,1.5,18.40088888888889,1,False,False,False,0.0
MOD_42_00369,D_RC_VOI,0.6130345163420499,False,RETIRE,20.0,1.5,18.40088888888889,1,False,False,False,0.0
MOD_42_00370,A_Fixed,0.7982923312638333,True,RETIRE,800.0,34.5,185.83155555555555,3,False,True,True,0.0
MOD_42_00370,B_Scalar,0.7982923312638333,True,OPERATE,0.0,0.0,0.0,0,False,False,False,0.12772677300221333
MOD_42_00370,C_UncertaintyThresh,0.7982923312638333,True,OPERATE,0.0,0.0,0.0,0,False,False,False,0.12772677300221333
MOD_42_00370,D_RC_VOI,0.7982923312638333,True,OPERATE,600.0,25.0,119.86666666666667,1,False,False,False,0.12772677300221333
MOD_42_00371,A_Fixed,0.8581688064622162,True,OPERATE,800.0,34.5,185.83155555555555,3,False,False,False,0.1373070090339546
MOD_42_00371,B_Scalar,0.8581688064622162,True,OPERATE,0.0,0.0,0.0,0,False,False,False,0.1373070090339546
MOD_42_00371,C_UncertaintyThresh,0.8581688064622162,True,OPERATE,620.0,26.5,138.26755555555556,2,False,False,False,0.1373070090339546
MOD_42_00371,D_RC_VOI,0.8581688064622162,True,OPERATE,600.0,25.0,119.86666666666667,1,False,False,False,0.1373070090339546
MOD_42_00372,A_Fixed,0.8577000881746601,True,OPERATE,800.0,34.5,185.83155555555555,3,False,False,False,0.13723201410794564
MOD_42_00372,B_Scalar,0.8577000881746601,True,OPERATE,0.0,0.0,0.0,0,False,False,False,0.13723201410794564
MOD_42_00372,C_UncertaintyThresh,0.8577000881746601,True,OPERATE,0.0,0.0,0.0,0,False,False,False,0.13723201410794564
MOD_42_00372,D_RC_VOI,0.8577000881746601,True,OPERATE,600.0,25.0,119.86666666666667,1,False,False,False,0.13723201410794564
MOD_42_00373,A_Fixed,0.7995938874821363,False,RETIRE,800.0,34.5,185.83155555555555,3,False,False,False,0.0
MOD_42_00373,B_Scalar,0.7995938874821363,False,OPERATE,0.0,0.0,0.0,0,True,False,False,0.0
MOD_42_00373,C_UncertaintyThresh,0.7995938874821363,False,RETIRE,20.0,1.5,18.40088888888889,1,False,False,False,0.0
MOD_42_00373,D_RC_VOI,0.7995938874821363,False,RETIRE,20.0,1.5,18.40088888888889,1,False,False,False,0.0
MOD_42_00374,A_Fixed,0.712395610023875,True,RETIRE,800.0,34.5,185.83155555555555,3,False,True,True,0.0
MOD_42_00374,B_Scalar,0.712395610023875,True,OPERATE,0.0,0.0,0.0,0,False,False,False,0.11398329760381999
MOD_42_00374,C_UncertaintyThresh,0.712395610023875,True,OPERATE,0.0,0.0,0.0,0,False,False,False,0.11398329760381999
MOD_42_00374,D_RC_VOI,0.712395610023875,True,RETIRE,20.0,1.5,18.40088888888889,1,False,True,True,0.0
MOD_42_00375,A_Fixed,0.5816803073306207,False,RETIRE,800.0,34.5,185.83155555555555,3,False,False,False,0.0
MOD_42_00375,B_Scalar,0.5816803073306207,False,RETIRE,0.0,0.0,0.0,0,False,False,False,0.0
MOD_42_00375,C_UncertaintyThresh,0.5816803073306207,False,RETIRE,0.0,0.0,0.0,0,False,False,False,0.0
MOD_42_00375,D_RC_VOI,0.5816803073306207,False,RETIRE,0.0,0.0,0.0,0,False,False,False,0.0
MOD_42_00376,A_Fixed,0.8165370288643046,True,OPERATE,800.0,34.5,185.83155555555555,3,False,False,False,0.13064592461828872
MOD_42_00376,B_Scalar,0.8165370288643046,True,OPERATE,0.0,0.0,0.0,0,False,False,False,0.13064592461828872
MOD_42_00376,C_UncertaintyThresh,0.8165370288643046,True,OPERATE,0.0,0.0,0.0,0,False,False,False,0.13064592461828872
MOD_42_00376,D_RC_VOI,0.8165370288643046,True,OPERATE,600.0,25.0,119.86666666666667,1,False,False,False,0.13064592461828872
MOD_42_00377,A_Fixed,0.6406006168037843,False,RETIRE,800.0,34.5,185.83155555555555,3,False,False,False,0.0
MOD_42_00377,B_Scalar,0.6406006168037843,False,OPERATE,0.0,0.0,0.0,0,True,False,False,0.0
MOD_42_00377,C_UncertaintyThresh,0.6406006168037843,False,RETIRE,20.0,1.5,18.40088888888889,1,False,False,False,0.0
MOD_42_00377,D_RC_VOI,0.6406006168037843,False,RETIRE,20.0,1.5,18.40088888888889,1,False,False,False,0.0
MOD_42_00378,A_Fixed,0.6215477211392937,False,RETIRE,800.0,34.5,185.83155555555555,3,False,False,False,0.0
MOD_42_00378,B_Scalar,0.6215477211392937,False,RETIRE,0.0,0.0,0.0,0,False,False,False,0.0
MOD_42_00378,C_UncertaintyThresh,0.6215477211392937,False,RETIRE,20.0,1.5,18.40088888888889,1,False,False,False,0.0
MOD_42_00378,D_RC_VOI,0.6215477211392937,False,RETIRE,600.0,25.0,119.86666666666667,1,False,False,False,0.0
MOD_42_00379,A_Fixed,0.8916205651965818,True,OPERATE,800.0,34.5,185.83155555555555,3,False,False,False,0.1426592904314531
MOD_42_00379,B_Scalar,0.8916205651965818,True,OPERATE,0.0,0.0,0.0,0,False,False,False,0.1426592904314531
MOD_42_00379,C_UncertaintyThresh,0.8916205651965818,True,OPERATE,0.0,0.0,0.0,0,False,False,False,0.1426592904314531
MOD_42_00379,D_RC_VOI,0.8916205651965818,True,OPERATE,600.0,25.0,119.86666666666667,1,False,False,False,0.1426592904314531
MOD_42_00380,A_Fixed,0.6433330155170348,False,RETIRE,800.0,34.5,185.83155555555555,3,False,False,False,0.0
MOD_42_00380,B_Scalar,0.6433330155170348,False,RETIRE,0.0,0.0,0.0,0,False,False,False,0.0
MOD_42_00380,C_UncertaintyThresh,0.6433330155170348,False,RETIRE,0.0,0.0,0.0,0,False,False,False,0.0
MOD_42_00380,D_RC_VOI,0.6433330155170348,False,RETIRE,20.0,1.5,18.40088888888889,1,False,False,False,0.0
MOD_42_00381,A_Fixed,0.5225244622998051,False,RETIRE,800.0,34.5,185.83155555555555,3,False,False,False,0.0
MOD_42_00381,B_Scalar,0.5225244622998051,False,RETIRE,0.0,0.0,0.0,0,False,False,False,0.0
MOD_42_00381,C_UncertaintyThresh,0.5225244622998051,False,RETIRE,0.0,0.0,0.0,0,False,False,False,0.0
MOD_42_00381,D_RC_VOI,0.5225244622998051,False,RETIRE,0.0,0.0,0.0,0,False,False,False,0.0
MOD_42_00382,A_Fixed,0.5192693870757041,False,RETIRE,800.0,34.5,185.83155555555555,3,False,False,False,0.0
MOD_42_00382,B_Scalar,0.5192693870757041,False,RETIRE,0.0,0.0,0.0,0,False,False,False,0.0
MOD_42_00382,C_UncertaintyThresh,0.5192693870757041,False,RETIRE,0.0,0.0,0.0,0,False,False,False,0.0
MOD_42_00382,D_RC_VOI,0.5192693870757041,False,RETIRE,0.0,0.0,0.0,0,False,False,False,0.0
MOD_42_00383,A_Fixed,0.858777256356118,False,RETIRE,800.0,34.5,185.83155555555555,3,False,False,False,0.0
MOD_42_00383,B_Scalar,0.858777256356118,False,OPERATE,0.0,0.0,0.0,0,True,False,False,0.0
MOD_42_00383,C_UncertaintyThresh,0.858777256356118,False,RETIRE,20.0,1.5,18.40088888888889,1,False,False,False,0.0
MOD_42_00383,D_RC_VOI,0.858777256356118,False,RETIRE,20.0,1.5,18.40088888888889,1,False,False,False,0.0
MOD_42_00384,A_Fixed,0.6348841167998751,False,RETIRE,800.0,34.5,185.83155555555555,3,False,False,False,0.0
MOD_42_00384,B_Scalar,0.6348841167998751,False,RETIRE,0.0,0.0,0.0,0,False,False,False,0.0
MOD_42_00384,C_UncertaintyThresh,0.6348841167998751,False,RETIRE,20.0,1.5,18.40088888888889,1,False,False,False,0.0
MOD_42_00384,D_RC_VOI,0.6348841167998751,False,RETIRE,600.0,25.0,119.86666666666667,1,False,False,False,0.0
MOD_42_00385,A_Fixed,0.7753545202369674,True,RETIRE,800.0,34.5,185.83155555555555,3,False,True,True,0.0
MOD_42_00385,B_Scalar,0.7753545202369674,True,OPERATE,0.0,0.0,0.0,0,False,False,False,0.12405672323791478
MOD_42_00385,C_UncertaintyThresh,0.7753545202369674,True,OPERATE,0.0,0.0,0.0,0,False,False,False,0.12405672323791478
MOD_42_00385,D_RC_VOI,0.7753545202369674,True,RETIRE,20.0,1.5,18.40088888888889,1,False,True,True,0.0
MOD_42_00386,A_Fixed,0.48533931898673793,False,RETIRE,800.0,34.5,185.83155555555555,3,False,False,False,0.0
MOD_42_00386,B_Scalar,0.48533931898673793,False,RETIRE,0.0,0.0,0.0,0,False,False,False,0.0
MOD_42_00386,C_UncertaintyThresh,0.48533931898673793,False,RETIRE,20.0,1.5,18.40088888888889,1,False,False,False,0.0
MOD_42_00386,D_RC_VOI,0.48533931898673793,False,RETIRE,600.0,25.0,119.86666666666667,1,False,False,False,0.0
MOD_42_00387,A_Fixed,0.8511272456051595,True,OPERATE,800.0,34.5,185.83155555555555,3,False,False,False,0.13618035929682554
MOD_42_00387,B_Scalar,0.8511272456051595,True,OPERATE,0.0,0.0,0.0,0,False,False,False,0.13618035929682554
MOD_42_00387,C_UncertaintyThresh,0.8511272456051595,True,OPERATE,0.0,0.0,0.0,0,False,False,False,0.13618035929682554
MOD_42_00387,D_RC_VOI,0.8511272456051595,True,OPERATE,0.0,0.0,0.0,0,False,False,False,0.13618035929682554
MOD_42_00388,A_Fixed,0.8510951252187613,True,OPERATE,800.0,34.5,185.83155555555555,3,False,False,False,0.13617522003500182
MOD_42_00388,B_Scalar,0.8510951252187613,True,OPERATE,0.0,0.0,0.0,0,False,False,False,0.13617522003500182
MOD_42_00388,C_UncertaintyThresh,0.8510951252187613,True,OPERATE,620.0,26.5,138.26755555555556,2,False,False,False,0.13617522003500182
MOD_42_00388,D_RC_VOI,0.8510951252187613,True,OPERATE,600.0,25.0,119.86666666666667,1,False,False,False,0.13617522003500182
MOD_42_00389,A_Fixed,0.6893499413955619,False,RETIRE,800.0,34.5,185.83155555555555,3,False,False,False,0.0
MOD_42_00389,B_Scalar,0.6893499413955619,False,RETIRE,0.0,0.0,0.0,0,False,False,False,0.0
MOD_42_00389,C_UncertaintyThresh,0.6893499413955619,False,RETIRE,20.0,1.5,18.40088888888889,1,False,False,False,0.0
MOD_42_00389,D_RC_VOI,0.6893499413955619,False,DERATE,600.0,25.0,119.86666666666667,1,False,False,False,0.0
MOD_42_00390,A_Fixed,0.5186121949689559,False,RETIRE,800.0,34.5,185.83155555555555,3,False,False,False,0.0
MOD_42_00390,B_Scalar,0.5186121949689559,False,RETIRE,0.0,0.0,0.0,0,False,False,False,0.0
MOD_42_00390,C_UncertaintyThresh,0.5186121949689559,False,RETIRE,0.0,0.0,0.0,0,False,False,False,0.0
MOD_42_00390,D_RC_VOI,0.5186121949689559,False,RETIRE,0.0,0.0,0.0,0,False,False,False,0.0
MOD_42_00391,A_Fixed,0.6960914886236033,False,RETIRE,800.0,34.5,185.83155555555555,3,False,False,False,0.0
MOD_42_00391,B_Scalar,0.6960914886236033,False,RETIRE,0.0,0.0,0.0,0,False,False,False,0.0
MOD_42_00391,C_UncertaintyThresh,0.6960914886236033,False,RETIRE,20.0,1.5,18.40088888888889,1,False,False,False,0.0
MOD_42_00391,D_RC_VOI,0.6960914886236033,False,RETIRE,20.0,1.5,18.40088888888889,1,False,False,False,0.0
MOD_42_00392,A_Fixed,0.525827063079031,False,RETIRE,800.0,34.5,185.83155555555555,3,False,False,False,0.0
MOD_42_00392,B_Scalar,0.525827063079031,False,RETIRE,0.0,0.0,0.0,0,False,False,False,0.0
MOD_42_00392,C_UncertaintyThresh,0.525827063079031,False,RETIRE,0.0,0.0,0.0,0,False,False,False,0.0
MOD_42_00392,D_RC_VOI,0.525827063079031,False,RETIRE,0.0,0.0,0.0,0,False,False,False,0.0
MOD_42_00393,A_Fixed,0.8416959511159006,True,OPERATE,800.0,34.5,185.83155555555555,3,False,False,False,0.1346713521785441
MOD_42_00393,B_Scalar,0.8416959511159006,True,OPERATE,0.0,0.0,0.0,0,False,False,False,0.1346713521785441
MOD_42_00393,C_UncertaintyThresh,0.8416959511159006,True,RETIRE,20.0,1.5,18.40088888888889,1,False,True,True,0.0
MOD_42_00393,D_RC_VOI,0.8416959511159006,True,OPERATE,600.0,25.0,119.86666666666667,1,False,False,False,0.1346713521785441
MOD_42_00394,A_Fixed,0.826310464676419,True,OPERATE,800.0,34.5,185.83155555555555,3,False,False,False,0.13220967434822703
MOD_42_00394,B_Scalar,0.826310464676419,True,OPERATE,0.0,0.0,0.0,0,False,False,False,0.13220967434822703
MOD_42_00394,C_UncertaintyThresh,0.826310464676419,True,OPERATE,0.0,0.0,0.0,0,False,False,False,0.13220967434822703
MOD_42_00394,D_RC_VOI,0.826310464676419,True,DERATE,20.0,1.5,18.40088888888889,1,False,False,False,0.10576773947858163
MOD_42_00395,A_Fixed,0.8280818012523817,True,OPERATE,800.0,34.5,185.83155555555555,3,False,False,False,0.13249308820038108
MOD_42_00395,B_Scalar,0.8280818012523817,True,OPERATE,0.0,0.0,0.0,0,False,False,False,0.13249308820038108
MOD_42_00395,C_UncertaintyThresh,0.8280818012523817,True,OPERATE,0.0,0.0,0.0,0,False,False,False,0.13249308820038108
MOD_42_00395,D_RC_VOI,0.8280818012523817,True,OPERATE,0.0,0.0,0.0,0,False,False,False,0.13249308820038108
MOD_42_00396,A_Fixed,0.5783278724828681,False,RETIRE,800.0,34.5,185.83155555555555,3,False,False,False,0.0
MOD_42_00396,B_Scalar,0.5783278724828681,False,RETIRE,0.0,0.0,0.0,0,False,False,False,0.0
MOD_42_00396,C_UncertaintyThresh,0.5783278724828681,False,RETIRE,20.0,1.5,18.40088888888889,1,False,False,False,0.0
MOD_42_00396,D_RC_VOI,0.5783278724828681,False,RETIRE,20.0,1.5,18.40088888888889,1,False,False,False,0.0
MOD_42_00397,A_Fixed,0.6261245570444612,False,RETIRE,800.0,34.5,185.83155555555555,3,False,False,False,0.0
MOD_42_00397,B_Scalar,0.6261245570444612,False,RETIRE,0.0,0.0,0.0,0,False,False,False,0.0
MOD_42_00397,C_UncertaintyThresh,0.6261245570444612,False,RETIRE,0.0,0.0,0.0,0,False,False,False,0.0
MOD_42_00397,D_RC_VOI,0.6261245570444612,False,RETIRE,20.0,1.5,18.40088888888889,1,False,False,False,0.0
MOD_42_00398,A_Fixed,0.5375793905302046,False,RETIRE,800.0,34.5,185.83155555555555,3,False,False,False,0.0
MOD_42_00398,B_Scalar,0.5375793905302046,False,RETIRE,0.0,0.0,0.0,0,False,False,False,0.0
MOD_42_00398,C_UncertaintyThresh,0.5375793905302046,False,RETIRE,0.0,0.0,0.0,0,False,False,False,0.0
MOD_42_00398,D_RC_VOI,0.5375793905302046,False,RETIRE,0.0,0.0,0.0,0,False,False,False,0.0
MOD_42_00399,A_Fixed,0.5028061231535916,False,RETIRE,800.0,34.5,185.83155555555555,3,False,False,False,0.0
MOD_42_00399,B_Scalar,0.5028061231535916,False,RETIRE,0.0,0.0,0.0,0,False,False,False,0.0
MOD_42_00399,C_UncertaintyThresh,0.5028061231535916,False,RETIRE,20.0,1.5,18.40088888888889,1,False,False,False,0.0
MOD_42_00399,D_RC_VOI,0.5028061231535916,False,RETIRE,600.0,25.0,119.86666666666667,1,False,False,False,0.0
MOD_42_00400,A_Fixed,0.5708368123797906,False,RETIRE,800.0,34.5,185.83155555555555,3,False,False,False,0.0
MOD_42_00400,B_Scalar,0.5708368123797906,False,RETIRE,0.0,0.0,0.0,0,False,False,False,0.0
MOD_42_00400,C_UncertaintyThresh,0.5708368123797906,False,RETIRE,20.0,1.5,18.40088888888889,1,False,False,False,0.0
MOD_42_00400,D_RC_VOI,0.5708368123797906,False,RETIRE,0.0,0.0,0.0,0,False,False,False,0.0
MOD_42_00401,A_Fixed,0.7973715924303421,True,RETIRE,800.0,34.5,185.83155555555555,3,False,True,True,0.0
MOD_42_00401,B_Scalar,0.7973715924303421,True,OPERATE,0.0,0.0,0.0,0,False,False,False,0.12757945478885474
MOD_42_00401,C_UncertaintyThresh,0.7973715924303421,True,RETIRE,20.0,1.5,18.40088888888889,1,False,True,True,0.0
MOD_42_00401,D_RC_VOI,0.7973715924303421,True,OPERATE,600.0,25.0,119.86666666666667,1,False,False,False,0.12757945478885474
MOD_42_00402,A_Fixed,0.868158187607748,False,RETIRE,800.0,34.5,185.83155555555555,3,False,False,False,0.0
MOD_42_00402,B_Scalar,0.868158187607748,False,OPERATE,0.0,0.0,0.0,0,True,False,False,0.0
MOD_42_00402,C_UncertaintyThresh,0.868158187607748,False,RETIRE,20.0,1.5,18.40088888888889,1,False,False,False,0.0
MOD_42_00402,D_RC_VOI,0.868158187607748,False,RETIRE,20.0,1.5,18.40088888888889,1,False,False,False,0.0
MOD_42_00403,A_Fixed,0.6299295853641724,False,RETIRE,800.0,34.5,185.83155555555555,3,False,False,False,0.0
MOD_42_00403,B_Scalar,0.6299295853641724,False,OPERATE,0.0,0.0,0.0,0,True,False,False,0.0
MOD_42_00403,C_UncertaintyThresh,0.6299295853641724,False,RETIRE,20.0,1.5,18.40088888888889,1,False,False,False,0.0
MOD_42_00403,D_RC_VOI,0.6299295853641724,False,RETIRE,600.0,25.0,119.86666666666667,1,False,False,False,0.0
MOD_42_00404,A_Fixed,0.7392314628974793,True,RETIRE,800.0,34.5,185.83155555555555,3,False,True,True,0.0
MOD_42_00404,B_Scalar,0.7392314628974793,True,RETIRE,0.0,0.0,0.0,0,False,True,True,0.0
MOD_42_00404,C_UncertaintyThresh,0.7392314628974793,True,RETIRE,20.0,1.5,18.40088888888889,1,False,True,True,0.0
MOD_42_00404,D_RC_VOI,0.7392314628974793,True,RETIRE,20.0,1.5,18.40088888888889,1,False,True,True,0.0
MOD_42_00405,A_Fixed,0.6059333081990753,False,RETIRE,800.0,34.5,185.83155555555555,3,False,False,False,0.0
MOD_42_00405,B_Scalar,0.6059333081990753,False,RETIRE,0.0,0.0,0.0,0,False,False,False,0.0
MOD_42_00405,C_UncertaintyThresh,0.6059333081990753,False,RETIRE,0.0,0.0,0.0,0,False,False,False,0.0
MOD_42_00405,D_RC_VOI,0.6059333081990753,False,RETIRE,0.0,0.0,0.0,0,False,False,False,0.0
MOD_42_00406,A_Fixed,0.5877596771994175,False,RETIRE,800.0,34.5,185.83155555555555,3,False,False,False,0.0
MOD_42_00406,B_Scalar,0.5877596771994175,False,RETIRE,0.0,0.0,0.0,0,False,False,False,0.0
MOD_42_00406,C_UncertaintyThresh,0.5877596771994175,False,RETIRE,20.0,1.5,18.40088888888889,1,False,False,False,0.0
MOD_42_00406,D_RC_VOI,0.5877596771994175,False,RETIRE,600.0,25.0,119.86666666666667,1,False,False,False,0.0
MOD_42_00407,A_Fixed,0.7840864890863177,True,RETIRE,800.0,34.5,185.83155555555555,3,False,True,True,0.0
MOD_42_00407,B_Scalar,0.7840864890863177,True,OPERATE,0.0,0.0,0.0,0,False,False,False,0.12545383825381085
MOD_42_00407,C_UncertaintyThresh,0.7840864890863177,True,RETIRE,20.0,1.5,18.40088888888889,1,False,True,True,0.0
MOD_42_00407,D_RC_VOI,0.7840864890863177,True,OPERATE,600.0,25.0,119.86666666666667,1,False,False,False,0.12545383825381085
MOD_42_00408,A_Fixed,0.7848262172941901,True,RETIRE,800.0,34.5,185.83155555555555,3,False,True,True,0.0
MOD_42_00408,B_Scalar,0.7848262172941901,True,OPERATE,0.0,0.0,0.0,0,False,False,False,0.12557219476707043
MOD_42_00408,C_UncertaintyThresh,0.7848262172941901,True,RETIRE,20.0,1.5,18.40088888888889,1,False,True,True,0.0
MOD_42_00408,D_RC_VOI,0.7848262172941901,True,OPERATE,600.0,25.0,119.86666666666667,1,False,False,False,0.12557219476707043
MOD_42_00409,A_Fixed,0.9048396491326974,True,OPERATE,800.0,34.5,185.83155555555555,3,False,False,False,0.14477434386123159
MOD_42_00409,B_Scalar,0.9048396491326974,True,OPERATE,0.0,0.0,0.0,0,False,False,False,0.14477434386123159
MOD_42_00409,C_UncertaintyThresh,0.9048396491326974,True,OPERATE,0.0,0.0,0.0,0,False,False,False,0.14477434386123159
MOD_42_00409,D_RC_VOI,0.9048396491326974,True,OPERATE,620.0,26.5,138.26755555555556,2,False,False,False,0.14477434386123159
MOD_42_00410,A_Fixed,0.8220981135783018,True,OPERATE,800.0,34.5,185.83155555555555,3,False,False,False,0.13153569817252828
MOD_42_00410,B_Scalar,0.8220981135783018,True,OPERATE,0.0,0.0,0.0,0,False,False,False,0.13153569817252828
MOD_42_00410,C_UncertaintyThresh,0.8220981135783018,True,OPERATE,0.0,0.0,0.0,0,False,False,False,0.13153569817252828
MOD_42_00410,D_RC_VOI,0.8220981135783018,True,DERATE,20.0,1.5,18.40088888888889,1,False,False,False,0.10522855853802263
MOD_42_00411,A_Fixed,0.5920315029180966,False,RETIRE,800.0,34.5,185.83155555555555,3,False,False,False,0.0
MOD_42_00411,B_Scalar,0.5920315029180966,False,OPERATE,0.0,0.0,0.0,0,True,False,False,0.0
MOD_42_00411,C_UncertaintyThresh,0.5920315029180966,False,RETIRE,20.0,1.5,18.40088888888889,1,False,False,False,0.0
MOD_42_00411,D_RC_VOI,0.5920315029180966,False,RETIRE,600.0,25.0,119.86666666666667,1,False,False,False,0.0
MOD_42_00412,A_Fixed,0.7692094857517281,True,RETIRE,800.0,34.5,185.83155555555555,3,False,True,True,0.0
MOD_42_00412,B_Scalar,0.7692094857517281,True,OPERATE,0.0,0.0,0.0,0,False,False,False,0.1230735177202765
MOD_42_00412,C_UncertaintyThresh,0.7692094857517281,True,RETIRE,20.0,1.5,18.40088888888889,1,False,True,True,0.0
MOD_42_00412,D_RC_VOI,0.7692094857517281,True,OPERATE,600.0,25.0,119.86666666666667,1,False,False,False,0.1230735177202765
MOD_42_00413,A_Fixed,0.7938969241897162,True,RETIRE,800.0,34.5,185.83155555555555,3,False,True,True,0.0
MOD_42_00413,B_Scalar,0.7938969241897162,True,OPERATE,0.0,0.0,0.0,0,False,False,False,0.1270235078703546
MOD_42_00413,C_UncertaintyThresh,0.7938969241897162,True,RETIRE,20.0,1.5,18.40088888888889,1,False,True,True,0.0
MOD_42_00413,D_RC_VOI,0.7938969241897162,True,OPERATE,600.0,25.0,119.86666666666667,1,False,False,False,0.1270235078703546
MOD_42_00414,A_Fixed,0.4945903656493924,False,RETIRE,800.0,34.5,185.83155555555555,3,False,False,False,0.0
MOD_42_00414,B_Scalar,0.4945903656493924,False,RETIRE,0.0,0.0,0.0,0,False,False,False,0.0
MOD_42_00414,C_UncertaintyThresh,0.4945903656493924,False,RETIRE,0.0,0.0,0.0,0,False,False,False,0.0
MOD_42_00414,D_RC_VOI,0.4945903656493924,False,RETIRE,0.0,0.0,0.0,0,False,False,False,0.0
MOD_42_00415,A_Fixed,0.7636534764210959,True,RETIRE,800.0,34.5,185.83155555555555,3,False,True,True,0.0
MOD_42_00415,B_Scalar,0.7636534764210959,True,OPERATE,0.0,0.0,0.0,0,False,False,False,0.12218455622737535
MOD_42_00415,C_UncertaintyThresh,0.7636534764210959,True,RETIRE,20.0,1.5,18.40088888888889,1,False,True,True,0.0
MOD_42_00415,D_RC_VOI,0.7636534764210959,True,OPERATE,600.0,25.0,119.86666666666667,1,False,False,False,0.12218455622737535
MOD_42_00416,A_Fixed,0.8371280021792983,True,OPERATE,800.0,34.5,185.83155555555555,3,False,False,False,0.13394048034868772
MOD_42_00416,B_Scalar,0.8371280021792983,True,OPERATE,0.0,0.0,0.0,0,False,False,False,0.13394048034868772
MOD_42_00416,C_UncertaintyThresh,0.8371280021792983,True,OPERATE,0.0,0.0,0.0,0,False,False,False,0.13394048034868772
MOD_42_00416,D_RC_VOI,0.8371280021792983,True,OPERATE,620.0,26.5,138.26755555555556,2,False,False,False,0.13394048034868772
MOD_42_00417,A_Fixed,0.8826767038578659,False,RETIRE,800.0,34.5,185.83155555555555,3,False,False,False,0.0
MOD_42_00417,B_Scalar,0.8826767038578659,False,OPERATE,0.0,0.0,0.0,0,True,False,False,0.0
MOD_42_00417,C_UncertaintyThresh,0.8826767038578659,False,RETIRE,20.0,1.5,18.40088888888889,1,False,False,False,0.0
MOD_42_00417,D_RC_VOI,0.8826767038578659,False,RETIRE,20.0,1.5,18.40088888888889,1,False,False,False,0.0
MOD_42_00418,A_Fixed,0.5338477075470077,False,RETIRE,800.0,34.5,185.83155555555555,3,False,False,False,0.0
MOD_42_00418,B_Scalar,0.5338477075470077,False,RETIRE,0.0,0.0,0.0,0,False,False,False,0.0
MOD_42_00418,C_UncertaintyThresh,0.5338477075470077,False,RETIRE,0.0,0.0,0.0,0,False,False,False,0.0
MOD_42_00418,D_RC_VOI,0.5338477075470077,False,RETIRE,0.0,0.0,0.0,0,False,False,False,0.0
MOD_42_00419,A_Fixed,0.761265916488634,True,RETIRE,800.0,34.5,185.83155555555555,3,False,True,True,0.0
MOD_42_00419,B_Scalar,0.761265916488634,True,OPERATE,0.0,0.0,0.0,0,False,False,False,0.12180254663818144
MOD_42_00419,C_UncertaintyThresh,0.761265916488634,True,RETIRE,20.0,1.5,18.40088888888889,1,False,True,True,0.0
MOD_42_00419,D_RC_VOI,0.761265916488634,True,OPERATE,600.0,25.0,119.86666666666667,1,False,False,False,0.12180254663818144
MOD_42_00420,A_Fixed,0.8321909714073115,True,OPERATE,800.0,34.5,185.83155555555555,3,False,False,False,0.13315055542516985
MOD_42_00420,B_Scalar,0.8321909714073115,True,OPERATE,0.0,0.0,0.0,0,False,False,False,0.13315055542516985
MOD_42_00420,C_UncertaintyThresh,0.8321909714073115,True,OPERATE,0.0,0.0,0.0,0,False,False,False,0.13315055542516985
MOD_42_00420,D_RC_VOI,0.8321909714073115,True,OPERATE,0.0,0.0,0.0,0,False,False,False,0.13315055542516985
MOD_42_00421,A_Fixed,0.586064364655498,False,RETIRE,800.0,34.5,185.83155555555555,3,False,False,False,0.0
MOD_42_00421,B_Scalar,0.586064364655498,False,RETIRE,0.0,0.0,0.0,0,False,False,False,0.0
MOD_42_00421,C_UncertaintyThresh,0.586064364655498,False,RETIRE,20.0,1.5,18.40088888888889,1,False,False,False,0.0
MOD_42_00421,D_RC_VOI,0.586064364655498,False,RETIRE,600.0,25.0,119.86666666666667,1,False,False,False,0.0
MOD_42_00422,A_Fixed,0.49979765082897526,False,RETIRE,800.0,34.5,185.83155555555555,3,False,False,False,0.0
MOD_42_00422,B_Scalar,0.49979765082897526,False,RETIRE,0.0,0.0,0.0,0,False,False,False,0.0
MOD_42_00422,C_UncertaintyThresh,0.49979765082897526,False,RETIRE,0.0,0.0,0.0,0,False,False,False,0.0
MOD_42_00422,D_RC_VOI,0.49979765082897526,False,RETIRE,0.0,0.0,0.0,0,False,False,False,0.0
MOD_42_00423,A_Fixed,0.8506758608684836,True,OPERATE,800.0,34.5,185.83155555555555,3,False,False,False,0.13610813773895739
MOD_42_00423,B_Scalar,0.8506758608684836,True,OPERATE,0.0,0.0,0.0,0,False,False,False,0.13610813773895739
MOD_42_00423,C_UncertaintyThresh,0.8506758608684836,True,OPERATE,0.0,0.0,0.0,0,False,False,False,0.13610813773895739
MOD_42_00423,D_RC_VOI,0.8506758608684836,True,OPERATE,600.0,25.0,119.86666666666667,1,False,False,False,0.13610813773895739
MOD_42_00424,A_Fixed,0.5320485883644782,False,RETIRE,800.0,34.5,185.83155555555555,3,False,False,False,0.0
MOD_42_00424,B_Scalar,0.5320485883644782,False,RETIRE,0.0,0.0,0.0,0,False,False,False,0.0
MOD_42_00424,C_UncertaintyThresh,0.5320485883644782,False,RETIRE,0.0,0.0,0.0,0,False,False,False,0.0
MOD_42_00424,D_RC_VOI,0.5320485883644782,False,RETIRE,0.0,0.0,0.0,0,False,False,False,0.0
MOD_42_00425,A_Fixed,0.7805317621527895,True,RETIRE,800.0,34.5,185.83155555555555,3,False,True,True,0.0
MOD_42_00425,B_Scalar,0.7805317621527895,True,OPERATE,0.0,0.0,0.0,0,False,False,False,0.12488508194444632
MOD_42_00425,C_UncertaintyThresh,0.7805317621527895,True,RETIRE,20.0,1.5,18.40088888888889,1,False,True,True,0.0
MOD_42_00425,D_RC_VOI,0.7805317621527895,True,OPERATE,600.0,25.0,119.86666666666667,1,False,False,False,0.12488508194444632
MOD_42_00426,A_Fixed,0.7120164938060113,True,RETIRE,800.0,34.5,185.83155555555555,3,False,True,True,0.0
MOD_42_00426,B_Scalar,0.7120164938060113,True,RETIRE,0.0,0.0,0.0,0,False,True,True,0.0
MOD_42_00426,C_UncertaintyThresh,0.7120164938060113,True,RETIRE,20.0,1.5,18.40088888888889,1,False,True,True,0.0
MOD_42_00426,D_RC_VOI,0.7120164938060113,True,DERATE,600.0,25.0,119.86666666666667,1,False,False,False,0.09113811120716946
MOD_42_00427,A_Fixed,0.5099505397292194,False,RETIRE,800.0,34.5,185.83155555555555,3,False,False,False,0.0
MOD_42_00427,B_Scalar,0.5099505397292194,False,RETIRE,0.0,0.0,0.0,0,False,False,False,0.0
MOD_42_00427,C_UncertaintyThresh,0.5099505397292194,False,RETIRE,20.0,1.5,18.40088888888889,1,False,False,False,0.0
MOD_42_00427,D_RC_VOI,0.5099505397292194,False,RETIRE,600.0,25.0,119.86666666666667,1,False,False,False,0.0
MOD_42_00428,A_Fixed,0.8753571377141215,True,OPERATE,800.0,34.5,185.83155555555555,3,False,False,False,0.14005714203425945
MOD_42_00428,B_Scalar,0.8753571377141215,True,OPERATE,0.0,0.0,0.0,0,False,False,False,0.14005714203425945
MOD_42_00428,C_UncertaintyThresh,0.8753571377141215,True,OPERATE,0.0,0.0,0.0,0,False,False,False,0.14005714203425945
MOD_42_00428,D_RC_VOI,0.8753571377141215,True,DERATE,20.0,1.5,18.40088888888889,1,False,False,False,0.11204571362740756
MOD_42_00429,A_Fixed,0.8356633716556678,True,OPERATE,800.0,34.5,185.83155555555555,3,False,False,False,0.13370613946490686
MOD_42_00429,B_Scalar,0.8356633716556678,True,OPERATE,0.0,0.0,0.0,0,False,False,False,0.13370613946490686
MOD_42_00429,C_UncertaintyThresh,0.8356633716556678,True,RETIRE,20.0,1.5,18.40088888888889,1,False,True,True,0.0
MOD_42_00429,D_RC_VOI,0.8356633716556678,True,OPERATE,600.0,25.0,119.86666666666667,1,False,False,False,0.13370613946490686
MOD_42_00430,A_Fixed,0.8348357076505617,True,OPERATE,800.0,34.5,185.83155555555555,3,False,False,False,0.13357371322408987
MOD_42_00430,B_Scalar,0.8348357076505617,True,OPERATE,0.0,0.0,0.0,0,False,False,False,0.13357371322408987
MOD_42_00430,C_UncertaintyThresh,0.8348357076505617,True,OPERATE,0.0,0.0,0.0,0,False,False,False,0.13357371322408987
MOD_42_00430,D_RC_VOI,0.8348357076505617,True,OPERATE,600.0,25.0,119.86666666666667,1,False,False,False,0.13357371322408987
MOD_42_00431,A_Fixed,0.7869680614520107,True,RETIRE,800.0,34.5,185.83155555555555,3,False,True,True,0.0
MOD_42_00431,B_Scalar,0.7869680614520107,True,OPERATE,0.0,0.0,0.0,0,False,False,False,0.1259148898323217
MOD_42_00431,C_UncertaintyThresh,0.7869680614520107,True,RETIRE,20.0,1.5,18.40088888888889,1,False,True,True,0.0
MOD_42_00431,D_RC_VOI,0.7869680614520107,True,OPERATE,600.0,25.0,119.86666666666667,1,False,False,False,0.1259148898323217
MOD_42_00432,A_Fixed,0.7484567841783023,False,RETIRE,800.0,34.5,185.83155555555555,3,False,False,False,0.0
MOD_42_00432,B_Scalar,0.7484567841783023,False,OPERATE,0.0,0.0,0.0,0,True,False,False,0.0
MOD_42_00432,C_UncertaintyThresh,0.7484567841783023,False,RETIRE,20.0,1.5,18.40088888888889,1,False,False,False,0.0
MOD_42_00432,D_RC_VOI,0.7484567841783023,False,RETIRE,20.0,1.5,18.40088888888889,1,False,False,False,0.0
MOD_42_00433,A_Fixed,0.8130115104970513,True,OPERATE,800.0,34.5,185.83155555555555,3,False,False,False,0.13008184167952822
MOD_42_00433,B_Scalar,0.8130115104970513,True,OPERATE,0.0,0.0,0.0,0,False,False,False,0.13008184167952822
MOD_42_00433,C_UncertaintyThresh,0.8130115104970513,True,RETIRE,20.0,1.5,18.40088888888889,1,False,True,True,0.0
MOD_42_00433,D_RC_VOI,0.8130115104970513,True,OPERATE,600.0,25.0,119.86666666666667,1,False,False,False,0.13008184167952822
MOD_42_00434,A_Fixed,0.7393848149332355,False,RETIRE,800.0,34.5,185.83155555555555,3,False,False,False,0.0
MOD_42_00434,B_Scalar,0.7393848149332355,False,OPERATE,0.0,0.0,0.0,0,True,False,False,0.0
MOD_42_00434,C_UncertaintyThresh,0.7393848149332355,False,OPERATE,0.0,0.0,0.0,0,True,False,False,0.0
MOD_42_00434,D_RC_VOI,0.7393848149332355,False,RETIRE,20.0,1.5,18.40088888888889,1,False,False,False,0.0
MOD_42_00435,A_Fixed,0.7864034067105283,True,RETIRE,800.0,34.5,185.83155555555555,3,False,True,True,0.0
MOD_42_00435,B_Scalar,0.7864034067105283,True,RETIRE,0.0,0.0,0.0,0,False,True,True,0.0
MOD_42_00435,C_UncertaintyThresh,0.7864034067105283,True,RETIRE,20.0,1.5,18.40088888888889,1,False,True,True,0.0
MOD_42_00435,D_RC_VOI,0.7864034067105283,True,DERATE,0.0,0.0,0.0,0,False,False,False,0.10065963605894764
MOD_42_00436,A_Fixed,0.86677828200903,False,RETIRE,800.0,34.5,185.83155555555555,3,False,False,False,0.0
MOD_42_00436,B_Scalar,0.86677828200903,False,OPERATE,0.0,0.0,0.0,0,True,False,False,0.0
MOD_42_00436,C_UncertaintyThresh,0.86677828200903,False,RETIRE,20.0,1.5,18.40088888888889,1,False,False,False,0.0
MOD_42_00436,D_RC_VOI,0.86677828200903,False,RETIRE,20.0,1.5,18.40088888888889,1,False,False,False,0.0
MOD_42_00437,A_Fixed,0.7609245674476025,True,RETIRE,800.0,34.5,185.83155555555555,3,False,True,True,0.0
MOD_42_00437,B_Scalar,0.7609245674476025,True,RETIRE,0.0,0.0,0.0,0,False,True,True,0.0
MOD_42_00437,C_UncertaintyThresh,0.7609245674476025,True,RETIRE,20.0,1.5,18.40088888888889,1,False,True,True,0.0
MOD_42_00437,D_RC_VOI,0.7609245674476025,True,OPERATE,600.0,25.0,119.86666666666667,1,False,False,False,0.1217479307916164
MOD_42_00438,A_Fixed,0.7473909820548368,True,RETIRE,800.0,34.5,185.83155555555555,3,False,True,True,0.0
MOD_42_00438,B_Scalar,0.7473909820548368,True,RETIRE,0.0,0.0,0.0,0,False,True,True,0.0
MOD_42_00438,C_UncertaintyThresh,0.7473909820548368,True,RETIRE,20.0,1.5,18.40088888888889,1,False,True,True,0.0
MOD_42_00438,D_RC_VOI,0.7473909820548368,True,OPERATE,600.0,25.0,119.86666666666667,1,False,False,False,0.11958255712877389
MOD_42_00439,A_Fixed,0.5714375712036354,False,RETIRE,800.0,34.5,185.83155555555555,3,False,False,False,0.0
MOD_42_00439,B_Scalar,0.5714375712036354,False,RETIRE,0.0,0.0,0.0,0,False,False,False,0.0
MOD_42_00439,C_UncertaintyThresh,0.5714375712036354,False,RETIRE,20.0,1.5,18.40088888888889,1,False,False,False,0.0
MOD_42_00439,D_RC_VOI,0.5714375712036354,False,RETIRE,20.0,1.5,18.40088888888889,1,False,False,False,0.0
MOD_42_00440,A_Fixed,0.6211551067246999,False,RETIRE,800.0,34.5,185.83155555555555,3,False,False,False,0.0
MOD_42_00440,B_Scalar,0.6211551067246999,False,RETIRE,0.0,0.0,0.0,0,False,False,False,0.0
MOD_42_00440,C_UncertaintyThresh,0.6211551067246999,False,RETIRE,0.0,0.0,0.0,0,False,False,False,0.0
MOD_42_00440,D_RC_VOI,0.6211551067246999,False,RETIRE,0.0,0.0,0.0,0,False,False,False,0.0
MOD_42_00441,A_Fixed,0.48286491097698137,False,RETIRE,800.0,34.5,185.83155555555555,3,False,False,False,0.0
MOD_42_00441,B_Scalar,0.48286491097698137,False,RETIRE,0.0,0.0,0.0,0,False,False,False,0.0
MOD_42_00441,C_UncertaintyThresh,0.48286491097698137,False,RETIRE,20.0,1.5,18.40088888888889,1,False,False,False,0.0
MOD_42_00441,D_RC_VOI,0.48286491097698137,False,RETIRE,20.0,1.5,18.40088888888889,1,False,False,False,0.0
MOD_42_00442,A_Fixed,0.7568848143136948,True,RETIRE,800.0,34.5,185.83155555555555,3,False,True,True,0.0
MOD_42_00442,B_Scalar,0.7568848143136948,True,OPERATE,0.0,0.0,0.0,0,False,False,False,0.12110157029019117
MOD_42_00442,C_UncertaintyThresh,0.7568848143136948,True,RETIRE,20.0,1.5,18.40088888888889,1,False,True,True,0.0
MOD_42_00442,D_RC_VOI,0.7568848143136948,True,OPERATE,600.0,25.0,119.86666666666667,1,False,False,False,0.12110157029019117
MOD_42_00443,A_Fixed,0.8414814420961807,True,OPERATE,800.0,34.5,185.83155555555555,3,False,False,False,0.1346370307353889
MOD_42_00443,B_Scalar,0.8414814420961807,True,OPERATE,0.0,0.0,0.0,0,False,False,False,0.1346370307353889
MOD_42_00443,C_UncertaintyThresh,0.8414814420961807,True,OPERATE,0.0,0.0,0.0,0,False,False,False,0.1346370307353889
MOD_42_00443,D_RC_VOI,0.8414814420961807,True,OPERATE,620.0,26.5,138.26755555555556,2,False,False,False,0.1346370307353889
MOD_42_00444,A_Fixed,0.8061449145292948,True,RETIRE,800.0,34.5,185.83155555555555,3,False,True,True,0.0
MOD_42_00444,B_Scalar,0.8061449145292948,True,OPERATE,0.0,0.0,0.0,0,False,False,False,0.12898318632468717
MOD_42_00444,C_UncertaintyThresh,0.8061449145292948,True,RETIRE,20.0,1.5,18.40088888888889,1,False,True,True,0.0
MOD_42_00444,D_RC_VOI,0.8061449145292948,True,OPERATE,600.0,25.0,119.86666666666667,1,False,False,False,0.12898318632468717
MOD_42_00445,A_Fixed,0.5861894646118094,False,RETIRE,800.0,34.5,185.83155555555555,3,False,False,False,0.0
MOD_42_00445,B_Scalar,0.5861894646118094,False,RETIRE,0.0,0.0,0.0,0,False,False,False,0.0
MOD_42_00445,C_UncertaintyThresh,0.5861894646118094,False,RETIRE,20.0,1.5,18.40088888888889,1,False,False,False,0.0
MOD_42_00445,D_RC_VOI,0.5861894646118094,False,RETIRE,600.0,25.0,119.86666666666667,1,False,False,False,0.0
MOD_42_00446,A_Fixed,0.8155461294854933,True,OPERATE,800.0,34.5,185.83155555555555,3,False,False,False,0.13048738071767893
MOD_42_00446,B_Scalar,0.8155461294854933,True,OPERATE,0.0,0.0,0.0,0,False,False,False,0.13048738071767893
MOD_42_00446,C_UncertaintyThresh,0.8155461294854933,True,OPERATE,0.0,0.0,0.0,0,False,False,False,0.13048738071767893
MOD_42_00446,D_RC_VOI,0.8155461294854933,True,OPERATE,620.0,26.5,138.26755555555556,2,False,False,False,0.13048738071767893
MOD_42_00447,A_Fixed,0.6193535337205204,False,RETIRE,800.0,34.5,185.83155555555555,3,False,False,False,0.0
MOD_42_00447,B_Scalar,0.6193535337205204,False,RETIRE,0.0,0.0,0.0,0,False,False,False,0.0
MOD_42_00447,C_UncertaintyThresh,0.6193535337205204,False,RETIRE,20.0,1.5,18.40088888888889,1,False,False,False,0.0
MOD_42_00447,D_RC_VOI,0.6193535337205204,False,RETIRE,600.0,25.0,119.86666666666667,1,False,False,False,0.0
MOD_42_00448,A_Fixed,0.8641525621587639,False,RETIRE,800.0,34.5,185.83155555555555,3,False,False,False,0.0
MOD_42_00448,B_Scalar,0.8641525621587639,False,OPERATE,0.0,0.0,0.0,0,True,False,False,0.0
MOD_42_00448,C_UncertaintyThresh,0.8641525621587639,False,RETIRE,20.0,1.5,18.40088888888889,1,False,False,False,0.0
MOD_42_00448,D_RC_VOI,0.8641525621587639,False,RETIRE,20.0,1.5,18.40088888888889,1,False,False,False,0.0
MOD_42_00449,A_Fixed,0.5357080555722253,False,RETIRE,800.0,34.5,185.83155555555555,3,False,False,False,0.0
MOD_42_00449,B_Scalar,0.5357080555722253,False,RETIRE,0.0,0.0,0.0,0,False,False,False,0.0
MOD_42_00449,C_UncertaintyThresh,0.5357080555722253,False,RETIRE,0.0,0.0,0.0,0,False,False,False,0.0
MOD_42_00449,D_RC_VOI,0.5357080555722253,False,RETIRE,20.0,1.5,18.40088888888889,1,False,False,False,0.0
MOD_42_00450,A_Fixed,0.7477130610644006,True,RETIRE,800.0,34.5,185.83155555555555,3,False,True,True,0.0
MOD_42_00450,B_Scalar,0.7477130610644006,True,OPERATE,0.0,0.0,0.0,0,False,False,False,0.1196340897703041
MOD_42_00450,C_UncertaintyThresh,0.7477130610644006,True,RETIRE,20.0,1.5,18.40088888888889,1,False,True,True,0.0
MOD_42_00450,D_RC_VOI,0.7477130610644006,True,DERATE,0.0,0.0,0.0,0,False,False,False,0.09570727181624328
MOD_42_00451,A_Fixed,0.6107252359151445,False,RETIRE,800.0,34.5,185.83155555555555,3,False,False,False,0.0
MOD_42_00451,B_Scalar,0.6107252359151445,False,RETIRE,0.0,0.0,0.0,0,False,False,False,0.0
MOD_42_00451,C_UncertaintyThresh,0.6107252359151445,False,RETIRE,0.0,0.0,0.0,0,False,False,False,0.0
MOD_42_00451,D_RC_VOI,0.6107252359151445,False,RETIRE,20.0,1.5,18.40088888888889,1,False,False,False,0.0
MOD_42_00452,A_Fixed,0.8007170511668092,True,RETIRE,800.0,34.5,185.83155555555555,3,False,True,True,0.0
MOD_42_00452,B_Scalar,0.8007170511668092,True,OPERATE,0.0,0.0,0.0,0,False,False,False,0.12811472818668948
MOD_42_00452,C_UncertaintyThresh,0.8007170511668092,True,OPERATE,0.0,0.0,0.0,0,False,False,False,0.12811472818668948
MOD_42_00452,D_RC_VOI,0.8007170511668092,True,RETIRE,20.0,1.5,18.40088888888889,1,False,True,True,0.0
MOD_42_00453,A_Fixed,0.7001885641676822,True,RETIRE,800.0,34.5,185.83155555555555,3,False,True,True,0.0
MOD_42_00453,B_Scalar,0.7001885641676822,True,OPERATE,0.0,0.0,0.0,0,False,False,False,0.11203017026682915
MOD_42_00453,C_UncertaintyThresh,0.7001885641676822,True,RETIRE,20.0,1.5,18.40088888888889,1,False,True,True,0.0
MOD_42_00453,D_RC_VOI,0.7001885641676822,True,DERATE,600.0,25.0,119.86666666666667,1,False,False,False,0.08962413621346332
MOD_42_00454,A_Fixed,0.7936168926701116,True,RETIRE,800.0,34.5,185.83155555555555,3,False,True,True,0.0
MOD_42_00454,B_Scalar,0.7936168926701116,True,OPERATE,0.0,0.0,0.0,0,False,False,False,0.12697870282721785
MOD_42_00454,C_UncertaintyThresh,0.7936168926701116,True,RETIRE,20.0,1.5,18.40088888888889,1,False,True,True,0.0
MOD_42_00454,D_RC_VOI,0.7936168926701116,True,OPERATE,600.0,25.0,119.86666666666667,1,False,False,False,0.12697870282721785
MOD_42_00455,A_Fixed,0.5878140878839065,False,RETIRE,800.0,34.5,185.83155555555555,3,False,False,False,0.0
MOD_42_00455,B_Scalar,0.5878140878839065,False,RETIRE,0.0,0.0,0.0,0,False,False,False,0.0
MOD_42_00455,C_UncertaintyThresh,0.5878140878839065,False,RETIRE,0.0,0.0,0.0,0,False,False,False,0.0
MOD_42_00455,D_RC_VOI,0.5878140878839065,False,RETIRE,20.0,1.5,18.40088888888889,1,False,False,False,0.0
MOD_42_00456,A_Fixed,0.7515660981190234,True,RETIRE,800.0,34.5,185.83155555555555,3,False,True,True,0.0
MOD_42_00456,B_Scalar,0.7515660981190234,True,OPERATE,0.0,0.0,0.0,0,False,False,False,0.12025057569904375
MOD_42_00456,C_UncertaintyThresh,0.7515660981190234,True,RETIRE,20.0,1.5,18.40088888888889,1,False,True,True,0.0
MOD_42_00456,D_RC_VOI,0.7515660981190234,True,OPERATE,600.0,25.0,119.86666666666667,1,False,False,False,0.12025057569904375
MOD_42_00457,A_Fixed,0.8336796215317591,False,OPERATE,800.0,34.5,185.83155555555555,3,True,False,False,0.0
MOD_42_00457,B_Scalar,0.8336796215317591,False,OPERATE,0.0,0.0,0.0,0,True,False,False,0.0
MOD_42_00457,C_UncertaintyThresh,0.8336796215317591,False,OPERATE,620.0,26.5,138.26755555555556,2,True,False,False,0.0
MOD_42_00457,D_RC_VOI,0.8336796215317591,False,OPERATE,600.0,25.0,119.86666666666667,1,True,False,False,0.0
MOD_42_00458,A_Fixed,0.65800957867342,False,RETIRE,800.0,34.5,185.83155555555555,3,False,False,False,0.0
MOD_42_00458,B_Scalar,0.65800957867342,False,RETIRE,0.0,0.0,0.0,0,False,False,False,0.0
MOD_42_00458,C_UncertaintyThresh,0.65800957867342,False,RETIRE,20.0,1.5,18.40088888888889,1,False,False,False,0.0
MOD_42_00458,D_RC_VOI,0.65800957867342,False,DERATE,600.0,25.0,119.86666666666667,1,False,False,False,0.0
MOD_42_00459,A_Fixed,0.4514842943793942,False,RETIRE,800.0,34.5,185.83155555555555,3,False,False,False,0.0
MOD_42_00459,B_Scalar,0.4514842943793942,False,RETIRE,0.0,0.0,0.0,0,False,False,False,0.0
MOD_42_00459,C_UncertaintyThresh,0.4514842943793942,False,RETIRE,0.0,0.0,0.0,0,False,False,False,0.0
MOD_42_00459,D_RC_VOI,0.4514842943793942,False,RETIRE,20.0,1.5,18.40088888888889,1,False,False,False,0.0
MOD_42_00460,A_Fixed,0.6790127447955128,False,RETIRE,800.0,34.5,185.83155555555555,3,False,False,False,0.0
MOD_42_00460,B_Scalar,0.6790127447955128,False,RETIRE,0.0,0.0,0.0,0,False,False,False,0.0
MOD_42_00460,C_UncertaintyThresh,0.6790127447955128,False,RETIRE,20.0,1.5,18.40088888888889,1,False,False,False,0.0
MOD_42_00460,D_RC_VOI,0.6790127447955128,False,DERATE,600.0,25.0,119.86666666666667,1,False,False,False,0.0
MOD_42_00461,A_Fixed,0.8140937069693162,True,OPERATE,800.0,34.5,185.83155555555555,3,False,False,False,0.1302549931150906
MOD_42_00461,B_Scalar,0.8140937069693162,True,OPERATE,0.0,0.0,0.0,0,False,False,False,0.1302549931150906
MOD_42_00461,C_UncertaintyThresh,0.8140937069693162,True,OPERATE,0.0,0.0,0.0,0,False,False,False,0.1302549931150906
MOD_42_00461,D_RC_VOI,0.8140937069693162,True,OPERATE,0.0,0.0,0.0,0,False,False,False,0.1302549931150906
MOD_42_00462,A_Fixed,0.6276125620349531,False,RETIRE,800.0,34.5,185.83155555555555,3,False,False,False,0.0
MOD_42_00462,B_Scalar,0.6276125620349531,False,RETIRE,0.0,0.0,0.0,0,False,False,False,0.0
MOD_42_00462,C_UncertaintyThresh,0.6276125620349531,False,RETIRE,0.0,0.0,0.0,0,False,False,False,0.0
MOD_42_00462,D_RC_VOI,0.6276125620349531,False,RETIRE,20.0,1.5,18.40088888888889,1,False,False,False,0.0
MOD_42_00463,A_Fixed,0.798293152152541,False,RETIRE,800.0,34.5,185.83155555555555,3,False,False,False,0.0
MOD_42_00463,B_Scalar,0.798293152152541,False,OPERATE,0.0,0.0,0.0,0,True,False,False,0.0
MOD_42_00463,C_UncertaintyThresh,0.798293152152541,False,RETIRE,20.0,1.5,18.40088888888889,1,False,False,False,0.0
MOD_42_00463,D_RC_VOI,0.798293152152541,False,RETIRE,20.0,1.5,18.40088888888889,1,False,False,False,0.0
MOD_42_00464,A_Fixed,0.8443130095187257,True,OPERATE,800.0,34.5,185.83155555555555,3,False,False,False,0.13509008152299612
MOD_42_00464,B_Scalar,0.8443130095187257,True,OPERATE,0.0,0.0,0.0,0,False,False,False,0.13509008152299612
MOD_42_00464,C_UncertaintyThresh,0.8443130095187257,True,OPERATE,620.0,26.5,138.26755555555556,2,False,False,False,0.13509008152299612
MOD_42_00464,D_RC_VOI,0.8443130095187257,True,OPERATE,600.0,25.0,119.86666666666667,1,False,False,False,0.13509008152299612
MOD_42_00465,A_Fixed,0.5686096411982965,False,RETIRE,800.0,34.5,185.83155555555555,3,False,False,False,0.0
MOD_42_00465,B_Scalar,0.5686096411982965,False,RETIRE,0.0,0.0,0.0,0,False,False,False,0.0
MOD_42_00465,C_UncertaintyThresh,0.5686096411982965,False,RETIRE,0.0,0.0,0.0,0,False,False,False,0.0
MOD_42_00465,D_RC_VOI,0.5686096411982965,False,RETIRE,0.0,0.0,0.0,0,False,False,False,0.0
MOD_42_00466,A_Fixed,0.748957817501449,True,RETIRE,800.0,34.5,185.83155555555555,3,False,True,True,0.0
MOD_42_00466,B_Scalar,0.748957817501449,True,OPERATE,0.0,0.0,0.0,0,False,False,False,0.11983325080023184
MOD_42_00466,C_UncertaintyThresh,0.748957817501449,True,OPERATE,0.0,0.0,0.0,0,False,False,False,0.11983325080023184
MOD_42_00466,D_RC_VOI,0.748957817501449,True,DERATE,20.0,1.5,18.40088888888889,1,False,False,False,0.09586660064018548
MOD_42_00467,A_Fixed,0.698395531111202,False,RETIRE,800.0,34.5,185.83155555555555,3,False,False,False,0.0
MOD_42_00467,B_Scalar,0.698395531111202,False,RETIRE,0.0,0.0,0.0,0,False,False,False,0.0
MOD_42_00467,C_UncertaintyThresh,0.698395531111202,False,RETIRE,20.0,1.5,18.40088888888889,1,False,False,False,0.0
MOD_42_00467,D_RC_VOI,0.698395531111202,False,DERATE,600.0,25.0,119.86666666666667,1,False,False,False,0.0
MOD_42_00468,A_Fixed,0.8198430617934562,True,OPERATE,800.0,34.5,185.83155555555555,3,False,False,False,0.131174889886953
MOD_42_00468,B_Scalar,0.8198430617934562,True,OPERATE,0.0,0.0,0.0,0,False,False,False,0.131174889886953
MOD_42_00468,C_UncertaintyThresh,0.8198430617934562,True,RETIRE,20.0,1.5,18.40088888888889,1,False,True,True,0.0
MOD_42_00468,D_RC_VOI,0.8198430617934562,True,OPERATE,600.0,25.0,119.86666666666667,1,False,False,False,0.131174889886953
MOD_42_00469,A_Fixed,0.7799146693885302,True,RETIRE,800.0,34.5,185.83155555555555,3,False,True,True,0.0
MOD_42_00469,B_Scalar,0.7799146693885302,True,OPERATE,0.0,0.0,0.0,0,False,False,False,0.12478634710216482
MOD_42_00469,C_UncertaintyThresh,0.7799146693885302,True,RETIRE,20.0,1.5,18.40088888888889,1,False,True,True,0.0
MOD_42_00469,D_RC_VOI,0.7799146693885302,True,OPERATE,600.0,25.0,119.86666666666667,1,False,False,False,0.12478634710216482
MOD_42_00470,A_Fixed,0.8352493639490229,True,OPERATE,800.0,34.5,185.83155555555555,3,False,False,False,0.13363989823184366
MOD_42_00470,B_Scalar,0.8352493639490229,True,OPERATE,0.0,0.0,0.0,0,False,False,False,0.13363989823184366
MOD_42_00470,C_UncertaintyThresh,0.8352493639490229,True,RETIRE,20.0,1.5,18.40088888888889,1,False,True,True,0.0
MOD_42_00470,D_RC_VOI,0.8352493639490229,True,OPERATE,600.0,25.0,119.86666666666667,1,False,False,False,0.13363989823184366
MOD_42_00471,A_Fixed,0.6073404780621727,False,RETIRE,800.0,34.5,185.83155555555555,3,False,False,False,0.0
MOD_42_00471,B_Scalar,0.6073404780621727,False,RETIRE,0.0,0.0,0.0,0,False,False,False,0.0
MOD_42_00471,C_UncertaintyThresh,0.6073404780621727,False,RETIRE,20.0,1.5,18.40088888888889,1,False,False,False,0.0
MOD_42_00471,D_RC_VOI,0.6073404780621727,False,RETIRE,20.0,1.5,18.40088888888889,1,False,False,False,0.0
MOD_42_00472,A_Fixed,0.7862527344419522,True,RETIRE,800.0,34.5,185.83155555555555,3,False,True,True,0.0
MOD_42_00472,B_Scalar,0.7862527344419522,True,OPERATE,0.0,0.0,0.0,0,False,False,False,0.12580043751071235
MOD_42_00472,C_UncertaintyThresh,0.7862527344419522,True,OPERATE,0.0,0.0,0.0,0,False,False,False,0.12580043751071235
MOD_42_00472,D_RC_VOI,0.7862527344419522,True,RETIRE,20.0,1.5,18.40088888888889,1,False,True,True,0.0
MOD_42_00473,A_Fixed,0.7708373353831882,True,RETIRE,800.0,34.5,185.83155555555555,3,False,True,True,0.0
MOD_42_00473,B_Scalar,0.7708373353831882,True,OPERATE,0.0,0.0,0.0,0,False,False,False,0.12333397366131012
MOD_42_00473,C_UncertaintyThresh,0.7708373353831882,True,OPERATE,0.0,0.0,0.0,0,False,False,False,0.12333397366131012
MOD_42_00473,D_RC_VOI,0.7708373353831882,True,DERATE,20.0,1.5,18.40088888888889,1,False,False,False,0.0986671789290481
MOD_42_00474,A_Fixed,0.5625855037418224,False,RETIRE,800.0,34.5,185.83155555555555,3,False,False,False,0.0
MOD_42_00474,B_Scalar,0.5625855037418224,False,RETIRE,0.0,0.0,0.0,0,False,False,False,0.0
MOD_42_00474,C_UncertaintyThresh,0.5625855037418224,False,RETIRE,0.0,0.0,0.0,0,False,False,False,0.0
MOD_42_00474,D_RC_VOI,0.5625855037418224,False,RETIRE,0.0,0.0,0.0,0,False,False,False,0.0
MOD_42_00475,A_Fixed,0.8273224104748489,False,OPERATE,800.0,34.5,185.83155555555555,3,True,False,False,0.0
MOD_42_00475,B_Scalar,0.8273224104748489,False,OPERATE,0.0,0.0,0.0,0,True,False,False,0.0
MOD_42_00475,C_UncertaintyThresh,0.8273224104748489,False,OPERATE,0.0,0.0,0.0,0,True,False,False,0.0
MOD_42_00475,D_RC_VOI,0.8273224104748489,False,OPERATE,620.0,26.5,138.26755555555556,2,True,False,False,0.0
MOD_42_00476,A_Fixed,0.7903945923433922,True,RETIRE,800.0,34.5,185.83155555555555,3,False,True,True,0.0
MOD_42_00476,B_Scalar,0.7903945923433922,True,OPERATE,0.0,0.0,0.0,0,False,False,False,0.12646313477494275
MOD_42_00476,C_UncertaintyThresh,0.7903945923433922,True,RETIRE,20.0,1.5,18.40088888888889,1,False,True,True,0.0
MOD_42_00476,D_RC_VOI,0.7903945923433922,True,OPERATE,600.0,25.0,119.86666666666667,1,False,False,False,0.12646313477494275
MOD_42_00477,A_Fixed,0.5035567647519659,False,RETIRE,800.0,34.5,185.83155555555555,3,False,False,False,0.0
MOD_42_00477,B_Scalar,0.5035567647519659,False,RETIRE,0.0,0.0,0.0,0,False,False,False,0.0
MOD_42_00477,C_UncertaintyThresh,0.5035567647519659,False,RETIRE,0.0,0.0,0.0,0,False,False,False,0.0
MOD_42_00477,D_RC_VOI,0.5035567647519659,False,RETIRE,0.0,0.0,0.0,0,False,False,False,0.0
MOD_42_00478,A_Fixed,0.5551786594725234,False,RETIRE,800.0,34.5,185.83155555555555,3,False,False,False,0.0
MOD_42_00478,B_Scalar,0.5551786594725234,False,RETIRE,0.0,0.0,0.0,0,False,False,False,0.0
MOD_42_00478,C_UncertaintyThresh,0.5551786594725234,False,RETIRE,0.0,0.0,0.0,0,False,False,False,0.0
MOD_42_00478,D_RC_VOI,0.5551786594725234,False,RETIRE,0.0,0.0,0.0,0,False,False,False,0.0
MOD_42_00479,A_Fixed,0.633573803906403,False,RETIRE,800.0,34.5,185.83155555555555,3,False,False,False,0.0
MOD_42_00479,B_Scalar,0.633573803906403,False,RETIRE,0.0,0.0,0.0,0,False,False,False,0.0
MOD_42_00479,C_UncertaintyThresh,0.633573803906403,False,RETIRE,20.0,1.5,18.40088888888889,1,False,False,False,0.0
MOD_42_00479,D_RC_VOI,0.633573803906403,False,RETIRE,600.0,25.0,119.86666666666667,1,False,False,False,0.0
MOD_42_00480,A_Fixed,0.5790202581722468,False,RETIRE,800.0,34.5,185.83155555555555,3,False,False,False,0.0
MOD_42_00480,B_Scalar,0.5790202581722468,False,RETIRE,0.0,0.0,0.0,0,False,False,False,0.0
MOD_42_00480,C_UncertaintyThresh,0.5790202581722468,False,RETIRE,20.0,1.5,18.40088888888889,1,False,False,False,0.0
MOD_42_00480,D_RC_VOI,0.5790202581722468,False,RETIRE,600.0,25.0,119.86666666666667,1,False,False,False,0.0
MOD_42_00481,A_Fixed,0.5629242278630522,False,RETIRE,800.0,34.5,185.83155555555555,3,False,False,False,0.0
MOD_42_00481,B_Scalar,0.5629242278630522,False,RETIRE,0.0,0.0,0.0,0,False,False,False,0.0
MOD_42_00481,C_UncertaintyThresh,0.5629242278630522,False,RETIRE,20.0,1.5,18.40088888888889,1,False,False,False,0.0
MOD_42_00481,D_RC_VOI,0.5629242278630522,False,RETIRE,600.0,25.0,119.86666666666667,1,False,False,False,0.0
MOD_42_00482,A_Fixed,0.8861514928204013,False,OPERATE,800.0,34.5,185.83155555555555,3,True,False,False,0.0
MOD_42_00482,B_Scalar,0.8861514928204013,False,OPERATE,0.0,0.0,0.0,0,True,False,False,0.0
MOD_42_00482,C_UncertaintyThresh,0.8861514928204013,False,OPERATE,0.0,0.0,0.0,0,True,False,False,0.0
MOD_42_00482,D_RC_VOI,0.8861514928204013,False,OPERATE,0.0,0.0,0.0,0,True,False,False,0.0
MOD_42_00483,A_Fixed,0.8086743062275392,True,OPERATE,800.0,34.5,185.83155555555555,3,False,False,False,0.12938788899640627
MOD_42_00483,B_Scalar,0.8086743062275392,True,OPERATE,0.0,0.0,0.0,0,False,False,False,0.12938788899640627
MOD_42_00483,C_UncertaintyThresh,0.8086743062275392,True,RETIRE,20.0,1.5,18.40088888888889,1,False,True,True,0.0
MOD_42_00483,D_RC_VOI,0.8086743062275392,True,OPERATE,600.0,25.0,119.86666666666667,1,False,False,False,0.12938788899640627
MOD_42_00484,A_Fixed,0.7777440122697439,True,RETIRE,800.0,34.5,185.83155555555555,3,False,True,True,0.0
MOD_42_00484,B_Scalar,0.7777440122697439,True,OPERATE,0.0,0.0,0.0,0,False,False,False,0.12443904196315902
MOD_42_00484,C_UncertaintyThresh,0.7777440122697439,True,OPERATE,0.0,0.0,0.0,0,False,False,False,0.12443904196315902
MOD_42_00484,D_RC_VOI,0.7777440122697439,True,RETIRE,20.0,1.5,18.40088888888889,1,False,True,True,0.0
MOD_42_00485,A_Fixed,0.8176862552972765,True,OPERATE,800.0,34.5,185.83155555555555,3,False,False,False,0.13082980084756424
MOD_42_00485,B_Scalar,0.8176862552972765,True,OPERATE,0.0,0.0,0.0,0,False,False,False,0.13082980084756424
MOD_42_00485,C_UncertaintyThresh,0.8176862552972765,True,RETIRE,20.0,1.5,18.40088888888889,1,False,True,True,0.0
MOD_42_00485,D_RC_VOI,0.8176862552972765,True,OPERATE,600.0,25.0,119.86666666666667,1,False,False,False,0.13082980084756424
MOD_42_00486,A_Fixed,0.8199529847786735,True,OPERATE,800.0,34.5,185.83155555555555,3,False,False,False,0.13119247756458777
MOD_42_00486,B_Scalar,0.8199529847786735,True,OPERATE,0.0,0.0,0.0,0,False,False,False,0.13119247756458777
MOD_42_00486,C_UncertaintyThresh,0.8199529847786735,True,RETIRE,20.0,1.5,18.40088888888889,1,False,True,True,0.0
MOD_42_00486,D_RC_VOI,0.8199529847786735,True,OPERATE,600.0,25.0,119.86666666666667,1,False,False,False,0.13119247756458777
MOD_42_00487,A_Fixed,0.8248492336616594,True,OPERATE,800.0,34.5,185.83155555555555,3,False,False,False,0.1319758773858655
MOD_42_00487,B_Scalar,0.8248492336616594,True,OPERATE,0.0,0.0,0.0,0,False,False,False,0.1319758773858655
MOD_42_00487,C_UncertaintyThresh,0.8248492336616594,True,OPERATE,0.0,0.0,0.0,0,False,False,False,0.1319758773858655
MOD_42_00487,D_RC_VOI,0.8248492336616594,True,OPERATE,0.0,0.0,0.0,0,False,False,False,0.1319758773858655
MOD_42_00488,A_Fixed,0.7102892436457033,True,RETIRE,800.0,34.5,185.83155555555555,3,False,True,True,0.0
MOD_42_00488,B_Scalar,0.7102892436457033,True,RETIRE,0.0,0.0,0.0,0,False,True,True,0.0
MOD_42_00488,C_UncertaintyThresh,0.7102892436457033,True,RETIRE,20.0,1.5,18.40088888888889,1,False,True,True,0.0
MOD_42_00488,D_RC_VOI,0.7102892436457033,True,DERATE,600.0,25.0,119.86666666666667,1,False,False,False,0.09091702318665003
MOD_42_00489,A_Fixed,0.8240495933867517,True,OPERATE,800.0,34.5,185.83155555555555,3,False,False,False,0.13184793494188027
MOD_42_00489,B_Scalar,0.8240495933867517,True,OPERATE,0.0,0.0,0.0,0,False,False,False,0.13184793494188027
MOD_42_00489,C_UncertaintyThresh,0.8240495933867517,True,OPERATE,620.0,26.5,138.26755555555556,2,False,False,False,0.13184793494188027
MOD_42_00489,D_RC_VOI,0.8240495933867517,True,OPERATE,600.0,25.0,119.86666666666667,1,False,False,False,0.13184793494188027
MOD_42_00490,A_Fixed,0.6497856509376542,False,RETIRE,800.0,34.5,185.83155555555555,3,False,False,False,0.0
MOD_42_00490,B_Scalar,0.6497856509376542,False,OPERATE,0.0,0.0,0.0,0,True,False,False,0.0
MOD_42_00490,C_UncertaintyThresh,0.6497856509376542,False,RETIRE,20.0,1.5,18.40088888888889,1,False,False,False,0.0
MOD_42_00490,D_RC_VOI,0.6497856509376542,False,DERATE,600.0,25.0,119.86666666666667,1,False,False,False,0.0
MOD_42_00491,A_Fixed,0.7742348145370016,False,RETIRE,800.0,34.5,185.83155555555555,3,False,False,False,0.0
MOD_42_00491,B_Scalar,0.7742348145370016,False,OPERATE,0.0,0.0,0.0,0,True,False,False,0.0
MOD_42_00491,C_UncertaintyThresh,0.7742348145370016,False,OPERATE,0.0,0.0,0.0,0,True,False,False,0.0
MOD_42_00491,D_RC_VOI,0.7742348145370016,False,DERATE,620.0,26.5,138.26755555555556,2,False,False,False,0.0
MOD_42_00492,A_Fixed,0.6203237212414275,False,RETIRE,800.0,34.5,185.83155555555555,3,False,False,False,0.0
MOD_42_00492,B_Scalar,0.6203237212414275,False,RETIRE,0.0,0.0,0.0,0,False,False,False,0.0
MOD_42_00492,C_UncertaintyThresh,0.6203237212414275,False,RETIRE,20.0,1.5,18.40088888888889,1,False,False,False,0.0
MOD_42_00492,D_RC_VOI,0.6203237212414275,False,RETIRE,600.0,25.0,119.86666666666667,1,False,False,False,0.0
MOD_42_00493,A_Fixed,0.635211519336889,False,RETIRE,800.0,34.5,185.83155555555555,3,False,False,False,0.0
MOD_42_00493,B_Scalar,0.635211519336889,False,RETIRE,0.0,0.0,0.0,0,False,False,False,0.0
MOD_42_00493,C_UncertaintyThresh,0.635211519336889,False,RETIRE,20.0,1.5,18.40088888888889,1,False,False,False,0.0
MOD_42_00493,D_RC_VOI,0.635211519336889,False,RETIRE,20.0,1.5,18.40088888888889,1,False,False,False,0.0
MOD_42_00494,A_Fixed,0.6844383045723463,False,RETIRE,800.0,34.5,185.83155555555555,3,False,False,False,0.0
MOD_42_00494,B_Scalar,0.6844383045723463,False,RETIRE,0.0,0.0,0.0,0,False,False,False,0.0
MOD_42_00494,C_UncertaintyThresh,0.6844383045723463,False,RETIRE,20.0,1.5,18.40088888888889,1,False,False,False,0.0
MOD_42_00494,D_RC_VOI,0.6844383045723463,False,DERATE,600.0,25.0,119.86666666666667,1,False,False,False,0.0
MOD_42_00495,A_Fixed,0.5755561840882705,False,RETIRE,800.0,34.5,185.83155555555555,3,False,False,False,0.0
MOD_42_00495,B_Scalar,0.5755561840882705,False,RETIRE,0.0,0.0,0.0,0,False,False,False,0.0
MOD_42_00495,C_UncertaintyThresh,0.5755561840882705,False,RETIRE,20.0,1.5,18.40088888888889,1,False,False,False,0.0
MOD_42_00495,D_RC_VOI,0.5755561840882705,False,RETIRE,600.0,25.0,119.86666666666667,1,False,False,False,0.0
MOD_42_00496,A_Fixed,0.41460463199680986,False,RETIRE,800.0,34.5,185.83155555555555,3,False,False,False,0.0
MOD_42_00496,B_Scalar,0.41460463199680986,False,RETIRE,0.0,0.0,0.0,0,False,False,False,0.0
MOD_42_00496,C_UncertaintyThresh,0.41460463199680986,False,RETIRE,0.0,0.0,0.0,0,False,False,False,0.0
MOD_42_00496,D_RC_VOI,0.41460463199680986,False,RETIRE,0.0,0.0,0.0,0,False,False,False,0.0
MOD_42_00497,A_Fixed,0.8644475298483684,True,OPERATE,800.0,34.5,185.83155555555555,3,False,False,False,0.13831160477573895
MOD_42_00497,B_Scalar,0.8644475298483684,True,OPERATE,0.0,0.0,0.0,0,False,False,False,0.13831160477573895
MOD_42_00497,C_UncertaintyThresh,0.8644475298483684,True,OPERATE,0.0,0.0,0.0,0,False,False,False,0.13831160477573895
MOD_42_00497,D_RC_VOI,0.8644475298483684,True,OPERATE,0.0,0.0,0.0,0,False,False,False,0.13831160477573895
MOD_42_00498,A_Fixed,0.5695885556505852,False,RETIRE,800.0,34.5,185.83155555555555,3,False,False,False,0.0
MOD_42_00498,B_Scalar,0.5695885556505852,False,RETIRE,0.0,0.0,0.0,0,False,False,False,0.0
MOD_42_00498,C_UncertaintyThresh,0.5695885556505852,False,RETIRE,20.0,1.5,18.40088888888889,1,False,False,False,0.0
MOD_42_00498,D_RC_VOI,0.5695885556505852,False,RETIRE,600.0,25.0,119.86666666666667,1,False,False,False,0.0
MOD_42_00499,A_Fixed,0.8431065337260524,True,OPERATE,800.0,34.5,185.83155555555555,3,False,False,False,0.1348970453961684
MOD_42_00499,B_Scalar,0.8431065337260524,True,OPERATE,0.0,0.0,0.0,0,False,False,False,0.1348970453961684
MOD_42_00499,C_UncertaintyThresh,0.8431065337260524,True,RETIRE,20.0,1.5,18.40088888888889,1,False,True,True,0.0
MOD_42_00499,D_RC_VOI,0.8431065337260524,True,OPERATE,600.0,25.0,119.86666666666667,1,False,False,False,0.1348970453961684
