timestamp_monotonic,timestamp_iso,cell_idx,voltage,current,temperature,test_state,hardware_trip
5706.345781,2026-10-02T11:20:39,0,3.29256,0.0000,25.000,MEASURE_V,0
5706.345839,2026-10-02T11:20:39,0,3.29281,0.0000,25.000,MEASURE_TEMP,0
5706.345867,2026-10-02T11:20:39,0,3.29142,0.0000,25.000,REST_OBSERVATION,0
5707.346317,2026-10-02T11:20:40,0,3.29169,0.0000,25.000,REST_OBSERVATION,0
5708.348760,2026-10-02T11:20:41,0,3.29240,0.0000,25.000,MEASURE_V,0
5708.348960,2026-10-02T11:20:41,0,3.29160,0.0000,25.000,MEASURE_TEMP,0
5708.349065,2026-10-02T11:20:41,0,3.29059,0.0000,25.000,REST_OBSERVATION,0
5709.350438,2026-10-02T11:20:42,0,3.29163,0.0000,25.000,REST_OBSERVATION,0
5710.355601,2026-10-02T11:20:43,0,3.29294,0.0000,25.000,MEASURE_V,0
5710.355753,2026-10-02T11:20:43,0,3.29195,0.0000,25.000,MEASURE_TEMP,0
5710.355814,2026-10-02T11:20:43,0,3.29162,0.0000,25.000,REST_OBSERVATION,0
5711.356355,2026-10-02T11:20:44,0,3.29197,0.0000,25.000,REST_OBSERVATION,0
5712.362974,2026-10-02T11:20:45,0,3.29139,0.0000,25.000,MEASURE_V,0
5712.363145,2026-10-02T11:20:45,0,3.29314,0.0000,25.000,MEASURE_TEMP,0
5712.363211,2026-10-02T11:20:45,0,3.29116,0.0000,25.000,REST_OBSERVATION,0
5713.364320,2026-10-02T11:20:46,0,3.29046,0.0000,25.000,REST_OBSERVATION,0
5724.880300,2026-10-02T11:20:58,0,3.28986,0.0000,25.000,MEASURE_V,0
5724.880377,2026-10-02T11:20:58,0,3.29301,0.0000,25.000,MEASURE_TEMP,0
5724.880407,2026-10-02T11:20:58,0,3.29123,0.0000,25.000,REST_OBSERVATION,0
5725.881236,2026-10-02T11:20:59,0,3.28963,0.0000,25.000,REST_OBSERVATION,0
5774.124254,2026-10-02T11:21:47,0,3.29188,0.0000,25.000,MEASURE_V,0
5774.124716,2026-10-02T11:21:47,0,3.29009,0.0000,25.000,MEASURE_TEMP,0
5774.124752,2026-10-02T11:21:47,0,3.29195,0.0000,25.000,REST_OBSERVATION,0
5775.125307,2026-10-02T11:21:48,0,3.29158,0.0000,25.000,REST_OBSERVATION,0
5820.747828,2026-10-02T11:22:34,0,3.29261,0.0000,25.000,MEASURE_V,0
5820.747893,2026-10-02T11:22:34,0,3.29069,0.0000,25.000,MEASURE_TEMP,0
5820.747929,2026-10-02T11:22:34,0,3.29184,0.0000,25.000,REST_OBSERVATION,0
5821.749324,2026-10-02T11:22:35,0,3.29175,0.0000,25.000,REST_OBSERVATION,0
5822.756779,2026-10-02T11:22:36,0,3.29054,0.0000,25.000,MEASURE_V,0
5822.756970,2026-10-02T11:22:36,0,3.27297,10.0000,25.000,CURRENT_PULSE,0
5822.807313,2026-10-02T11:22:36,0,3.27140,10.0000,25.000,CURRENT_PULSE,0
5822.857728,2026-10-02T11:22:36,0,3.27076,10.0000,25.000,CURRENT_PULSE,0
5822.908194,2026-10-02T11:22:36,0,3.27268,10.0000,25.001,CURRENT_PULSE,0
5822.958639,2026-10-02T11:22:36,0,3.27275,10.0000,25.001,CURRENT_PULSE,0
5823.009133,2026-10-02T11:22:36,0,3.27249,10.0000,25.001,CURRENT_PULSE,0
5823.059584,2026-10-02T11:22:36,0,3.27341,10.0000,25.001,CURRENT_PULSE,0
5823.110186,2026-10-02T11:22:36,0,3.27369,10.0000,25.001,CURRENT_PULSE,0
5823.160691,2026-10-02T11:22:36,0,3.27201,10.0000,25.001,CURRENT_PULSE,0
5823.211119,2026-10-02T11:22:36,0,3.27222,10.0000,25.001,CURRENT_PULSE,0
5823.261588,2026-10-02T11:22:36,0,3.27306,10.0000,25.002,CURRENT_PULSE,0
5823.312142,2026-10-02T11:22:36,0,3.27277,10.0000,25.002,CURRENT_PULSE,0
5823.362653,2026-10-02T11:22:36,0,3.27245,10.0000,25.002,CURRENT_PULSE,0
5823.413203,2026-10-02T11:22:36,0,3.27303,10.0000,25.002,CURRENT_PULSE,0
5823.463704,2026-10-02T11:22:36,0,3.27293,10.0000,25.002,CURRENT_PULSE,0
5823.514167,2026-10-02T11:22:36,0,3.27193,10.0000,25.002,CURRENT_PULSE,0
5823.564677,2026-10-02T11:22:36,0,3.27256,10.0000,25.002,CURRENT_PULSE,0
5823.615238,2026-10-02T11:22:36,0,3.27235,10.0000,25.002,CURRENT_PULSE,0
5823.665797,2026-10-02T11:22:36,0,3.27285,10.0000,25.003,CURRENT_PULSE,0
5823.716364,2026-10-02T11:22:37,0,3.27045,10.0000,25.003,CURRENT_PULSE,0
5823.766971,2026-10-02T11:22:37,0,3.27151,10.0000,25.003,CURRENT_PULSE,0
5823.817675,2026-10-02T11:22:37,0,3.27172,10.0000,25.003,CURRENT_PULSE,0
5823.868252,2026-10-02T11:22:37,0,3.27150,10.0000,25.003,CURRENT_PULSE,0
5823.918752,2026-10-02T11:22:37,0,3.27133,10.0000,25.003,CURRENT_PULSE,0
5823.969259,2026-10-02T11:22:37,0,3.27152,10.0000,25.003,CURRENT_PULSE,0
5824.019777,2026-10-02T11:22:37,0,3.27400,10.0000,25.003,CURRENT_PULSE,0
5824.070325,2026-10-02T11:22:37,0,3.27269,10.0000,25.003,CURRENT_PULSE,0
5824.120880,2026-10-02T11:22:37,0,3.27250,10.0000,25.003,CURRENT_PULSE,0
5824.171303,2026-10-02T11:22:37,0,3.27232,10.0000,25.004,CURRENT_PULSE,0
5824.221763,2026-10-02T11:22:37,0,3.27249,10.0000,25.004,CURRENT_PULSE,0
5824.272176,2026-10-02T11:22:37,0,3.27113,10.0000,25.004,CURRENT_PULSE,0
5824.322597,2026-10-02T11:22:37,0,3.27152,10.0000,25.004,CURRENT_PULSE,0
5824.373222,2026-10-02T11:22:37,0,3.27204,10.0000,25.004,CURRENT_PULSE,0
5824.423771,2026-10-02T11:22:37,0,3.27285,10.0000,25.004,CURRENT_PULSE,0
5824.474300,2026-10-02T11:22:37,0,3.27229,10.0000,25.004,CURRENT_PULSE,0
5824.524911,2026-10-02T11:22:37,0,3.27230,10.0000,25.004,CURRENT_PULSE,0
5824.575522,2026-10-02T11:22:37,0,3.27312,10.0000,25.004,CURRENT_PULSE,0
5824.626063,2026-10-02T11:22:37,0,3.27318,10.0000,25.004,CURRENT_PULSE,0
5824.676529,2026-10-02T11:22:37,0,3.27207,10.0000,25.004,CURRENT_PULSE,0
5824.727077,2026-10-02T11:22:38,0,3.27278,10.0000,25.004,CURRENT_PULSE,0
5824.777612,2026-10-02T11:22:38,0,3.27291,10.0000,25.004,CURRENT_PULSE,0
5824.828165,2026-10-02T11:22:38,0,3.27201,10.0000,25.005,CURRENT_PULSE,0
5824.878765,2026-10-02T11:22:38,0,3.27164,10.0000,25.005,CURRENT_PULSE,0
5824.929288,2026-10-02T11:22:38,0,3.27208,10.0000,25.005,CURRENT_PULSE,0
5824.979847,2026-10-02T11:22:38,0,3.27170,10.0000,25.005,CURRENT_PULSE,0
5825.030377,2026-10-02T11:22:38,0,3.27247,10.0000,25.005,CURRENT_PULSE,0
5825.080799,2026-10-02T11:22:38,0,3.27364,10.0000,25.005,CURRENT_PULSE,0
5825.131260,2026-10-02T11:22:38,0,3.27212,10.0000,25.005,CURRENT_PULSE,0
5825.181760,2026-10-02T11:22:38,0,3.27353,10.0000,25.005,CURRENT_PULSE,0
5825.232251,2026-10-02T11:22:38,0,3.27169,10.0000,25.005,CURRENT_PULSE,0
5825.282760,2026-10-02T11:22:38,0,3.27225,10.0000,25.005,CURRENT_PULSE,0
5825.333212,2026-10-02T11:22:38,0,3.27161,10.0000,25.005,CURRENT_PULSE,0
5825.383675,2026-10-02T11:22:38,0,3.27197,10.0000,25.005,CURRENT_PULSE,0
5825.434076,2026-10-02T11:22:38,0,3.26994,10.0000,25.005,CURRENT_PULSE,0
5825.484519,2026-10-02T11:22:38,0,3.27262,10.0000,25.005,CURRENT_PULSE,0
5825.535025,2026-10-02T11:22:38,0,3.27123,10.0000,25.005,CURRENT_PULSE,0
5825.585553,2026-10-02T11:22:38,0,3.27295,10.0000,25.005,CURRENT_PULSE,0
5825.636116,2026-10-02T11:22:38,0,3.27328,10.0000,25.005,CURRENT_PULSE,0
5825.686606,2026-10-02T11:22:38,0,3.27206,10.0000,25.006,CURRENT_PULSE,0
5825.737118,2026-10-02T11:22:39,0,3.27179,10.0000,25.006,CURRENT_PULSE,0
5825.787490,2026-10-02T11:22:39,0,3.27159,10.0000,25.006,CURRENT_PULSE,0
5825.837848,2026-10-02T11:22:39,0,3.27226,10.0000,25.006,CURRENT_PULSE,0
5825.888304,2026-10-02T11:22:39,0,3.27039,10.0000,25.006,CURRENT_PULSE,0
5825.938813,2026-10-02T11:22:39,0,3.27184,10.0000,25.006,CURRENT_PULSE,0
5825.989306,2026-10-02T11:22:39,0,3.27097,10.0000,25.006,CURRENT_PULSE,0
5826.039798,2026-10-02T11:22:39,0,3.27219,10.0000,25.006,CURRENT_PULSE,0
5826.090279,2026-10-02T11:22:39,0,3.27175,10.0000,25.006,CURRENT_PULSE,0
5826.140803,2026-10-02T11:22:39,0,3.27296,10.0000,25.006,CURRENT_PULSE,0
5826.191285,2026-10-02T11:22:39,0,3.27162,10.0000,25.006,CURRENT_PULSE,0
5826.241769,2026-10-02T11:22:39,0,3.27262,10.0000,25.006,CURRENT_PULSE,0
5826.292340,2026-10-02T11:22:39,0,3.27342,10.0000,25.006,CURRENT_PULSE,0
5826.342821,2026-10-02T11:22:39,0,3.27302,10.0000,25.006,CURRENT_PULSE,0
5826.393345,2026-10-02T11:22:39,0,3.27289,10.0000,25.006,CURRENT_PULSE,0
5826.443862,2026-10-02T11:22:39,0,3.27233,10.0000,25.006,CURRENT_PULSE,0
5826.494305,2026-10-02T11:22:39,0,3.27209,10.0000,25.006,CURRENT_PULSE,0
5826.544909,2026-10-02T11:22:39,0,3.27462,10.0000,25.006,CURRENT_PULSE,0
5826.595492,2026-10-02T11:22:39,0,3.27343,10.0000,25.006,CURRENT_PULSE,0
5826.646118,2026-10-02T11:22:39,0,3.27163,10.0000,25.006,CURRENT_PULSE,0
5826.696680,2026-10-02T11:22:40,0,3.27219,10.0000,25.006,CURRENT_PULSE,0
5826.747247,2026-10-02T11:22:40,0,3.27345,10.0000,25.006,CURRENT_PULSE,0
5826.797830,2026-10-02T11:22:40,0,3.27228,10.0000,25.006,CURRENT_PULSE,0
5826.848503,2026-10-02T11:22:40,0,3.27178,10.0000,25.006,CURRENT_PULSE,0
5826.899032,2026-10-02T11:22:40,0,3.27126,10.0000,25.006,CURRENT_PULSE,0
5826.949521,2026-10-02T11:22:40,0,3.27090,10.0000,25.006,CURRENT_PULSE,0
5827.000050,2026-10-02T11:22:40,0,3.27286,10.0000,25.006,CURRENT_PULSE,0
5827.050577,2026-10-02T11:22:40,0,3.27269,10.0000,25.007,CURRENT_PULSE,0
5827.101133,2026-10-02T11:22:40,0,3.27270,10.0000,25.007,CURRENT_PULSE,0
5827.151700,2026-10-02T11:22:40,0,3.27074,10.0000,25.007,CURRENT_PULSE,0
5827.202330,2026-10-02T11:22:40,0,3.27346,10.0000,25.007,CURRENT_PULSE,0
5827.252803,2026-10-02T11:22:40,0,3.27323,10.0000,25.007,CURRENT_PULSE,0
5827.303331,2026-10-02T11:22:40,0,3.27136,10.0000,25.007,CURRENT_PULSE,0
5827.353813,2026-10-02T11:22:40,0,3.27431,10.0000,25.007,CURRENT_PULSE,0
5827.404276,2026-10-02T11:22:40,0,3.27151,10.0000,25.007,CURRENT_PULSE,0
5827.454767,2026-10-02T11:22:40,0,3.27269,10.0000,25.007,CURRENT_PULSE,0
5827.505304,2026-10-02T11:22:40,0,3.27194,10.0000,25.007,CURRENT_PULSE,0
5827.555848,2026-10-02T11:22:40,0,3.27253,10.0000,25.007,CURRENT_PULSE,0
5827.606289,2026-10-02T11:22:40,0,3.27296,10.0000,25.007,CURRENT_PULSE,0
5827.656752,2026-10-02T11:22:40,0,3.27160,10.0000,25.007,CURRENT_PULSE,0
5827.707251,2026-10-02T11:22:41,0,3.27363,10.0000,25.007,CURRENT_PULSE,0
5881.245957,2026-10-02T11:23:34,0,3.29249,0.0000,25.000,MEASURE_V,0
5881.246026,2026-10-02T11:23:34,0,3.29216,0.0000,25.000,MEASURE_TEMP,0
5881.246055,2026-10-02T11:23:34,0,3.29252,0.0000,25.000,REST_OBSERVATION,0
5881.247165,2026-10-02T11:23:34,0,3.29387,0.0000,25.000,REST_OBSERVATION,0
5881.248266,2026-10-02T11:23:34,0,3.29145,0.0000,25.000,REST_OBSERVATION,0
5881.250762,2026-10-02T11:23:34,0,3.29253,0.0000,25.000,MEASURE_V,0
5881.250806,2026-10-02T11:23:34,0,3.27229,10.0000,25.000,CURRENT_PULSE,0
5881.251986,2026-10-02T11:23:34,0,3.27258,10.0000,25.000,CURRENT_PULSE,0
5881.253119,2026-10-02T11:23:34,0,3.27207,10.0000,25.000,CURRENT_PULSE,0
5881.254241,2026-10-02T11:23:34,0,3.27359,10.0000,25.001,CURRENT_PULSE,0
5881.255358,2026-10-02T11:23:34,0,3.27198,10.0000,25.001,CURRENT_PULSE,0
5881.256986,2026-10-02T11:23:34,0,3.29157,0.0000,25.000,MEASURE_V,0
5881.257027,2026-10-02T11:23:34,0,3.29315,0.0000,25.000,MEASURE_TEMP,0
5881.257048,2026-10-02T11:23:34,0,3.29254,0.0000,25.000,REST_OBSERVATION,0
5881.258149,2026-10-02T11:23:34,0,3.29297,0.0000,25.000,REST_OBSERVATION,0
5881.259267,2026-10-02T11:23:34,0,3.29203,0.0000,25.000,REST_OBSERVATION,0
5881.262827,2026-10-02T11:23:34,0,3.28993,0.0000,25.000,MEASURE_V,0
5881.262870,2026-10-02T11:23:34,0,3.29282,0.0000,25.000,MEASURE_TEMP,0
5881.262892,2026-10-02T11:23:34,0,3.29098,0.0000,25.000,REST_OBSERVATION,0
5881.264035,2026-10-02T11:23:34,0,3.29207,0.0000,25.000,REST_OBSERVATION,0
5881.265153,2026-10-02T11:23:34,0,3.29029,0.0000,25.000,REST_OBSERVATION,0
5881.268703,2026-10-02T11:23:34,0,3.29095,0.0000,25.000,MEASURE_V,0
5881.268748,2026-10-02T11:23:34,0,3.29126,0.0000,25.000,MEASURE_TEMP,0
5881.268770,2026-10-02T11:23:34,0,3.29256,0.0000,25.000,REST_OBSERVATION,0
5881.269946,2026-10-02T11:23:34,0,3.29071,0.0000,25.000,REST_OBSERVATION,0
5881.271149,2026-10-02T11:23:34,0,3.29032,0.0000,25.000,REST_OBSERVATION,0
5881.274661,2026-10-02T11:23:34,0,3.29136,0.0000,25.000,MEASURE_V,0
5881.274708,2026-10-02T11:23:34,0,3.26838,10.0000,25.000,CURRENT_PULSE,0
5881.275843,2026-10-02T11:23:34,0,3.26836,10.0000,25.000,CURRENT_PULSE,0
5881.277127,2026-10-02T11:23:34,0,3.26871,10.0000,25.001,CURRENT_PULSE,0
5881.278246,2026-10-02T11:23:34,0,3.26773,10.0000,25.001,CURRENT_PULSE,0
5881.279364,2026-10-02T11:23:34,0,3.26901,10.0000,25.001,CURRENT_PULSE,0
5881.283220,2026-10-02T11:23:34,0,3.29283,0.0000,25.001,MEASURE_V,0
5881.283263,2026-10-02T11:23:34,0,3.26547,10.0000,25.001,CURRENT_PULSE,0
5881.284363,2026-10-02T11:23:34,0,3.26697,10.0000,25.001,CURRENT_PULSE,0
5881.285591,2026-10-02T11:23:34,0,3.26653,10.0000,25.001,CURRENT_PULSE,0
5881.286863,2026-10-02T11:23:34,0,3.26859,10.0000,25.002,CURRENT_PULSE,0
5881.288045,2026-10-02T11:23:34,0,3.26743,10.0000,25.002,CURRENT_PULSE,0
5881.292262,2026-10-02T11:23:34,0,3.29107,0.0000,25.002,MEASURE_V,0
5881.292309,2026-10-02T11:23:34,0,3.26599,10.0000,25.002,CURRENT_PULSE,0
5881.293409,2026-10-02T11:23:34,0,3.26806,10.0000,25.002,CURRENT_PULSE,0
5881.294636,2026-10-02T11:23:34,0,3.26875,10.0000,25.002,CURRENT_PULSE,0
5881.295859,2026-10-02T11:23:34,0,3.26717,10.0000,25.002,CURRENT_PULSE,0
5881.297238,2026-10-02T11:23:34,0,3.26728,10.0000,25.003,CURRENT_PULSE,0
5881.298951,2026-10-02T11:23:34,0,3.75383,0.0000,25.000,MEASURE_V,0
5881.299009,2026-10-02T11:23:34,0,3.75062,0.0000,25.000,MEASURE_TEMP,0
5881.299044,2026-10-02T11:23:34,0,3.75162,0.0000,25.000,REST_OBSERVATION,0
5881.300171,2026-10-02T11:23:34,0,3.75399,0.0000,25.000,REST_OBSERVATION,0
5881.301326,2026-10-02T11:23:34,0,3.75071,0.0000,25.000,REST_OBSERVATION,0
5881.302594,2026-10-02T11:23:34,0,3.75018,0.0000,25.000,MEASURE_V,0
5881.302671,2026-10-02T11:23:34,0,3.75005,0.0000,25.000,MEASURE_TEMP,0
5881.302713,2026-10-02T11:23:34,0,3.75136,0.0000,25.000,REST_OBSERVATION,0
5881.303868,2026-10-02T11:23:34,0,3.75383,0.0000,25.000,REST_OBSERVATION,0
5881.305025,2026-10-02T11:23:34,0,3.75129,0.0000,25.000,REST_OBSERVATION,0
5881.306253,2026-10-02T11:23:34,0,3.29184,0.0000,25.000,MEASURE_V,0
5881.306303,2026-10-02T11:23:34,0,3.29094,0.0000,25.000,MEASURE_TEMP,0
5881.306337,2026-10-02T11:23:34,0,3.29083,0.0000,25.000,REST_OBSERVATION,0
5881.307481,2026-10-02T11:23:34,0,3.29194,0.0000,25.000,REST_OBSERVATION,0
5881.308640,2026-10-02T11:23:34,0,3.29268,0.0000,25.000,REST_OBSERVATION,0
5881.309948,2026-10-02T11:23:34,0,3.28918,0.0000,25.000,MEASURE_V,0
5881.309996,2026-10-02T11:23:34,0,3.28959,0.0000,25.000,MEASURE_V,0
5881.310036,2026-10-02T11:23:34,0,3.29214,0.0000,25.000,MEASURE_V,0
5881.310063,2026-10-02T11:23:34,0,3.29263,0.0000,25.000,MEASURE_V,0
5881.310088,2026-10-02T11:23:34,0,3.29198,0.0000,25.000,MEASURE_V,0
5881.310114,2026-10-02T11:23:34,0,3.29025,0.0000,25.000,MEASURE_V,0
5881.310138,2026-10-02T11:23:34,0,3.29158,0.0000,25.000,MEASURE_V,0
5881.310162,2026-10-02T11:23:34,0,3.29124,0.0000,25.000,MEASURE_V,0
5881.310186,2026-10-02T11:23:34,0,3.29207,0.0000,25.000,MEASURE_V,0
5881.310210,2026-10-02T11:23:34,0,3.29164,0.0000,25.000,MEASURE_V,0
5881.641343,2026-10-02T11:23:34,0,3.29319,0.0000,25.000,MEASURE_V,0
5881.641424,2026-10-02T11:23:34,0,3.28928,0.0000,25.000,MEASURE_TEMP,0
5881.641453,2026-10-02T11:23:34,0,3.29052,0.0000,25.000,REST_OBSERVATION,0
5881.642644,2026-10-02T11:23:34,0,3.29081,0.0000,25.000,REST_OBSERVATION,0
5881.643853,2026-10-02T11:23:34,0,3.29077,0.0000,25.000,REST_OBSERVATION,0
5881.645176,2026-10-02T11:23:34,0,3.29077,0.0000,25.000,MEASURE_V,0
5881.645226,2026-10-02T11:23:34,0,3.29213,0.0000,25.000,MEASURE_TEMP,0
5881.645254,2026-10-02T11:23:34,0,3.29288,0.0000,25.000,REST_OBSERVATION,0
5881.646382,2026-10-02T11:23:34,0,3.29248,0.0000,25.000,REST_OBSERVATION,0
5881.647543,2026-10-02T11:23:34,0,3.29147,0.0000,25.000,REST_OBSERVATION,0
5881.649233,2026-10-02T11:23:34,0,3.29185,0.0000,25.000,MEASURE_V,0
5881.649273,2026-10-02T11:23:34,0,3.29400,0.0000,25.000,MEASURE_TEMP,0
5881.649298,2026-10-02T11:23:34,0,3.29145,0.0000,25.000,REST_OBSERVATION,0
5881.650422,2026-10-02T11:23:34,0,3.29203,0.0000,25.000,REST_OBSERVATION,0
5881.651573,2026-10-02T11:23:34,0,3.29172,0.0000,25.000,REST_OBSERVATION,0
5881.653184,2026-10-02T11:23:34,0,3.28936,0.0000,25.000,MEASURE_V,0
5881.653223,2026-10-02T11:23:34,0,3.29398,0.0000,25.000,MEASURE_TEMP,0
5881.653245,2026-10-02T11:23:34,0,3.29220,0.0000,25.000,REST_OBSERVATION,0
5881.654344,2026-10-02T11:23:34,0,3.29034,0.0000,25.000,REST_OBSERVATION,0
5881.655501,2026-10-02T11:23:34,0,3.29128,0.0000,25.000,REST_OBSERVATION,0
5881.987126,2026-10-02T11:23:35,0,3.29129,0.0000,15.000,MEASURE_V,0
5881.987203,2026-10-02T11:23:35,0,3.29264,0.0000,15.000,MEASURE_TEMP,0
5881.987233,2026-10-02T11:23:35,0,3.29188,0.0000,15.000,REST_OBSERVATION,0
5881.988342,2026-10-02T11:23:35,0,3.29141,0.0000,15.000,REST_OBSERVATION,0
5881.989557,2026-10-02T11:23:35,0,3.29006,0.0000,15.000,REST_OBSERVATION,0
5881.993333,2026-10-02T11:23:35,0,3.29193,0.0000,25.000,MEASURE_V,0
5881.993372,2026-10-02T11:23:35,0,3.29226,0.0000,25.000,MEASURE_TEMP,0
5881.993394,2026-10-02T11:23:35,0,3.29150,0.0000,25.000,REST_OBSERVATION,0
5881.994526,2026-10-02T11:23:35,0,3.29028,0.0000,25.000,REST_OBSERVATION,0
5881.995679,2026-10-02T11:23:35,0,3.29073,0.0000,25.000,REST_OBSERVATION,0
5881.999325,2026-10-02T11:23:35,0,3.29091,0.0000,35.000,MEASURE_V,0
5881.999379,2026-10-02T11:23:35,0,3.29153,0.0000,35.000,MEASURE_TEMP,0
5881.999407,2026-10-02T11:23:35,0,3.29146,0.0000,35.000,REST_OBSERVATION,0
5882.000551,2026-10-02T11:23:35,0,3.29081,0.0000,35.000,REST_OBSERVATION,0
5882.001764,2026-10-02T11:23:35,0,3.29127,0.0000,35.000,REST_OBSERVATION,0
5882.005675,2026-10-02T11:23:35,0,3.29147,0.0000,25.000,MEASURE_V,0
5882.005729,2026-10-02T11:23:35,0,3.29054,0.0000,25.000,MEASURE_TEMP,0
5882.005751,2026-10-02T11:23:35,0,3.29189,0.0000,25.000,REST_OBSERVATION,0
5882.007016,2026-10-02T11:23:35,0,3.29349,0.0000,25.000,REST_OBSERVATION,0
5882.008266,2026-10-02T11:23:35,0,3.29195,0.0000,25.000,REST_OBSERVATION,0
5882.011869,2026-10-02T11:23:35,0,3.29101,0.0000,25.000,MEASURE_V,0
5882.011912,2026-10-02T11:23:35,0,3.29194,0.0000,25.000,MEASURE_TEMP,0
5882.011934,2026-10-02T11:23:35,0,3.29162,0.0000,25.000,REST_OBSERVATION,0
5882.013174,2026-10-02T11:23:35,0,3.29166,0.0000,25.000,REST_OBSERVATION,0
5882.014290,2026-10-02T11:23:35,0,3.29333,0.0000,25.000,REST_OBSERVATION,0
5882.017873,2026-10-02T11:23:35,0,3.29013,0.0000,35.000,MEASURE_V,0
5882.017919,2026-10-02T11:23:35,0,3.29201,0.0000,35.000,MEASURE_TEMP,0
5882.017945,2026-10-02T11:23:35,0,3.29183,0.0000,35.000,REST_OBSERVATION,0
5882.019241,2026-10-02T11:23:35,0,3.29021,0.0000,35.000,REST_OBSERVATION,0
5882.020357,2026-10-02T11:23:35,0,3.29134,0.0000,35.000,REST_OBSERVATION,0
5882.023984,2026-10-02T11:23:35,0,3.29296,0.0000,35.000,MEASURE_V,0
5882.024033,2026-10-02T11:23:35,0,3.29072,0.0000,35.000,MEASURE_TEMP,0
5882.024059,2026-10-02T11:23:35,0,3.29229,0.0000,35.000,REST_OBSERVATION,0
5882.025267,2026-10-02T11:23:35,0,3.28972,0.0000,35.000,REST_OBSERVATION,0
5882.026382,2026-10-02T11:23:35,0,3.29103,0.0000,35.000,REST_OBSERVATION,0
5882.030026,2026-10-02T11:23:35,0,3.29072,0.0000,35.000,MEASURE_V,0
5882.030064,2026-10-02T11:23:35,0,3.29222,0.0000,35.000,MEASURE_TEMP,0
5882.030085,2026-10-02T11:23:35,0,3.28919,0.0000,35.000,REST_OBSERVATION,0
5882.031253,2026-10-02T11:23:35,0,3.29196,0.0000,35.000,REST_OBSERVATION,0
5882.032369,2026-10-02T11:23:35,0,3.29192,0.0000,35.000,REST_OBSERVATION,0
5882.035972,2026-10-02T11:23:35,0,3.29211,0.0000,35.000,MEASURE_V,0
5882.036022,2026-10-02T11:23:35,0,3.29244,0.0000,35.000,MEASURE_TEMP,0
5882.036050,2026-10-02T11:23:35,0,3.29260,0.0000,35.000,REST_OBSERVATION,0
5882.037257,2026-10-02T11:23:35,0,3.29082,0.0000,35.000,REST_OBSERVATION,0
5882.038373,2026-10-02T11:23:35,0,3.29070,0.0000,35.000,REST_OBSERVATION,0
5882.041957,2026-10-02T11:23:35,0,3.29034,0.0000,25.000,MEASURE_V,0
5882.042006,2026-10-02T11:23:35,0,3.29303,0.0000,25.000,MEASURE_TEMP,0
5882.042038,2026-10-02T11:23:35,0,3.29177,0.0000,25.000,REST_OBSERVATION,0
5882.043296,2026-10-02T11:23:35,0,3.29270,0.0000,25.000,REST_OBSERVATION,0
5882.044412,2026-10-02T11:23:35,0,3.29062,0.0000,25.000,REST_OBSERVATION,0
5882.048068,2026-10-02T11:23:35,0,3.29120,0.0000,35.000,MEASURE_V,0
5882.048114,2026-10-02T11:23:35,0,3.29234,0.0000,35.000,MEASURE_TEMP,0
5882.048139,2026-10-02T11:23:35,0,3.29270,0.0000,35.000,REST_OBSERVATION,0
5882.049258,2026-10-02T11:23:35,0,3.29328,0.0000,35.000,REST_OBSERVATION,0
5882.050375,2026-10-02T11:23:35,0,3.29285,0.0000,35.000,REST_OBSERVATION,0
5882.054023,2026-10-02T11:23:35,0,3.29097,0.0000,35.000,MEASURE_V,0
5882.054069,2026-10-02T11:23:35,0,3.29058,0.0000,35.000,MEASURE_TEMP,0
5882.054099,2026-10-02T11:23:35,0,3.29183,0.0000,35.000,REST_OBSERVATION,0
5882.055297,2026-10-02T11:23:35,0,3.28926,0.0000,35.000,REST_OBSERVATION,0
5882.056473,2026-10-02T11:23:35,0,3.29101,0.0000,35.000,REST_OBSERVATION,0
5882.060261,2026-10-02T11:23:35,0,3.29181,0.0000,25.000,MEASURE_V,0
5882.060319,2026-10-02T11:23:35,0,3.29097,0.0000,25.000,MEASURE_TEMP,0
5882.060346,2026-10-02T11:23:35,0,3.29077,0.0000,25.000,REST_OBSERVATION,0
5882.061468,2026-10-02T11:23:35,0,3.29209,0.0000,25.000,REST_OBSERVATION,0
5882.062828,2026-10-02T11:23:35,0,3.29208,0.0000,25.000,REST_OBSERVATION,0
5882.066518,2026-10-02T11:23:35,0,3.29245,0.0000,15.000,MEASURE_V,0
5882.066555,2026-10-02T11:23:35,0,3.29085,0.0000,15.000,MEASURE_TEMP,0
5882.066576,2026-10-02T11:23:35,0,3.29290,0.0000,15.000,REST_OBSERVATION,0
5882.067787,2026-10-02T11:23:35,0,3.29113,0.0000,15.000,REST_OBSERVATION,0
5882.069108,2026-10-02T11:23:35,0,3.29075,0.0000,15.000,REST_OBSERVATION,0
5882.072730,2026-10-02T11:23:35,0,3.29070,0.0000,25.000,MEASURE_V,0
5882.072775,2026-10-02T11:23:35,0,3.29129,0.0000,25.000,MEASURE_TEMP,0
5882.072806,2026-10-02T11:23:35,0,3.29058,0.0000,25.000,REST_OBSERVATION,0
5882.074111,2026-10-02T11:23:35,0,3.29055,0.0000,25.000,REST_OBSERVATION,0
5882.075258,2026-10-02T11:23:35,0,3.29149,0.0000,25.000,REST_OBSERVATION,0
5882.078835,2026-10-02T11:23:35,0,3.29150,0.0000,25.000,MEASURE_V,0
5882.078877,2026-10-02T11:23:35,0,3.29302,0.0000,25.000,MEASURE_TEMP,0
5882.078898,2026-10-02T11:23:35,0,3.29323,0.0000,25.000,REST_OBSERVATION,0
5882.080241,2026-10-02T11:23:35,0,3.29108,0.0000,25.000,REST_OBSERVATION,0
5882.081357,2026-10-02T11:23:35,0,3.29276,0.0000,25.000,REST_OBSERVATION,0
5882.085078,2026-10-02T11:23:35,0,3.29232,0.0000,15.000,MEASURE_V,0
5882.085124,2026-10-02T11:23:35,0,3.29294,0.0000,15.000,MEASURE_TEMP,0
5882.085150,2026-10-02T11:23:35,0,3.29175,0.0000,15.000,REST_OBSERVATION,0
5882.086274,2026-10-02T11:23:35,0,3.29182,0.0000,15.000,REST_OBSERVATION,0
5882.087389,2026-10-02T11:23:35,0,3.29089,0.0000,15.000,REST_OBSERVATION,0
5882.091208,2026-10-02T11:23:35,0,3.29269,0.0000,15.000,MEASURE_V,0
5882.091259,2026-10-02T11:23:35,0,3.29152,0.0000,15.000,MEASURE_TEMP,0
5882.091285,2026-10-02T11:23:35,0,3.29245,0.0000,15.000,REST_OBSERVATION,0
5882.092381,2026-10-02T11:23:35,0,3.29068,0.0000,15.000,REST_OBSERVATION,0
5882.093595,2026-10-02T11:23:35,0,3.29096,0.0000,15.000,REST_OBSERVATION,0
5882.097415,2026-10-02T11:23:35,0,3.29121,0.0000,35.000,MEASURE_V,0
5882.097465,2026-10-02T11:23:35,0,3.29137,0.0000,35.000,MEASURE_TEMP,0
5882.097491,2026-10-02T11:23:35,0,3.29094,0.0000,35.000,REST_OBSERVATION,0
5882.098639,2026-10-02T11:23:35,0,3.29109,0.0000,35.000,REST_OBSERVATION,0
5882.099964,2026-10-02T11:23:35,0,3.29187,0.0000,35.000,REST_OBSERVATION,0
5882.103663,2026-10-02T11:23:35,0,3.29194,0.0000,35.000,MEASURE_V,0
5882.103704,2026-10-02T11:23:35,0,3.29206,0.0000,35.000,MEASURE_TEMP,0
5882.103725,2026-10-02T11:23:35,0,3.29224,0.0000,35.000,REST_OBSERVATION,0
5882.105039,2026-10-02T11:23:35,0,3.29050,0.0000,35.000,REST_OBSERVATION,0
5882.106262,2026-10-02T11:23:35,0,3.29173,0.0000,35.000,REST_OBSERVATION,0
5882.109759,2026-10-02T11:23:35,0,3.29074,0.0000,15.000,MEASURE_V,0
5882.109805,2026-10-02T11:23:35,0,3.29039,0.0000,15.000,MEASURE_TEMP,0
5882.109830,2026-10-02T11:23:35,0,3.29153,0.0000,15.000,REST_OBSERVATION,0
5882.111148,2026-10-02T11:23:35,0,3.29191,0.0000,15.000,REST_OBSERVATION,0
5882.112277,2026-10-02T11:23:35,0,3.29028,0.0000,15.000,REST_OBSERVATION,0
5882.115787,2026-10-02T11:23:35,0,3.29103,0.0000,35.000,MEASURE_V,0
5882.115832,2026-10-02T11:23:35,0,3.28969,0.0000,35.000,MEASURE_TEMP,0
5882.115853,2026-10-02T11:23:35,0,3.29257,0.0000,35.000,REST_OBSERVATION,0
5882.117165,2026-10-02T11:23:35,0,3.29024,0.0000,35.000,REST_OBSERVATION,0
5882.118281,2026-10-02T11:23:35,0,3.29269,0.0000,35.000,REST_OBSERVATION,0
5882.121861,2026-10-02T11:23:35,0,3.29007,0.0000,35.000,MEASURE_V,0
5882.121899,2026-10-02T11:23:35,0,3.29028,0.0000,35.000,MEASURE_TEMP,0
5882.121921,2026-10-02T11:23:35,0,3.29163,0.0000,35.000,REST_OBSERVATION,0
5882.123238,2026-10-02T11:23:35,0,3.28991,0.0000,35.000,REST_OBSERVATION,0
5882.124353,2026-10-02T11:23:35,0,3.29208,0.0000,35.000,REST_OBSERVATION,0
5882.127951,2026-10-02T11:23:35,0,3.29197,0.0000,25.000,MEASURE_V,0
5882.128006,2026-10-02T11:23:35,0,3.29085,0.0000,25.000,MEASURE_TEMP,0
5882.128034,2026-10-02T11:23:35,0,3.29197,0.0000,25.000,REST_OBSERVATION,0
5882.129259,2026-10-02T11:23:35,0,3.29209,0.0000,25.000,REST_OBSERVATION,0
5882.130375,2026-10-02T11:23:35,0,3.29036,0.0000,25.000,REST_OBSERVATION,0
5882.134339,2026-10-02T11:23:35,0,3.29126,0.0000,25.000,MEASURE_V,0
5882.134385,2026-10-02T11:23:35,0,3.28928,0.0000,25.000,MEASURE_TEMP,0
5882.134412,2026-10-02T11:23:35,0,3.29194,0.0000,25.000,REST_OBSERVATION,0
5882.135604,2026-10-02T11:23:35,0,3.28907,0.0000,25.000,REST_OBSERVATION,0
5882.136935,2026-10-02T11:23:35,0,3.29274,0.0000,25.000,REST_OBSERVATION,0
5882.140684,2026-10-02T11:23:35,0,3.28970,0.0000,25.000,MEASURE_V,0
5882.140730,2026-10-02T11:23:35,0,3.29118,0.0000,25.000,MEASURE_TEMP,0
5882.140756,2026-10-02T11:23:35,0,3.29149,0.0000,25.000,REST_OBSERVATION,0
5882.142066,2026-10-02T11:23:35,0,3.29131,0.0000,25.000,REST_OBSERVATION,0
5882.143266,2026-10-02T11:23:35,0,3.28939,0.0000,25.000,REST_OBSERVATION,0
5882.146826,2026-10-02T11:23:35,0,3.29314,0.0000,25.000,MEASURE_V,0
5882.146876,2026-10-02T11:23:35,0,3.29253,0.0000,25.000,MEASURE_TEMP,0
5882.146902,2026-10-02T11:23:35,0,3.29053,0.0000,25.000,REST_OBSERVATION,0
5882.148228,2026-10-02T11:23:35,0,3.29299,0.0000,25.000,REST_OBSERVATION,0
5882.149347,2026-10-02T11:23:35,0,3.29055,0.0000,25.000,REST_OBSERVATION,0
5882.152963,2026-10-02T11:23:35,0,3.29223,0.0000,15.000,MEASURE_V,0
5882.153017,2026-10-02T11:23:35,0,3.29059,0.0000,15.000,MEASURE_TEMP,0
5882.153045,2026-10-02T11:23:35,0,3.29125,0.0000,15.000,REST_OBSERVATION,0
5882.154258,2026-10-02T11:23:35,0,3.29063,0.0000,15.000,REST_OBSERVATION,0
5882.155373,2026-10-02T11:23:35,0,3.29013,0.0000,15.000,REST_OBSERVATION,0
5882.158955,2026-10-02T11:23:35,0,3.29202,0.0000,35.000,MEASURE_V,0
5882.159000,2026-10-02T11:23:35,0,3.29277,0.0000,35.000,MEASURE_TEMP,0
5882.159032,2026-10-02T11:23:35,0,3.29092,0.0000,35.000,REST_OBSERVATION,0
5882.160238,2026-10-02T11:23:35,0,3.29068,0.0000,35.000,REST_OBSERVATION,0
5882.161354,2026-10-02T11:23:35,0,3.29059,0.0000,35.000,REST_OBSERVATION,0
5882.164898,2026-10-02T11:23:35,0,3.29164,0.0000,15.000,MEASURE_V,0
5882.164934,2026-10-02T11:23:35,0,3.29195,0.0000,15.000,MEASURE_TEMP,0
5882.164956,2026-10-02T11:23:35,0,3.29106,0.0000,15.000,REST_OBSERVATION,0
5882.166185,2026-10-02T11:23:35,0,3.29276,0.0000,15.000,REST_OBSERVATION,0
5882.167301,2026-10-02T11:23:35,0,3.29167,0.0000,15.000,REST_OBSERVATION,0
5882.170774,2026-10-02T11:23:35,0,3.29148,0.0000,25.000,MEASURE_V,0
5882.170811,2026-10-02T11:23:35,0,3.29022,0.0000,25.000,MEASURE_TEMP,0
5882.170832,2026-10-02T11:23:35,0,3.29105,0.0000,25.000,REST_OBSERVATION,0
5882.172201,2026-10-02T11:23:35,0,3.29261,0.0000,25.000,REST_OBSERVATION,0
5882.173317,2026-10-02T11:23:35,0,3.29231,0.0000,25.000,REST_OBSERVATION,0
5882.176847,2026-10-02T11:23:35,0,3.29158,0.0000,25.000,MEASURE_V,0
5882.176898,2026-10-02T11:23:35,0,3.29241,0.0000,25.000,MEASURE_TEMP,0
5882.176925,2026-10-02T11:23:35,0,3.29297,0.0000,25.000,REST_OBSERVATION,0
5882.178086,2026-10-02T11:23:35,0,3.29140,0.0000,25.000,REST_OBSERVATION,0
5882.179258,2026-10-02T11:23:35,0,3.29132,0.0000,25.000,REST_OBSERVATION,0
5882.182770,2026-10-02T11:23:35,0,3.29146,0.0000,15.000,MEASURE_V,0
5882.182816,2026-10-02T11:23:35,0,3.29098,0.0000,15.000,MEASURE_TEMP,0
5882.182843,2026-10-02T11:23:35,0,3.29083,0.0000,15.000,REST_OBSERVATION,0
5882.184116,2026-10-02T11:23:35,0,3.29194,0.0000,15.000,REST_OBSERVATION,0
5882.185274,2026-10-02T11:23:35,0,3.29201,0.0000,15.000,REST_OBSERVATION,0
5882.188800,2026-10-02T11:23:35,0,3.29143,0.0000,25.000,MEASURE_V,0
5882.188837,2026-10-02T11:23:35,0,3.29137,0.0000,25.000,MEASURE_TEMP,0
5882.188858,2026-10-02T11:23:35,0,3.29233,0.0000,25.000,REST_OBSERVATION,0
5882.190208,2026-10-02T11:23:35,0,3.29156,0.0000,25.000,REST_OBSERVATION,0
5882.191324,2026-10-02T11:23:35,0,3.29147,0.0000,25.000,REST_OBSERVATION,0
5882.194837,2026-10-02T11:23:35,0,3.29283,0.0000,25.000,MEASURE_V,0
5882.194883,2026-10-02T11:23:35,0,3.29230,0.0000,25.000,MEASURE_TEMP,0
5882.194913,2026-10-02T11:23:35,0,3.29053,0.0000,25.000,REST_OBSERVATION,0
5882.196233,2026-10-02T11:23:35,0,3.29059,0.0000,25.000,REST_OBSERVATION,0
5882.197349,2026-10-02T11:23:35,0,3.28977,0.0000,25.000,REST_OBSERVATION,0
5882.200867,2026-10-02T11:23:35,0,3.29126,0.0000,35.000,MEASURE_V,0
5882.200905,2026-10-02T11:23:35,0,3.29249,0.0000,35.000,MEASURE_TEMP,0
5882.200926,2026-10-02T11:23:35,0,3.29295,0.0000,35.000,REST_OBSERVATION,0
5882.202233,2026-10-02T11:23:35,0,3.29042,0.0000,35.000,REST_OBSERVATION,0
5882.203348,2026-10-02T11:23:35,0,3.29151,0.0000,35.000,REST_OBSERVATION,0
5882.206867,2026-10-02T11:23:35,0,3.29290,0.0000,15.000,MEASURE_V,0
5882.206912,2026-10-02T11:23:35,0,3.29109,0.0000,15.000,MEASURE_TEMP,0
5882.206939,2026-10-02T11:23:35,0,3.28940,0.0000,15.000,REST_OBSERVATION,0
5882.208272,2026-10-02T11:23:35,0,3.28917,0.0000,15.000,REST_OBSERVATION,0
5882.209388,2026-10-02T11:23:35,0,3.29054,0.0000,15.000,REST_OBSERVATION,0
5882.212905,2026-10-02T11:23:35,0,3.29092,0.0000,25.000,MEASURE_V,0
5882.212942,2026-10-02T11:23:35,0,3.29142,0.0000,25.000,MEASURE_TEMP,0
5882.212963,2026-10-02T11:23:35,0,3.29111,0.0000,25.000,REST_OBSERVATION,0
5882.214256,2026-10-02T11:23:35,0,3.29113,0.0000,25.000,REST_OBSERVATION,0
5882.215372,2026-10-02T11:23:35,0,3.29405,0.0000,25.000,REST_OBSERVATION,0
5882.218979,2026-10-02T11:23:35,0,3.29060,0.0000,15.000,MEASURE_V,0
5882.219028,2026-10-02T11:23:35,0,3.28923,0.0000,15.000,MEASURE_TEMP,0
5882.219060,2026-10-02T11:23:35,0,3.29102,0.0000,15.000,REST_OBSERVATION,0
5882.220299,2026-10-02T11:23:35,0,3.29161,0.0000,15.000,REST_OBSERVATION,0
5882.221415,2026-10-02T11:23:35,0,3.29219,0.0000,15.000,REST_OBSERVATION,0
5882.225234,2026-10-02T11:23:35,0,3.29254,0.0000,35.000,MEASURE_V,0
5882.225285,2026-10-02T11:23:35,0,3.29345,0.0000,35.000,MEASURE_TEMP,0
5882.225311,2026-10-02T11:23:35,0,3.29145,0.0000,35.000,REST_OBSERVATION,0
5882.226407,2026-10-02T11:23:35,0,3.29269,0.0000,35.000,REST_OBSERVATION,0
5882.227636,2026-10-02T11:23:35,0,3.29039,0.0000,35.000,REST_OBSERVATION,0
5882.231287,2026-10-02T11:23:35,0,3.29129,0.0000,25.000,MEASURE_V,0
5882.231337,2026-10-02T11:23:35,0,3.29223,0.0000,25.000,MEASURE_TEMP,0
5882.231364,2026-10-02T11:23:35,0,3.29283,0.0000,25.000,REST_OBSERVATION,0
5882.232474,2026-10-02T11:23:35,0,3.29108,0.0000,25.000,REST_OBSERVATION,0
5882.233720,2026-10-02T11:23:35,0,3.28988,0.0000,25.000,REST_OBSERVATION,0
5882.237435,2026-10-02T11:23:35,0,3.29106,0.0000,35.000,MEASURE_V,0
5882.237480,2026-10-02T11:23:35,0,3.29276,0.0000,35.000,MEASURE_TEMP,0
5882.237506,2026-10-02T11:23:35,0,3.29232,0.0000,35.000,REST_OBSERVATION,0
5882.238720,2026-10-02T11:23:35,0,3.29137,0.0000,35.000,REST_OBSERVATION,0
5882.240049,2026-10-02T11:23:35,0,3.29153,0.0000,35.000,REST_OBSERVATION,0
5882.243613,2026-10-02T11:23:35,0,3.29207,0.0000,35.000,MEASURE_V,0
5882.243663,2026-10-02T11:23:35,0,3.29065,0.0000,35.000,MEASURE_TEMP,0
5882.243689,2026-10-02T11:23:35,0,3.29148,0.0000,35.000,REST_OBSERVATION,0
5882.244996,2026-10-02T11:23:35,0,3.29057,0.0000,35.000,REST_OBSERVATION,0
5882.246241,2026-10-02T11:23:35,0,3.28943,0.0000,35.000,REST_OBSERVATION,0
5882.249715,2026-10-02T11:23:35,0,3.29179,0.0000,25.000,MEASURE_V,0
5882.249752,2026-10-02T11:23:35,0,3.29129,0.0000,25.000,MEASURE_TEMP,0
5882.249773,2026-10-02T11:23:35,0,3.29288,0.0000,25.000,REST_OBSERVATION,0
5882.251060,2026-10-02T11:23:35,0,3.29265,0.0000,25.000,REST_OBSERVATION,0
5882.252243,2026-10-02T11:23:35,0,3.29237,0.0000,25.000,REST_OBSERVATION,0
5882.255739,2026-10-02T11:23:35,0,3.29124,0.0000,35.000,MEASURE_V,0
5882.255785,2026-10-02T11:23:35,0,3.29127,0.0000,35.000,MEASURE_TEMP,0
5882.255811,2026-10-02T11:23:35,0,3.29219,0.0000,35.000,REST_OBSERVATION,0
5882.257126,2026-10-02T11:23:35,0,3.29145,0.0000,35.000,REST_OBSERVATION,0
5882.258257,2026-10-02T11:23:35,0,3.29061,0.0000,35.000,REST_OBSERVATION,0
5882.261735,2026-10-02T11:23:35,0,3.29131,0.0000,35.000,MEASURE_V,0
5882.261781,2026-10-02T11:23:35,0,3.29088,0.0000,35.000,MEASURE_TEMP,0
5882.261810,2026-10-02T11:23:35,0,3.29109,0.0000,35.000,REST_OBSERVATION,0
5882.263097,2026-10-02T11:23:35,0,3.29004,0.0000,35.000,REST_OBSERVATION,0
5882.264287,2026-10-02T11:23:35,0,3.29207,0.0000,35.000,REST_OBSERVATION,0
5882.267745,2026-10-02T11:23:35,0,3.29400,0.0000,35.000,MEASURE_V,0
5882.267791,2026-10-02T11:23:35,0,3.29058,0.0000,35.000,MEASURE_TEMP,0
5882.267819,2026-10-02T11:23:35,0,3.29061,0.0000,35.000,REST_OBSERVATION,0
5882.269160,2026-10-02T11:23:35,0,3.29049,0.0000,35.000,REST_OBSERVATION,0
5882.270276,2026-10-02T11:23:35,0,3.29061,0.0000,35.000,REST_OBSERVATION,0
5882.273740,2026-10-02T11:23:35,0,3.29190,0.0000,25.000,MEASURE_V,0
5882.273789,2026-10-02T11:23:35,0,3.29165,0.0000,25.000,MEASURE_TEMP,0
5882.273815,2026-10-02T11:23:35,0,3.29247,0.0000,25.000,REST_OBSERVATION,0
5882.275124,2026-10-02T11:23:35,0,3.29083,0.0000,25.000,REST_OBSERVATION,0
5882.276269,2026-10-02T11:23:35,0,3.29200,0.0000,25.000,REST_OBSERVATION,0
5882.279793,2026-10-02T11:23:35,0,3.29081,0.0000,25.000,MEASURE_V,0
5882.279839,2026-10-02T11:23:35,0,3.29370,0.0000,25.000,MEASURE_TEMP,0
5882.279863,2026-10-02T11:23:35,0,3.29145,0.0000,25.000,REST_OBSERVATION,0
5882.281165,2026-10-02T11:23:35,0,3.29094,0.0000,25.000,REST_OBSERVATION,0
5882.282280,2026-10-02T11:23:35,0,3.29177,0.0000,25.000,REST_OBSERVATION,0
5882.285824,2026-10-02T11:23:35,0,3.29039,0.0000,25.000,MEASURE_V,0
5882.285871,2026-10-02T11:23:35,0,3.29145,0.0000,25.000,MEASURE_TEMP,0
5882.285897,2026-10-02T11:23:35,0,3.29101,0.0000,25.000,REST_OBSERVATION,0
5882.287243,2026-10-02T11:23:35,0,3.29005,0.0000,25.000,REST_OBSERVATION,0
5882.288359,2026-10-02T11:23:35,0,3.29088,0.0000,25.000,REST_OBSERVATION,0
5882.291896,2026-10-02T11:23:35,0,3.75134,0.0000,15.000,MEASURE_V,0
5882.291942,2026-10-02T11:23:35,0,3.75243,0.0000,15.000,MEASURE_TEMP,0
5882.291970,2026-10-02T11:23:35,0,3.75187,0.0000,15.000,REST_OBSERVATION,0
5882.293143,2026-10-02T11:23:35,0,3.75166,0.0000,15.000,REST_OBSERVATION,0
5882.294260,2026-10-02T11:23:35,0,3.75306,0.0000,15.000,REST_OBSERVATION,0
5882.295501,2026-10-02T11:23:35,0,3.75200,0.0000,35.000,MEASURE_V,0
5882.295537,2026-10-02T11:23:35,0,3.75339,0.0000,35.000,MEASURE_TEMP,0
5882.295558,2026-10-02T11:23:35,0,3.75230,0.0000,35.000,REST_OBSERVATION,0
5882.296758,2026-10-02T11:23:35,0,3.75076,0.0000,35.000,REST_OBSERVATION,0
5882.297990,2026-10-02T11:23:35,0,3.75206,0.0000,35.000,REST_OBSERVATION,0
5882.299239,2026-10-02T11:23:35,0,3.75389,0.0000,35.000,MEASURE_V,0
5882.299287,2026-10-02T11:23:35,0,3.75281,0.0000,35.000,MEASURE_TEMP,0
5882.299317,2026-10-02T11:23:35,0,3.75225,0.0000,35.000,REST_OBSERVATION,0
5882.300529,2026-10-02T11:23:35,0,3.75108,0.0000,35.000,REST_OBSERVATION,0
5882.301816,2026-10-02T11:23:35,0,3.75289,0.0000,35.000,REST_OBSERVATION,0
5882.303206,2026-10-02T11:23:35,0,3.75163,0.0000,35.000,MEASURE_V,0
5882.303264,2026-10-02T11:23:35,0,3.75273,0.0000,35.000,MEASURE_TEMP,0
5882.303296,2026-10-02T11:23:35,0,3.75379,0.0000,35.000,REST_OBSERVATION,0
5882.304463,2026-10-02T11:23:35,0,3.75175,0.0000,35.000,REST_OBSERVATION,0
5882.305726,2026-10-02T11:23:35,0,3.75412,0.0000,35.000,REST_OBSERVATION,0
5882.307177,2026-10-02T11:23:35,0,3.75232,0.0000,25.000,MEASURE_V,0
5882.307243,2026-10-02T11:23:35,0,3.75112,0.0000,25.000,MEASURE_TEMP,0
5882.307279,2026-10-02T11:23:35,0,3.75431,0.0000,25.000,REST_OBSERVATION,0
5882.308444,2026-10-02T11:23:35,0,3.75146,0.0000,25.000,REST_OBSERVATION,0
5882.309671,2026-10-02T11:23:35,0,3.75300,0.0000,25.000,REST_OBSERVATION,0
5882.311151,2026-10-02T11:23:35,0,3.75224,0.0000,15.000,MEASURE_V,0
5882.311240,2026-10-02T11:23:35,0,3.75168,0.0000,15.000,MEASURE_TEMP,0
5882.311288,2026-10-02T11:23:35,0,3.75031,0.0000,15.000,REST_OBSERVATION,0
5882.312479,2026-10-02T11:23:35,0,3.75174,0.0000,15.000,REST_OBSERVATION,0
5882.313803,2026-10-02T11:23:35,0,3.75188,0.0000,15.000,REST_OBSERVATION,0
5882.315456,2026-10-02T11:23:35,0,3.75246,0.0000,35.000,MEASURE_V,0
5882.315584,2026-10-02T11:23:35,0,3.75219,0.0000,35.000,MEASURE_TEMP,0
5882.315652,2026-10-02T11:23:35,0,3.75228,0.0000,35.000,REST_OBSERVATION,0
5882.317074,2026-10-02T11:23:35,0,3.75234,0.0000,35.000,REST_OBSERVATION,0
5882.318385,2026-10-02T11:23:35,0,3.75292,0.0000,35.000,REST_OBSERVATION,0
5882.320118,2026-10-02T11:23:35,0,3.75172,0.0000,15.000,MEASURE_V,0
5882.320289,2026-10-02T11:23:35,0,3.75075,0.0000,15.000,MEASURE_TEMP,0
5882.320382,2026-10-02T11:23:35,0,3.75129,0.0000,15.000,REST_OBSERVATION,0
5882.321629,2026-10-02T11:23:35,0,3.75357,0.0000,15.000,REST_OBSERVATION,0
5882.323081,2026-10-02T11:23:35,0,3.75230,0.0000,15.000,REST_OBSERVATION,0
5882.324696,2026-10-02T11:23:35,0,3.75200,0.0000,35.000,MEASURE_V,0
5882.324876,2026-10-02T11:23:35,0,3.75333,0.0000,35.000,MEASURE_TEMP,0
5882.324961,2026-10-02T11:23:35,0,3.75207,0.0000,35.000,REST_OBSERVATION,0
5882.326255,2026-10-02T11:23:35,0,3.75215,0.0000,35.000,REST_OBSERVATION,0
5882.327590,2026-10-02T11:23:35,0,3.75337,0.0000,35.000,REST_OBSERVATION,0
5882.329307,2026-10-02T11:23:35,0,3.75054,0.0000,35.000,MEASURE_V,0
5882.329439,2026-10-02T11:23:35,0,3.75234,0.0000,35.000,MEASURE_TEMP,0
5882.329512,2026-10-02T11:23:35,0,3.75318,0.0000,35.000,REST_OBSERVATION,0
5882.330735,2026-10-02T11:23:35,0,3.75170,0.0000,35.000,REST_OBSERVATION,0
5882.332100,2026-10-02T11:23:35,0,3.75252,0.0000,35.000,REST_OBSERVATION,0
5882.333672,2026-10-02T11:23:35,0,3.75241,0.0000,25.000,MEASURE_V,0
5882.333817,2026-10-02T11:23:35,0,3.75204,0.0000,25.000,MEASURE_TEMP,0
5882.333890,2026-10-02T11:23:35,0,3.75161,0.0000,25.000,REST_OBSERVATION,0
5882.335219,2026-10-02T11:23:35,0,3.75534,0.0000,25.000,REST_OBSERVATION,0
5882.336504,2026-10-02T11:23:35,0,3.75244,0.0000,25.000,REST_OBSERVATION,0
5882.338066,2026-10-02T11:23:35,0,3.75242,0.0000,35.000,MEASURE_V,0
5882.338206,2026-10-02T11:23:35,0,3.75297,0.0000,35.000,MEASURE_TEMP,0
5882.338279,2026-10-02T11:23:35,0,3.75223,0.0000,35.000,REST_OBSERVATION,0
5882.339520,2026-10-02T11:23:35,0,3.75159,0.0000,35.000,REST_OBSERVATION,0
5882.340977,2026-10-02T11:23:35,0,3.75086,0.0000,35.000,REST_OBSERVATION,0
5882.342675,2026-10-02T11:23:35,0,3.75237,0.0000,15.000,MEASURE_V,0
5882.342859,2026-10-02T11:23:35,0,3.75331,0.0000,15.000,MEASURE_TEMP,0
5882.342954,2026-10-02T11:23:35,0,3.75253,0.0000,15.000,REST_OBSERVATION,0
5882.344285,2026-10-02T11:23:35,0,3.75279,0.0000,15.000,REST_OBSERVATION,0
5882.345649,2026-10-02T11:23:35,0,3.75196,0.0000,15.000,REST_OBSERVATION,0
5882.347463,2026-10-02T11:23:35,0,3.74996,0.0000,35.000,MEASURE_V,0
5882.347615,2026-10-02T11:23:35,0,3.75057,0.0000,35.000,MEASURE_TEMP,0
5882.347695,2026-10-02T11:23:35,0,3.75115,0.0000,35.000,REST_OBSERVATION,0
5882.349055,2026-10-02T11:23:35,0,3.75134,0.0000,35.000,REST_OBSERVATION,0
5882.350350,2026-10-02T11:23:35,0,3.75064,0.0000,35.000,REST_OBSERVATION,0
5882.351982,2026-10-02T11:23:35,0,3.75040,0.0000,25.000,MEASURE_V,0
5882.352129,2026-10-02T11:23:35,0,3.75024,0.0000,25.000,MEASURE_TEMP,0
5882.352199,2026-10-02T11:23:35,0,3.75262,0.0000,25.000,REST_OBSERVATION,0
5882.353403,2026-10-02T11:23:35,0,3.75286,0.0000,25.000,REST_OBSERVATION,0
5882.354708,2026-10-02T11:23:35,0,3.75244,0.0000,25.000,REST_OBSERVATION,0
5882.356371,2026-10-02T11:23:35,0,3.75059,0.0000,15.000,MEASURE_V,0
5882.356525,2026-10-02T11:23:35,0,3.75093,0.0000,15.000,MEASURE_TEMP,0
5882.356605,2026-10-02T11:23:35,0,3.75039,0.0000,15.000,REST_OBSERVATION,0
5882.357925,2026-10-02T11:23:35,0,3.75239,0.0000,15.000,REST_OBSERVATION,0
5882.359294,2026-10-02T11:23:35,0,3.75269,0.0000,15.000,REST_OBSERVATION,0
5882.360882,2026-10-02T11:23:35,0,3.75433,0.0000,35.000,MEASURE_V,0
5882.361043,2026-10-02T11:23:35,0,3.75087,0.0000,35.000,MEASURE_TEMP,0
5882.361126,2026-10-02T11:23:35,0,3.75189,0.0000,35.000,REST_OBSERVATION,0
5882.362363,2026-10-02T11:23:35,0,3.75222,0.0000,35.000,REST_OBSERVATION,0
5882.363769,2026-10-02T11:23:35,0,3.75224,0.0000,35.000,REST_OBSERVATION,0
5882.365468,2026-10-02T11:23:35,0,3.75187,0.0000,15.000,MEASURE_V,0
5882.365615,2026-10-02T11:23:35,0,3.75215,0.0000,15.000,MEASURE_TEMP,0
5882.365689,2026-10-02T11:23:35,0,3.75156,0.0000,15.000,REST_OBSERVATION,0
5882.367047,2026-10-02T11:23:35,0,3.75184,0.0000,15.000,REST_OBSERVATION,0
5882.368333,2026-10-02T11:23:35,0,3.75284,0.0000,15.000,REST_OBSERVATION,0
5882.369887,2026-10-02T11:23:35,0,3.75207,0.0000,25.000,MEASURE_V,0
5882.370033,2026-10-02T11:23:35,0,3.75302,0.0000,25.000,MEASURE_TEMP,0
5882.370106,2026-10-02T11:23:35,0,3.75123,0.0000,25.000,REST_OBSERVATION,0
5882.371300,2026-10-02T11:23:35,0,3.75200,0.0000,25.000,REST_OBSERVATION,0
5882.372577,2026-10-02T11:23:35,0,3.75262,0.0000,25.000,REST_OBSERVATION,0
5882.374358,2026-10-02T11:23:35,0,3.75143,0.0000,25.000,MEASURE_V,0
5882.374506,2026-10-02T11:23:35,0,3.75209,0.0000,25.000,MEASURE_TEMP,0
5882.374586,2026-10-02T11:23:35,0,3.75282,0.0000,25.000,REST_OBSERVATION,0
5882.375885,2026-10-02T11:23:35,0,3.75238,0.0000,25.000,REST_OBSERVATION,0
5882.377247,2026-10-02T11:23:35,0,3.75208,0.0000,25.000,REST_OBSERVATION,0
5882.378805,2026-10-02T11:23:35,0,3.75286,0.0000,25.000,MEASURE_V,0
5882.378944,2026-10-02T11:23:35,0,3.75265,0.0000,25.000,MEASURE_TEMP,0
5882.379038,2026-10-02T11:23:35,0,3.75084,0.0000,25.000,REST_OBSERVATION,0
5882.380276,2026-10-02T11:23:35,0,3.75206,0.0000,25.000,REST_OBSERVATION,0
5882.381614,2026-10-02T11:23:35,0,3.75224,0.0000,25.000,REST_OBSERVATION,0
5882.383378,2026-10-02T11:23:35,0,3.75052,0.0000,15.000,MEASURE_V,0
5882.383542,2026-10-02T11:23:35,0,3.75195,0.0000,15.000,MEASURE_TEMP,0
5882.383636,2026-10-02T11:23:35,0,3.75217,0.0000,15.000,REST_OBSERVATION,0
5882.384991,2026-10-02T11:23:35,0,3.75135,0.0000,15.000,REST_OBSERVATION,0
5882.386345,2026-10-02T11:23:35,0,3.75148,0.0000,15.000,REST_OBSERVATION,0
5882.387918,2026-10-02T11:23:35,0,3.75295,0.0000,25.000,MEASURE_V,0
5882.388061,2026-10-02T11:23:35,0,3.75153,0.0000,25.000,MEASURE_TEMP,0
5882.388134,2026-10-02T11:23:35,0,3.75165,0.0000,25.000,REST_OBSERVATION,0
5882.389339,2026-10-02T11:23:35,0,3.75227,0.0000,25.000,REST_OBSERVATION,0
5882.390642,2026-10-02T11:23:35,0,3.75026,0.0000,25.000,REST_OBSERVATION,0
5882.392338,2026-10-02T11:23:35,0,3.75191,0.0000,15.000,MEASURE_V,0
5882.392492,2026-10-02T11:23:35,0,3.75132,0.0000,15.000,MEASURE_TEMP,0
5882.392572,2026-10-02T11:23:35,0,3.75217,0.0000,15.000,REST_OBSERVATION,0
5882.393917,2026-10-02T11:23:35,0,3.75158,0.0000,15.000,REST_OBSERVATION,0
5882.395268,2026-10-02T11:23:35,0,3.75146,0.0000,15.000,REST_OBSERVATION,0
5882.396973,2026-10-02T11:23:35,0,3.75154,0.0000,15.000,MEASURE_V,0
5882.397163,2026-10-02T11:23:35,0,3.75253,0.0000,15.000,MEASURE_TEMP,0
5882.397257,2026-10-02T11:23:35,0,3.75399,0.0000,15.000,REST_OBSERVATION,0
5882.398509,2026-10-02T11:23:35,0,3.75256,0.0000,15.000,REST_OBSERVATION,0
5882.400047,2026-10-02T11:23:35,0,3.75248,0.0000,15.000,REST_OBSERVATION,0
5882.401744,2026-10-02T11:23:35,0,3.74975,0.0000,35.000,MEASURE_V,0
5882.401914,2026-10-02T11:23:35,0,3.75170,0.0000,35.000,MEASURE_TEMP,0
5882.402026,2026-10-02T11:23:35,0,3.75081,0.0000,35.000,REST_OBSERVATION,0
5882.403319,2026-10-02T11:23:35,0,3.75200,0.0000,35.000,REST_OBSERVATION,0
5882.404687,2026-10-02T11:23:35,0,3.75104,0.0000,35.000,REST_OBSERVATION,0
5882.406519,2026-10-02T11:23:35,0,3.75228,0.0000,35.000,MEASURE_V,0
5882.406704,2026-10-02T11:23:35,0,3.75209,0.0000,35.000,MEASURE_TEMP,0
5882.406794,2026-10-02T11:23:35,0,3.75197,0.0000,35.000,REST_OBSERVATION,0
5882.408154,2026-10-02T11:23:35,0,3.75232,0.0000,35.000,REST_OBSERVATION,0
5882.409627,2026-10-02T11:23:35,0,3.75327,0.0000,35.000,REST_OBSERVATION,0
5882.411579,2026-10-02T11:23:35,0,3.75376,0.0000,25.000,MEASURE_V,0
5882.411726,2026-10-02T11:23:35,0,3.75175,0.0000,25.000,MEASURE_TEMP,0
5882.411797,2026-10-02T11:23:35,0,3.75415,0.0000,25.000,REST_OBSERVATION,0
5882.413185,2026-10-02T11:23:35,0,3.75233,0.0000,25.000,REST_OBSERVATION,0
5882.414459,2026-10-02T11:23:35,0,3.75265,0.0000,25.000,REST_OBSERVATION,0
5882.416122,2026-10-02T11:23:35,0,3.75277,0.0000,25.000,MEASURE_V,0
5882.416251,2026-10-02T11:23:35,0,3.75147,0.0000,25.000,MEASURE_TEMP,0
5882.416319,2026-10-02T11:23:35,0,3.75322,0.0000,25.000,REST_OBSERVATION,0
5882.417540,2026-10-02T11:23:35,0,3.75230,0.0000,25.000,REST_OBSERVATION,0
5882.418940,2026-10-02T11:23:35,0,3.75194,0.0000,25.000,REST_OBSERVATION,0
5882.420640,2026-10-02T11:23:35,0,3.75165,0.0000,15.000,MEASURE_V,0
5882.420800,2026-10-02T11:23:35,0,3.75308,0.0000,15.000,MEASURE_TEMP,0
5882.420889,2026-10-02T11:23:35,0,3.75112,0.0000,15.000,REST_OBSERVATION,0
5882.422264,2026-10-02T11:23:35,0,3.75276,0.0000,15.000,REST_OBSERVATION,0
5882.423613,2026-10-02T11:23:35,0,3.75063,0.0000,15.000,REST_OBSERVATION,0
5882.425424,2026-10-02T11:23:35,0,3.75213,0.0000,35.000,MEASURE_V,0
5882.425604,2026-10-02T11:23:35,0,3.75209,0.0000,35.000,MEASURE_TEMP,0
5882.425699,2026-10-02T11:23:35,0,3.75232,0.0000,35.000,REST_OBSERVATION,0
5882.427080,2026-10-02T11:23:35,0,3.75114,0.0000,35.000,REST_OBSERVATION,0
5882.428430,2026-10-02T11:23:35,0,3.75306,0.0000,35.000,REST_OBSERVATION,0
5882.430438,2026-10-02T11:23:35,0,3.75155,0.0000,35.000,MEASURE_V,0
5882.430656,2026-10-02T11:23:35,0,3.75464,0.0000,35.000,MEASURE_TEMP,0
5882.430753,2026-10-02T11:23:35,0,3.75057,0.0000,35.000,REST_OBSERVATION,0
5882.432140,2026-10-02T11:23:35,0,3.75152,0.0000,35.000,REST_OBSERVATION,0
5882.433491,2026-10-02T11:23:35,0,3.75227,0.0000,35.000,REST_OBSERVATION,0
5882.435219,2026-10-02T11:23:35,0,3.75405,0.0000,25.000,MEASURE_V,0
5882.435375,2026-10-02T11:23:35,0,3.75244,0.0000,25.000,MEASURE_TEMP,0
5882.435465,2026-10-02T11:23:35,0,3.75144,0.0000,25.000,REST_OBSERVATION,0
5882.436725,2026-10-02T11:23:35,0,3.75246,0.0000,25.000,REST_OBSERVATION,0
5882.438196,2026-10-02T11:23:35,0,3.75141,0.0000,25.000,REST_OBSERVATION,0
5882.439899,2026-10-02T11:23:35,0,3.75212,0.0000,35.000,MEASURE_V,0
5882.440115,2026-10-02T11:23:35,0,3.75166,0.0000,35.000,MEASURE_TEMP,0
5882.440211,2026-10-02T11:23:35,0,3.75225,0.0000,35.000,REST_OBSERVATION,0
5882.441466,2026-10-02T11:23:35,0,3.75263,0.0000,35.000,REST_OBSERVATION,0
5882.442732,2026-10-02T11:23:35,0,3.75101,0.0000,35.000,REST_OBSERVATION,0
5882.444476,2026-10-02T11:23:35,0,3.75217,0.0000,25.000,MEASURE_V,0
5882.444648,2026-10-02T11:23:35,0,3.75274,0.0000,25.000,MEASURE_TEMP,0
5882.444741,2026-10-02T11:23:35,0,3.75146,0.0000,25.000,REST_OBSERVATION,0
5882.446124,2026-10-02T11:23:35,0,3.74978,0.0000,25.000,REST_OBSERVATION,0
5882.447476,2026-10-02T11:23:35,0,3.75223,0.0000,25.000,REST_OBSERVATION,0
5882.449312,2026-10-02T11:23:35,0,3.75011,0.0000,15.000,MEASURE_V,0
5882.449482,2026-10-02T11:23:35,0,3.75109,0.0000,15.000,MEASURE_TEMP,0
5882.449576,2026-10-02T11:23:35,0,3.75105,0.0000,15.000,REST_OBSERVATION,0
5882.450967,2026-10-02T11:23:35,0,3.74968,0.0000,15.000,REST_OBSERVATION,0
5882.452308,2026-10-02T11:23:35,0,3.74994,0.0000,15.000,REST_OBSERVATION,0
5882.461212,2026-10-02T11:23:35,0,3.75183,0.0000,25.000,MEASURE_V,0
5882.461316,2026-10-02T11:23:35,0,3.75158,0.0000,25.000,MEASURE_TEMP,0
5882.461371,2026-10-02T11:23:35,0,3.75227,0.0000,25.000,REST_OBSERVATION,0
5882.462570,2026-10-02T11:23:35,0,3.75328,0.0000,25.000,REST_OBSERVATION,0
5882.463920,2026-10-02T11:23:35,0,3.75074,0.0000,25.000,REST_OBSERVATION,0
5882.465385,2026-10-02T11:23:35,0,3.75185,0.0000,15.000,MEASURE_V,0
5882.465496,2026-10-02T11:23:35,0,3.75117,0.0000,15.000,MEASURE_TEMP,0
5882.465555,2026-10-02T11:23:35,0,3.75262,0.0000,15.000,REST_OBSERVATION,0
5882.466873,2026-10-02T11:23:35,0,3.75379,0.0000,15.000,REST_OBSERVATION,0
5882.468128,2026-10-02T11:23:35,0,3.75175,0.0000,15.000,REST_OBSERVATION,0
5882.469721,2026-10-02T11:23:35,0,3.75237,0.0000,25.000,MEASURE_V,0
5882.469875,2026-10-02T11:23:35,0,3.75295,0.0000,25.000,MEASURE_TEMP,0
5882.469954,2026-10-02T11:23:35,0,3.75509,0.0000,25.000,REST_OBSERVATION,0
5882.471233,2026-10-02T11:23:35,0,3.75241,0.0000,25.000,REST_OBSERVATION,0
5882.472560,2026-10-02T11:23:35,0,3.75228,0.0000,25.000,REST_OBSERVATION,0
5882.474260,2026-10-02T11:23:35,0,3.75106,0.0000,35.000,MEASURE_V,0
5882.474399,2026-10-02T11:23:35,0,3.75431,0.0000,35.000,MEASURE_TEMP,0
5882.474472,2026-10-02T11:23:35,0,3.75232,0.0000,35.000,REST_OBSERVATION,0
5882.475693,2026-10-02T11:23:35,0,3.75217,0.0000,35.000,REST_OBSERVATION,0
5882.477048,2026-10-02T11:23:35,0,3.75404,0.0000,35.000,REST_OBSERVATION,0
5882.478589,2026-10-02T11:23:35,0,3.75283,0.0000,15.000,MEASURE_V,0
5882.478719,2026-10-02T11:23:35,0,3.75210,0.0000,15.000,MEASURE_TEMP,0
5882.478789,2026-10-02T11:23:35,0,3.75172,0.0000,15.000,REST_OBSERVATION,0
5882.480186,2026-10-02T11:23:35,0,3.75291,0.0000,15.000,REST_OBSERVATION,0
5882.481499,2026-10-02T11:23:35,0,3.75349,0.0000,15.000,REST_OBSERVATION,0
5882.483257,2026-10-02T11:23:35,0,3.75202,0.0000,15.000,MEASURE_V,0
5882.483412,2026-10-02T11:23:35,0,3.75139,0.0000,15.000,MEASURE_TEMP,0
5882.483498,2026-10-02T11:23:35,0,3.75230,0.0000,15.000,REST_OBSERVATION,0
5882.484817,2026-10-02T11:23:35,0,3.75148,0.0000,15.000,REST_OBSERVATION,0
5882.486314,2026-10-02T11:23:35,0,3.75423,0.0000,15.000,REST_OBSERVATION,0
5882.487992,2026-10-02T11:23:35,0,3.75215,0.0000,35.000,MEASURE_V,0
5882.488178,2026-10-02T11:23:35,0,3.75256,0.0000,35.000,MEASURE_TEMP,0
5882.488270,2026-10-02T11:23:35,0,3.75082,0.0000,35.000,REST_OBSERVATION,0
5882.489538,2026-10-02T11:23:35,0,3.75029,0.0000,35.000,REST_OBSERVATION,0
5882.490985,2026-10-02T11:23:35,0,3.75307,0.0000,35.000,REST_OBSERVATION,0
5882.492616,2026-10-02T11:23:35,0,3.75268,0.0000,25.000,MEASURE_V,0
5882.492756,2026-10-02T11:23:35,0,3.75178,0.0000,25.000,MEASURE_TEMP,0
5882.492829,2026-10-02T11:23:35,0,3.75154,0.0000,25.000,REST_OBSERVATION,0
5882.494174,2026-10-02T11:23:35,0,3.75039,0.0000,25.000,REST_OBSERVATION,0
5882.495502,2026-10-02T11:23:35,0,3.75333,0.0000,25.000,REST_OBSERVATION,0
5882.497254,2026-10-02T11:23:35,0,3.75147,0.0000,35.000,MEASURE_V,0
5882.497410,2026-10-02T11:23:35,0,3.75117,0.0000,35.000,MEASURE_TEMP,0
5882.497494,2026-10-02T11:23:35,0,3.75101,0.0000,35.000,REST_OBSERVATION,0
5882.498841,2026-10-02T11:23:35,0,3.75224,0.0000,35.000,REST_OBSERVATION,0
5882.500253,2026-10-02T11:23:35,0,3.75252,0.0000,35.000,REST_OBSERVATION,0
5882.501836,2026-10-02T11:23:35,0,3.75297,0.0000,15.000,MEASURE_V,0
5882.501976,2026-10-02T11:23:35,0,3.75105,0.0000,15.000,MEASURE_TEMP,0
5882.502073,2026-10-02T11:23:35,0,3.75330,0.0000,15.000,REST_OBSERVATION,0
5882.503305,2026-10-02T11:23:35,0,3.75252,0.0000,15.000,REST_OBSERVATION,0
5882.504633,2026-10-02T11:23:35,0,3.75292,0.0000,15.000,REST_OBSERVATION,0
5882.506374,2026-10-02T11:23:35,0,3.75140,0.0000,25.000,MEASURE_V,0
5882.506531,2026-10-02T11:23:35,0,3.75388,0.0000,25.000,MEASURE_TEMP,0
5882.506616,2026-10-02T11:23:35,0,3.75117,0.0000,25.000,REST_OBSERVATION,0
5882.507918,2026-10-02T11:23:35,0,3.74972,0.0000,25.000,REST_OBSERVATION,0
5882.509261,2026-10-02T11:23:35,0,3.75249,0.0000,25.000,REST_OBSERVATION,0
5882.510816,2026-10-02T11:23:35,0,3.74992,0.0000,25.000,MEASURE_V,0
5882.510945,2026-10-02T11:23:35,0,3.75328,0.0000,25.000,MEASURE_TEMP,0
5882.511033,2026-10-02T11:23:35,0,3.75367,0.0000,25.000,REST_OBSERVATION,0
5882.512306,2026-10-02T11:23:35,0,3.75326,0.0000,25.000,REST_OBSERVATION,0
5882.513643,2026-10-02T11:23:35,0,3.75336,0.0000,25.000,REST_OBSERVATION,0
5882.515397,2026-10-02T11:23:35,0,3.75391,0.0000,35.000,MEASURE_V,0
5882.515544,2026-10-02T11:23:35,0,3.75300,0.0000,35.000,MEASURE_TEMP,0
5882.515622,2026-10-02T11:23:35,0,3.75371,0.0000,35.000,REST_OBSERVATION,0
5882.517036,2026-10-02T11:23:35,0,3.75413,0.0000,35.000,REST_OBSERVATION,0
5882.518328,2026-10-02T11:23:35,0,3.75094,0.0000,35.000,REST_OBSERVATION,0
5882.519873,2026-10-02T11:23:35,0,3.75292,0.0000,25.000,MEASURE_V,0
5882.520030,2026-10-02T11:23:35,0,3.75233,0.0000,25.000,MEASURE_TEMP,0
5882.520107,2026-10-02T11:23:35,0,3.75430,0.0000,25.000,REST_OBSERVATION,0
5882.521330,2026-10-02T11:23:35,0,3.75194,0.0000,25.000,REST_OBSERVATION,0
5882.522662,2026-10-02T11:23:35,0,3.74949,0.0000,25.000,REST_OBSERVATION,0
5882.532314,2026-10-02T11:23:35,0,3.75370,0.0000,15.000,MEASURE_V,0
5882.532440,2026-10-02T11:23:35,0,3.75226,0.0000,15.000,MEASURE_TEMP,0
5882.532504,2026-10-02T11:23:35,0,3.75326,0.0000,15.000,REST_OBSERVATION,0
5882.533764,2026-10-02T11:23:35,0,3.75114,0.0000,15.000,REST_OBSERVATION,0
5882.535078,2026-10-02T11:23:35,0,3.75255,0.0000,15.000,REST_OBSERVATION,0
5882.536539,2026-10-02T11:23:35,0,3.75369,0.0000,25.000,MEASURE_V,0
5882.536658,2026-10-02T11:23:35,0,3.75331,0.0000,25.000,MEASURE_TEMP,0
5882.536714,2026-10-02T11:23:35,0,3.75256,0.0000,25.000,REST_OBSERVATION,0
5882.537878,2026-10-02T11:23:35,0,3.75239,0.0000,25.000,REST_OBSERVATION,0
5882.539166,2026-10-02T11:23:35,0,3.75262,0.0000,25.000,REST_OBSERVATION,0
5882.540487,2026-10-02T11:23:35,0,3.75212,0.0000,25.000,MEASURE_V,0
5882.540553,2026-10-02T11:23:35,0,3.75245,0.0000,25.000,MEASURE_TEMP,0
5882.540588,2026-10-02T11:23:35,0,3.75210,0.0000,25.000,REST_OBSERVATION,0
5882.541798,2026-10-02T11:23:35,0,3.75129,0.0000,25.000,REST_OBSERVATION,0
5882.543029,2026-10-02T11:23:35,0,3.75371,0.0000,25.000,REST_OBSERVATION,0
5882.544230,2026-10-02T11:23:35,0,3.29054,0.0000,15.000,MEASURE_V,0
5882.544274,2026-10-02T11:23:35,0,3.29162,0.0000,15.000,MEASURE_TEMP,0
5882.544295,2026-10-02T11:23:35,0,3.29192,0.0000,15.000,REST_OBSERVATION,0
5882.545437,2026-10-02T11:23:35,0,3.29282,0.0000,15.000,REST_OBSERVATION,0
5882.546616,2026-10-02T11:23:35,0,3.29133,0.0000,15.000,REST_OBSERVATION,0
5882.550370,2026-10-02T11:23:35,0,3.29290,0.0000,15.000,MEASURE_V,0
5882.550420,2026-10-02T11:23:35,0,3.26397,10.0000,15.000,CURRENT_PULSE,0
5882.551603,2026-10-02T11:23:35,0,3.26253,10.0000,15.000,CURRENT_PULSE,0
5882.552924,2026-10-02T11:23:35,0,3.26355,10.0000,15.001,CURRENT_PULSE,0
5882.554253,2026-10-02T11:23:35,0,3.26354,10.0000,15.001,CURRENT_PULSE,0
5882.555372,2026-10-02T11:23:35,0,3.26347,10.0000,15.001,CURRENT_PULSE,0
5882.559029,2026-10-02T11:23:35,0,3.29267,0.0000,15.001,MEASURE_V,0
5882.559074,2026-10-02T11:23:35,0,3.26217,10.0000,15.001,CURRENT_PULSE,0
5882.560203,2026-10-02T11:23:35,0,3.26182,10.0000,15.002,CURRENT_PULSE,0
5882.561337,2026-10-02T11:23:35,0,3.26434,10.0000,15.002,CURRENT_PULSE,0
5882.562547,2026-10-02T11:23:35,0,3.26324,10.0000,15.002,CURRENT_PULSE,0
5882.563851,2026-10-02T11:23:35,0,3.26161,10.0000,15.002,CURRENT_PULSE,0
5882.571159,2026-10-02T11:23:35,0,3.29047,0.0000,35.000,MEASURE_V,0
5882.571292,2026-10-02T11:23:35,0,3.29194,0.0000,35.000,MEASURE_TEMP,0
5882.571356,2026-10-02T11:23:35,0,3.29106,0.0000,35.000,REST_OBSERVATION,0
5882.572559,2026-10-02T11:23:35,0,3.29101,0.0000,35.000,REST_OBSERVATION,0
5882.573909,2026-10-02T11:23:35,0,3.29264,0.0000,35.000,REST_OBSERVATION,0
5882.580882,2026-10-02T11:23:35,0,3.29150,0.0000,35.000,MEASURE_V,0
5882.580968,2026-10-02T11:23:35,0,3.26403,10.0000,35.000,CURRENT_PULSE,0
5882.582200,2026-10-02T11:23:35,0,3.26438,10.0000,35.000,CURRENT_PULSE,0
5882.583365,2026-10-02T11:23:35,0,3.26551,10.0000,35.001,CURRENT_PULSE,0
5882.584582,2026-10-02T11:23:35,0,3.26437,10.0000,35.001,CURRENT_PULSE,0
5882.585914,2026-10-02T11:23:35,0,3.26431,10.0000,35.001,CURRENT_PULSE,0
5882.592038,2026-10-02T11:23:35,0,3.29158,0.0000,35.001,MEASURE_V,0
5882.592107,2026-10-02T11:23:35,0,3.26415,10.0000,35.001,CURRENT_PULSE,0
5882.593232,2026-10-02T11:23:35,0,3.26607,10.0000,35.001,CURRENT_PULSE,0
5882.594386,2026-10-02T11:23:35,0,3.26455,10.0000,35.002,CURRENT_PULSE,0
5882.595600,2026-10-02T11:23:35,0,3.26426,10.0000,35.002,CURRENT_PULSE,0
5882.596909,2026-10-02T11:23:35,0,3.26447,10.0000,35.002,CURRENT_PULSE,0
5882.602974,2026-10-02T11:23:35,0,3.29291,0.0000,35.002,MEASURE_V,0
5882.603052,2026-10-02T11:23:35,0,3.26470,10.0000,35.002,CURRENT_PULSE,0
5882.604206,2026-10-02T11:23:35,0,3.26623,10.0000,35.002,CURRENT_PULSE,0
5882.605363,2026-10-02T11:23:35,0,3.26454,10.0000,35.003,CURRENT_PULSE,0
5882.606580,2026-10-02T11:23:35,0,3.26279,10.0000,35.003,CURRENT_PULSE,0
5882.607924,2026-10-02T11:23:35,0,3.26559,10.0000,35.003,CURRENT_PULSE,0
5882.610147,2026-10-02T11:23:35,0,3.75109,0.0000,35.000,MEASURE_V,0
5882.610238,2026-10-02T11:23:35,0,3.75314,0.0000,35.000,MEASURE_TEMP,0
5882.610293,2026-10-02T11:23:35,0,3.75034,0.0000,35.000,REST_OBSERVATION,0
5882.611485,2026-10-02T11:23:35,0,3.75123,0.0000,35.000,REST_OBSERVATION,0
5882.612821,2026-10-02T11:23:35,0,3.75179,0.0000,35.000,REST_OBSERVATION,0
5882.614343,2026-10-02T11:23:35,0,3.29148,0.0000,15.000,MEASURE_V,0
5882.614432,2026-10-02T11:23:35,0,3.29191,0.0000,15.000,MEASURE_TEMP,0
5882.614478,2026-10-02T11:23:35,0,3.29159,0.0000,15.000,REST_OBSERVATION,0
5882.615756,2026-10-02T11:23:35,0,3.29135,0.0000,15.000,REST_OBSERVATION,0
5882.617088,2026-10-02T11:23:35,0,3.29144,0.0000,15.000,REST_OBSERVATION,0
5882.623517,2026-10-02T11:23:35,0,3.29086,0.0000,15.000,MEASURE_V,0
5882.623594,2026-10-02T11:23:35,0,3.26544,10.0000,15.000,CURRENT_PULSE,0
5882.624827,2026-10-02T11:23:35,0,3.26646,10.0000,15.000,CURRENT_PULSE,0
5882.626114,2026-10-02T11:23:35,0,3.26591,10.0000,15.001,CURRENT_PULSE,0
5882.627287,2026-10-02T11:23:35,0,3.26312,10.0000,15.001,CURRENT_PULSE,0
5882.628495,2026-10-02T11:23:35,0,3.26541,10.0000,15.001,CURRENT_PULSE,0
5882.634583,2026-10-02T11:23:35,0,3.29237,0.0000,15.001,MEASURE_V,0
5882.634651,2026-10-02T11:23:35,0,3.26769,10.0000,15.001,CURRENT_PULSE,0
5882.635941,2026-10-02T11:23:35,0,3.26602,10.0000,15.001,CURRENT_PULSE,0
5882.637199,2026-10-02T11:23:35,0,3.26504,10.0000,15.002,CURRENT_PULSE,0
5882.638360,2026-10-02T11:23:35,0,3.26607,10.0000,15.002,CURRENT_PULSE,0
5882.639579,2026-10-02T11:23:35,0,3.26328,10.0000,15.002,CURRENT_PULSE,0
5882.645401,2026-10-02T11:23:35,0,3.28978,0.0000,15.002,MEASURE_V,0
5882.645470,2026-10-02T11:23:35,0,3.26438,10.0000,15.002,CURRENT_PULSE,0
5882.646622,2026-10-02T11:23:35,0,3.26516,10.0000,15.002,CURRENT_PULSE,0
5882.647934,2026-10-02T11:23:35,0,3.26471,10.0000,15.002,CURRENT_PULSE,0
5882.649208,2026-10-02T11:23:35,0,3.26523,10.0000,15.003,CURRENT_PULSE,0
5882.650372,2026-10-02T11:23:35,0,3.26692,10.0000,15.003,CURRENT_PULSE,0
5882.652417,2026-10-02T11:23:35,0,3.29010,0.0000,15.000,MEASURE_V,0
5882.652499,2026-10-02T11:23:35,0,3.29028,0.0000,15.000,MEASURE_TEMP,0
5882.652542,2026-10-02T11:23:35,0,3.29175,0.0000,15.000,REST_OBSERVATION,0
5882.653815,2026-10-02T11:23:35,0,3.29059,0.0000,15.000,REST_OBSERVATION,0
5882.655137,2026-10-02T11:23:35,0,3.29197,0.0000,15.000,REST_OBSERVATION,0
5882.660995,2026-10-02T11:23:35,0,3.29105,0.0000,15.000,MEASURE_V,0
5882.661070,2026-10-02T11:23:35,0,3.25697,10.0000,15.000,CURRENT_PULSE,0
5882.662223,2026-10-02T11:23:35,0,3.25567,10.0000,15.001,CURRENT_PULSE,0
5882.663369,2026-10-02T11:23:35,0,3.25719,10.0000,15.001,CURRENT_PULSE,0
5882.664585,2026-10-02T11:23:35,0,3.25852,10.0000,15.001,CURRENT_PULSE,0
5882.665882,2026-10-02T11:23:35,0,3.25893,10.0000,15.001,CURRENT_PULSE,0
5882.671344,2026-10-02T11:23:35,0,3.75398,0.0000,15.000,MEASURE_V,0
5882.671411,2026-10-02T11:23:35,0,3.75241,0.0000,15.000,MEASURE_TEMP,0
5882.671443,2026-10-02T11:23:35,0,3.75144,0.0000,15.000,REST_OBSERVATION,0
5882.672639,2026-10-02T11:23:35,0,3.75277,0.0000,15.000,REST_OBSERVATION,0
5882.673980,2026-10-02T11:23:35,0,3.75026,0.0000,15.000,REST_OBSERVATION,0
5882.675246,2026-10-02T11:23:35,0,3.29184,0.0000,35.000,MEASURE_V,0
5882.675306,2026-10-02T11:23:35,0,3.29141,0.0000,35.000,MEASURE_TEMP,0
5882.675338,2026-10-02T11:23:35,0,3.29164,0.0000,35.000,REST_OBSERVATION,0
5882.676460,2026-10-02T11:23:35,0,3.29293,0.0000,35.000,REST_OBSERVATION,0
5882.677653,2026-10-02T11:23:35,0,3.28972,0.0000,35.000,REST_OBSERVATION,0
5882.683209,2026-10-02T11:23:35,0,3.29183,0.0000,35.000,MEASURE_V,0
5882.683276,2026-10-02T11:23:35,0,3.26967,10.0000,35.000,CURRENT_PULSE,0
5882.684401,2026-10-02T11:23:35,0,3.26893,10.0000,35.000,CURRENT_PULSE,0
5882.685618,2026-10-02T11:23:35,0,3.27000,10.0000,35.001,CURRENT_PULSE,0
5882.686879,2026-10-02T11:23:35,0,3.27001,10.0000,35.001,CURRENT_PULSE,0
5882.688144,2026-10-02T11:23:35,0,3.26965,10.0000,35.001,CURRENT_PULSE,0
5882.693693,2026-10-02T11:23:36,0,3.29124,0.0000,35.001,MEASURE_V,0
5882.693759,2026-10-02T11:23:36,0,3.27010,10.0000,35.001,CURRENT_PULSE,0
5882.695054,2026-10-02T11:23:36,0,3.27151,10.0000,35.001,CURRENT_PULSE,0
5882.696219,2026-10-02T11:23:36,0,3.26905,10.0000,35.001,CURRENT_PULSE,0
5882.697368,2026-10-02T11:23:36,0,3.27081,10.0000,35.001,CURRENT_PULSE,0
5882.698580,2026-10-02T11:23:36,0,3.27170,10.0000,35.002,CURRENT_PULSE,0
5882.704112,2026-10-02T11:23:36,0,3.75153,0.0000,35.000,MEASURE_V,0
5882.704181,2026-10-02T11:23:36,0,3.74922,0.0000,35.000,MEASURE_TEMP,0
5882.704212,2026-10-02T11:23:36,0,3.75307,0.0000,35.000,REST_OBSERVATION,0
5882.705324,2026-10-02T11:23:36,0,3.75102,0.0000,35.000,REST_OBSERVATION,0
5882.706535,2026-10-02T11:23:36,0,3.75132,0.0000,35.000,REST_OBSERVATION,0
5882.707896,2026-10-02T11:23:36,0,3.28971,0.0000,15.000,MEASURE_V,0
5882.707951,2026-10-02T11:23:36,0,3.29422,0.0000,15.000,MEASURE_TEMP,0
5882.707982,2026-10-02T11:23:36,0,3.29304,0.0000,15.000,REST_OBSERVATION,0
5882.709214,2026-10-02T11:23:36,0,3.29133,0.0000,15.000,REST_OBSERVATION,0
5882.710387,2026-10-02T11:23:36,0,3.29141,0.0000,15.000,REST_OBSERVATION,0
5882.715978,2026-10-02T11:23:36,0,3.29165,0.0000,15.000,MEASURE_V,0
5882.716047,2026-10-02T11:23:36,0,3.26993,10.0000,15.000,CURRENT_PULSE,0
5882.717227,2026-10-02T11:23:36,0,3.26883,10.0000,15.000,CURRENT_PULSE,0
5882.718371,2026-10-02T11:23:36,0,3.26974,10.0000,15.001,CURRENT_PULSE,0
5882.719545,2026-10-02T11:23:36,0,3.27045,10.0000,15.001,CURRENT_PULSE,0
5882.720855,2026-10-02T11:23:36,0,3.27185,10.0000,15.001,CURRENT_PULSE,0
5882.726533,2026-10-02T11:23:36,0,3.29087,0.0000,35.000,MEASURE_V,0
5882.726600,2026-10-02T11:23:36,0,3.28987,0.0000,35.000,MEASURE_TEMP,0
5882.726639,2026-10-02T11:23:36,0,3.28943,0.0000,35.000,REST_OBSERVATION,0
5882.727856,2026-10-02T11:23:36,0,3.29129,0.0000,35.000,REST_OBSERVATION,0
5882.729160,2026-10-02T11:23:36,0,3.29229,0.0000,35.000,REST_OBSERVATION,0
5882.733880,2026-10-02T11:23:36,0,3.29094,0.0000,35.000,MEASURE_V,0
5882.733938,2026-10-02T11:23:36,0,3.25906,10.0000,35.000,CURRENT_PULSE,0
5882.735216,2026-10-02T11:23:36,0,3.26044,10.0000,35.001,CURRENT_PULSE,0
5882.736349,2026-10-02T11:23:36,0,3.25999,10.0000,35.001,CURRENT_PULSE,0
5882.737509,2026-10-02T11:23:36,0,3.25997,10.0000,35.001,CURRENT_PULSE,0
5882.738783,2026-10-02T11:23:36,0,3.25844,10.0000,35.001,CURRENT_PULSE,0
5882.743858,2026-10-02T11:23:36,0,3.29258,0.0000,25.000,MEASURE_V,0
5882.743924,2026-10-02T11:23:36,0,3.29129,0.0000,25.000,MEASURE_TEMP,0
5882.743967,2026-10-02T11:23:36,0,3.29079,0.0000,25.000,REST_OBSERVATION,0
5882.745234,2026-10-02T11:23:36,0,3.29126,0.0000,25.000,REST_OBSERVATION,0
5882.746371,2026-10-02T11:23:36,0,3.29177,0.0000,25.000,REST_OBSERVATION,0
5882.750772,2026-10-02T11:23:36,0,3.29205,0.0000,25.000,MEASURE_V,0
5882.750828,2026-10-02T11:23:36,0,3.27084,10.0000,25.000,CURRENT_PULSE,0
5882.752157,2026-10-02T11:23:36,0,3.26840,10.0000,25.000,CURRENT_PULSE,0
5882.753292,2026-10-02T11:23:36,0,3.27074,10.0000,25.001,CURRENT_PULSE,0
5882.754426,2026-10-02T11:23:36,0,3.26883,10.0000,25.001,CURRENT_PULSE,0
5882.755644,2026-10-02T11:23:36,0,3.26982,10.0000,25.001,CURRENT_PULSE,0
5882.760654,2026-10-02T11:23:36,0,3.29327,0.0000,25.001,MEASURE_V,0
5882.760710,2026-10-02T11:23:36,0,3.27113,10.0000,25.001,CURRENT_PULSE,0
5882.762025,2026-10-02T11:23:36,0,3.26853,10.0000,25.001,CURRENT_PULSE,0
5882.763202,2026-10-02T11:23:36,0,3.27170,10.0000,25.001,CURRENT_PULSE,0
5882.764337,2026-10-02T11:23:36,0,3.27041,10.0000,25.001,CURRENT_PULSE,0
5882.765546,2026-10-02T11:23:36,0,3.26928,10.0000,25.002,CURRENT_PULSE,0
5882.770437,2026-10-02T11:23:36,0,3.29213,0.0000,25.002,MEASURE_V,0
5882.770491,2026-10-02T11:23:36,0,3.26998,10.0000,25.002,CURRENT_PULSE,0
5882.771795,2026-10-02T11:23:36,0,3.26964,10.0000,25.002,CURRENT_PULSE,0
5882.773145,2026-10-02T11:23:36,0,3.27146,10.0000,25.002,CURRENT_PULSE,0
5882.774289,2026-10-02T11:23:36,0,3.27083,10.0000,25.002,CURRENT_PULSE,0
5882.775464,2026-10-02T11:23:36,0,3.27015,10.0000,25.002,CURRENT_PULSE,0
5882.777525,2026-10-02T11:23:36,0,3.75241,0.0000,25.000,MEASURE_V,0
5882.777596,2026-10-02T11:23:36,0,3.75140,0.0000,25.000,MEASURE_TEMP,0
5882.777635,2026-10-02T11:23:36,0,3.75106,0.0000,25.000,REST_OBSERVATION,0
5882.778921,2026-10-02T11:23:36,0,3.75240,0.0000,25.000,REST_OBSERVATION,0
5882.780192,2026-10-02T11:23:36,0,3.75364,0.0000,25.000,REST_OBSERVATION,0
5882.781505,2026-10-02T11:23:36,0,3.75149,0.0000,25.000,MEASURE_V,0
5882.781582,2026-10-02T11:23:36,0,3.75214,0.0000,25.000,MEASURE_TEMP,0
5882.781622,2026-10-02T11:23:36,0,3.75209,0.0000,25.000,REST_OBSERVATION,0
5882.782896,2026-10-02T11:23:36,0,3.75022,0.0000,25.000,REST_OBSERVATION,0
5882.784231,2026-10-02T11:23:36,0,3.75111,0.0000,25.000,REST_OBSERVATION,0
5882.785604,2026-10-02T11:23:36,0,3.75286,0.0000,35.000,MEASURE_V,0
5882.785692,2026-10-02T11:23:36,0,3.75213,0.0000,35.000,MEASURE_TEMP,0
5882.785740,2026-10-02T11:23:36,0,3.75338,0.0000,35.000,REST_OBSERVATION,0
5882.787061,2026-10-02T11:23:36,0,3.75325,0.0000,35.000,REST_OBSERVATION,0
5882.788285,2026-10-02T11:23:36,0,3.75181,0.0000,35.000,REST_OBSERVATION,0
5882.789759,2026-10-02T11:23:36,0,3.75311,0.0000,35.000,MEASURE_V,0
5882.789870,2026-10-02T11:23:36,0,3.75069,0.0000,35.000,MEASURE_TEMP,0
5882.789929,2026-10-02T11:23:36,0,3.75211,0.0000,35.000,REST_OBSERVATION,0
5882.791245,2026-10-02T11:23:36,0,3.75287,0.0000,35.000,REST_OBSERVATION,0
5882.792530,2026-10-02T11:23:36,0,3.75278,0.0000,35.000,REST_OBSERVATION,0
5882.794186,2026-10-02T11:23:36,0,3.29196,0.0000,35.000,MEASURE_V,0
5882.794317,2026-10-02T11:23:36,0,3.29244,0.0000,35.000,MEASURE_TEMP,0
5882.794382,2026-10-02T11:23:36,0,3.29244,0.0000,35.000,REST_OBSERVATION,0
5882.795603,2026-10-02T11:23:36,0,3.29177,0.0000,35.000,REST_OBSERVATION,0
5882.797042,2026-10-02T11:23:36,0,3.29020,0.0000,35.000,REST_OBSERVATION,0
5882.805255,2026-10-02T11:23:36,0,3.29164,0.0000,35.000,MEASURE_V,0
5882.805348,2026-10-02T11:23:36,0,3.26614,10.0000,35.000,CURRENT_PULSE,0
5882.806536,2026-10-02T11:23:36,0,3.26842,10.0000,35.000,CURRENT_PULSE,0
5882.807850,2026-10-02T11:23:36,0,3.26685,10.0000,35.001,CURRENT_PULSE,0
5882.809195,2026-10-02T11:23:36,0,3.26798,10.0000,35.001,CURRENT_PULSE,0
5882.810415,2026-10-02T11:23:36,0,3.26799,10.0000,35.001,CURRENT_PULSE,0
5882.817502,2026-10-02T11:23:36,0,3.29138,0.0000,35.001,MEASURE_V,0
5882.817581,2026-10-02T11:23:36,0,3.26756,10.0000,35.001,CURRENT_PULSE,0
5882.818899,2026-10-02T11:23:36,0,3.26731,10.0000,35.001,CURRENT_PULSE,0
5882.820194,2026-10-02T11:23:36,0,3.26682,10.0000,35.001,CURRENT_PULSE,0
5882.821383,2026-10-02T11:23:36,0,3.26823,10.0000,35.002,CURRENT_PULSE,0
5882.822578,2026-10-02T11:23:36,0,3.26668,10.0000,35.002,CURRENT_PULSE,0
5882.828937,2026-10-02T11:23:36,0,3.29273,0.0000,35.002,MEASURE_V,0
5882.829016,2026-10-02T11:23:36,0,3.26664,10.0000,35.002,CURRENT_PULSE,0
5882.830205,2026-10-02T11:23:36,0,3.26701,10.0000,35.002,CURRENT_PULSE,0
5882.831352,2026-10-02T11:23:36,0,3.26704,10.0000,35.002,CURRENT_PULSE,0
5882.832562,2026-10-02T11:23:36,0,3.26741,10.0000,35.002,CURRENT_PULSE,0
5882.833876,2026-10-02T11:23:36,0,3.26659,10.0000,35.003,CURRENT_PULSE,0
5882.836031,2026-10-02T11:23:36,0,3.29116,0.0000,15.000,MEASURE_V,0
5882.836116,2026-10-02T11:23:36,0,3.29182,0.0000,15.000,MEASURE_TEMP,0
5882.836167,2026-10-02T11:23:36,0,3.29159,0.0000,15.000,REST_OBSERVATION,0
5882.837315,2026-10-02T11:23:36,0,3.29179,0.0000,15.000,REST_OBSERVATION,0
5882.838526,2026-10-02T11:23:36,0,3.29152,0.0000,15.000,REST_OBSERVATION,0
5882.844829,2026-10-02T11:23:36,0,3.29148,0.0000,15.000,MEASURE_V,0
5882.844908,2026-10-02T11:23:36,0,3.25919,10.0000,15.000,CURRENT_PULSE,0
5882.846148,2026-10-02T11:23:36,0,3.25935,10.0000,15.001,CURRENT_PULSE,0
5882.847309,2026-10-02T11:23:36,0,3.25927,10.0000,15.001,CURRENT_PULSE,0
5882.848531,2026-10-02T11:23:36,0,3.25885,10.0000,15.001,CURRENT_PULSE,0
5882.849805,2026-10-02T11:23:36,0,3.25831,10.0000,15.001,CURRENT_PULSE,0
5882.855954,2026-10-02T11:23:36,0,3.29228,0.0000,15.000,MEASURE_V,0
5882.856036,2026-10-02T11:23:36,0,3.29200,0.0000,15.000,MEASURE_TEMP,0
5882.856081,2026-10-02T11:23:36,0,3.29079,0.0000,15.000,REST_OBSERVATION,0
5882.857242,2026-10-02T11:23:36,0,3.29059,0.0000,15.000,REST_OBSERVATION,0
5882.858393,2026-10-02T11:23:36,0,3.29269,0.0000,15.000,REST_OBSERVATION,0
5882.863409,2026-10-02T11:23:36,0,3.29089,0.0000,15.000,MEASURE_V,0
5882.863466,2026-10-02T11:23:36,0,3.26601,10.0000,15.000,CURRENT_PULSE,0
5882.864669,2026-10-02T11:23:36,0,3.26772,10.0000,15.000,CURRENT_PULSE,0
5882.865892,2026-10-02T11:23:36,0,3.26844,10.0000,15.001,CURRENT_PULSE,0
5882.867121,2026-10-02T11:23:36,0,3.26701,10.0000,15.001,CURRENT_PULSE,0
5882.868275,2026-10-02T11:23:36,0,3.26394,10.0000,15.001,CURRENT_PULSE,0
5882.873309,2026-10-02T11:23:36,0,3.29306,0.0000,15.001,MEASURE_V,0
5882.873365,2026-10-02T11:23:36,0,3.26746,10.0000,15.001,CURRENT_PULSE,0
5882.874546,2026-10-02T11:23:36,0,3.26435,10.0000,15.001,CURRENT_PULSE,0
5882.875854,2026-10-02T11:23:36,0,3.26788,10.0000,15.002,CURRENT_PULSE,0
5882.877104,2026-10-02T11:23:36,0,3.26525,10.0000,15.002,CURRENT_PULSE,0
5882.878259,2026-10-02T11:23:36,0,3.26751,10.0000,15.002,CURRENT_PULSE,0
5882.883455,2026-10-02T11:23:36,0,3.29083,0.0000,15.002,MEASURE_V,0
5882.883517,2026-10-02T11:23:36,0,3.26608,10.0000,15.002,CURRENT_PULSE,0
5882.884723,2026-10-02T11:23:36,0,3.26699,10.0000,15.002,CURRENT_PULSE,0
5882.886035,2026-10-02T11:23:36,0,3.26489,10.0000,15.002,CURRENT_PULSE,0
5882.887211,2026-10-02T11:23:36,0,3.26655,10.0000,15.002,CURRENT_PULSE,0
5882.888365,2026-10-02T11:23:36,0,3.26587,10.0000,15.003,CURRENT_PULSE,0
5882.890368,2026-10-02T11:23:36,0,3.29129,0.0000,25.000,MEASURE_V,0
5882.890444,2026-10-02T11:23:36,0,3.29037,0.0000,25.000,MEASURE_TEMP,0
5882.890485,2026-10-02T11:23:36,0,3.29199,0.0000,25.000,REST_OBSERVATION,0
5882.891671,2026-10-02T11:23:36,0,3.29181,0.0000,25.000,REST_OBSERVATION,0
5882.892978,2026-10-02T11:23:36,0,3.29291,0.0000,25.000,REST_OBSERVATION,0
5882.898842,2026-10-02T11:23:36,0,3.29183,0.0000,25.000,MEASURE_V,0
5882.898914,2026-10-02T11:23:36,0,3.25691,10.0000,25.000,CURRENT_PULSE,0
5882.900204,2026-10-02T11:23:36,0,3.25639,10.0000,25.001,CURRENT_PULSE,0
5882.901355,2026-10-02T11:23:36,0,3.25683,10.0000,25.001,CURRENT_PULSE,0
5882.902562,2026-10-02T11:23:36,0,3.25346,10.0000,25.001,CURRENT_PULSE,0
5882.903874,2026-10-02T11:23:36,0,3.25455,10.0000,25.001,CURRENT_PULSE,0
5882.910064,2026-10-02T11:23:36,0,3.29133,0.0000,25.000,MEASURE_V,0
5882.910145,2026-10-02T11:23:36,0,3.29209,0.0000,25.000,MEASURE_TEMP,0
5882.910191,2026-10-02T11:23:36,0,3.29206,0.0000,25.000,REST_OBSERVATION,0
5882.911314,2026-10-02T11:23:36,0,3.28985,0.0000,25.000,REST_OBSERVATION,0
5882.912532,2026-10-02T11:23:36,0,3.29123,0.0000,25.000,REST_OBSERVATION,0
5882.917672,2026-10-02T11:23:36,0,3.29164,0.0000,25.000,MEASURE_V,0
5882.917731,2026-10-02T11:23:36,0,3.25618,10.0000,25.000,CURRENT_PULSE,0
5882.919023,2026-10-02T11:23:36,0,3.25676,10.0000,25.001,CURRENT_PULSE,0
5882.920248,2026-10-02T11:23:36,0,3.25443,10.0000,25.001,CURRENT_PULSE,0
5882.921386,2026-10-02T11:23:36,0,3.25762,10.0000,25.001,CURRENT_PULSE,0
5882.922596,2026-10-02T11:23:36,0,3.25729,10.0000,25.001,CURRENT_PULSE,0
5882.927815,2026-10-02T11:23:36,0,3.75271,0.0000,15.000,MEASURE_V,0
5882.927885,2026-10-02T11:23:36,0,3.75248,0.0000,15.000,MEASURE_TEMP,0
5882.927921,2026-10-02T11:23:36,0,3.75097,0.0000,15.000,REST_OBSERVATION,0
5882.929229,2026-10-02T11:23:36,0,3.75074,0.0000,15.000,REST_OBSERVATION,0
5882.930367,2026-10-02T11:23:36,0,3.75274,0.0000,15.000,REST_OBSERVATION,0
5882.931649,2026-10-02T11:23:36,0,3.28995,0.0000,15.000,MEASURE_V,0
5882.931702,2026-10-02T11:23:36,0,3.29133,0.0000,15.000,MEASURE_TEMP,0
5882.931731,2026-10-02T11:23:36,0,3.29188,0.0000,15.000,REST_OBSERVATION,0
5882.932964,2026-10-02T11:23:36,0,3.29112,0.0000,15.000,REST_OBSERVATION,0
5882.934165,2026-10-02T11:23:36,0,3.29052,0.0000,15.000,REST_OBSERVATION,0
5882.939340,2026-10-02T11:23:36,0,3.29135,0.0000,15.000,MEASURE_V,0
5882.939402,2026-10-02T11:23:36,0,3.26675,10.0000,15.000,CURRENT_PULSE,0
5882.940557,2026-10-02T11:23:36,0,3.26368,10.0000,15.000,CURRENT_PULSE,0
5882.941747,2026-10-02T11:23:36,0,3.26462,10.0000,15.001,CURRENT_PULSE,0
5882.943037,2026-10-02T11:23:36,0,3.26527,10.0000,15.001,CURRENT_PULSE,0
5882.944197,2026-10-02T11:23:36,0,3.26629,10.0000,15.001,CURRENT_PULSE,0
5882.949559,2026-10-02T11:23:36,0,3.29082,0.0000,15.001,MEASURE_V,0
5882.949623,2026-10-02T11:23:36,0,3.26554,10.0000,15.001,CURRENT_PULSE,0
5882.950916,2026-10-02T11:23:36,0,3.26335,10.0000,15.001,CURRENT_PULSE,0
5882.952109,2026-10-02T11:23:36,0,3.26631,10.0000,15.002,CURRENT_PULSE,0
5882.953267,2026-10-02T11:23:36,0,3.26411,10.0000,15.002,CURRENT_PULSE,0
5882.954432,2026-10-02T11:23:36,0,3.26514,10.0000,15.002,CURRENT_PULSE,0
5882.959886,2026-10-02T11:23:36,0,3.29129,0.0000,15.002,MEASURE_V,0
5882.959953,2026-10-02T11:23:36,0,3.26492,10.0000,15.002,CURRENT_PULSE,0
5882.961211,2026-10-02T11:23:36,0,3.26378,10.0000,15.002,CURRENT_PULSE,0
5882.962333,2026-10-02T11:23:36,0,3.26595,10.0000,15.002,CURRENT_PULSE,0
5882.963468,2026-10-02T11:23:36,0,3.26547,10.0000,15.003,CURRENT_PULSE,0
5882.964630,2026-10-02T11:23:36,0,3.26363,10.0000,15.003,CURRENT_PULSE,0
5882.966790,2026-10-02T11:23:36,0,3.29071,0.0000,25.000,MEASURE_V,0
5882.966867,2026-10-02T11:23:36,0,3.29065,0.0000,25.000,MEASURE_TEMP,0
5882.966908,2026-10-02T11:23:36,0,3.29275,0.0000,25.000,REST_OBSERVATION,0
5882.968174,2026-10-02T11:23:36,0,3.29143,0.0000,25.000,REST_OBSERVATION,0
5882.969356,2026-10-02T11:23:36,0,3.29007,0.0000,25.000,REST_OBSERVATION,0
5882.975342,2026-10-02T11:23:36,0,3.29132,0.0000,25.000,MEASURE_V,0
5882.975414,2026-10-02T11:23:36,0,3.25736,10.0000,25.000,CURRENT_PULSE,0
5882.976601,2026-10-02T11:23:36,0,3.25669,10.0000,25.001,CURRENT_PULSE,0
5882.977894,2026-10-02T11:23:36,0,3.25783,10.0000,25.001,CURRENT_PULSE,0
5882.979214,2026-10-02T11:23:36,0,3.25744,10.0000,25.001,CURRENT_PULSE,0
5882.980391,2026-10-02T11:23:36,0,3.25635,10.0000,25.001,CURRENT_PULSE,0
5882.986357,2026-10-02T11:23:36,0,3.29257,0.0000,25.000,MEASURE_V,0
5882.986434,2026-10-02T11:23:36,0,3.29168,0.0000,25.000,MEASURE_TEMP,0
5882.986480,2026-10-02T11:23:36,0,3.29129,0.0000,25.000,REST_OBSERVATION,0
5882.987667,2026-10-02T11:23:36,0,3.29171,0.0000,25.000,REST_OBSERVATION,0
5882.988966,2026-10-02T11:23:36,0,3.29227,0.0000,25.000,REST_OBSERVATION,0
5882.994158,2026-10-02T11:23:36,0,3.29134,0.0000,25.000,MEASURE_V,0
5882.994226,2026-10-02T11:23:36,0,3.26306,10.0000,25.000,CURRENT_PULSE,0
5882.995356,2026-10-02T11:23:36,0,3.26518,10.0000,25.000,CURRENT_PULSE,0
5882.996623,2026-10-02T11:23:36,0,3.26389,10.0000,25.001,CURRENT_PULSE,0
5882.997956,2026-10-02T11:23:36,0,3.26391,10.0000,25.001,CURRENT_PULSE,0
5882.999291,2026-10-02T11:23:36,0,3.26401,10.0000,25.001,CURRENT_PULSE,0
5883.003854,2026-10-02T11:23:36,0,3.29119,0.0000,25.001,MEASURE_V,0
5883.003981,2026-10-02T11:23:36,0,3.26355,10.0000,25.001,CURRENT_PULSE,0
5883.005116,2026-10-02T11:23:36,0,3.26545,10.0000,25.001,CURRENT_PULSE,0
5883.006268,2026-10-02T11:23:36,0,3.26467,10.0000,25.002,CURRENT_PULSE,0
5883.007407,2026-10-02T11:23:36,0,3.26418,10.0000,25.002,CURRENT_PULSE,0
5883.008549,2026-10-02T11:23:36,0,3.26392,10.0000,25.002,CURRENT_PULSE,0
5883.013971,2026-10-02T11:23:36,0,3.29135,0.0000,25.002,MEASURE_V,0
5883.014103,2026-10-02T11:23:36,0,3.26306,10.0000,25.002,CURRENT_PULSE,0
5883.015241,2026-10-02T11:23:36,0,3.26457,10.0000,25.002,CURRENT_PULSE,0
5883.016413,2026-10-02T11:23:36,0,3.26291,10.0000,25.003,CURRENT_PULSE,0
5883.017591,2026-10-02T11:23:36,0,3.26402,10.0000,25.003,CURRENT_PULSE,0
5883.018801,2026-10-02T11:23:36,0,3.26216,10.0000,25.003,CURRENT_PULSE,0
5883.020967,2026-10-02T11:23:36,0,3.75324,0.0000,15.000,MEASURE_V,0
5883.021078,2026-10-02T11:23:36,0,3.75227,0.0000,15.000,MEASURE_TEMP,0
5883.021118,2026-10-02T11:23:36,0,3.75092,0.0000,15.000,REST_OBSERVATION,0
5883.022240,2026-10-02T11:23:36,0,3.75321,0.0000,15.000,REST_OBSERVATION,0
5883.023388,2026-10-02T11:23:36,0,3.75457,0.0000,15.000,REST_OBSERVATION,0
5883.024752,2026-10-02T11:23:36,0,3.29058,0.0000,15.000,MEASURE_V,0
5883.024830,2026-10-02T11:23:36,0,3.29076,0.0000,15.000,MEASURE_TEMP,0
5883.024867,2026-10-02T11:23:36,0,3.29102,0.0000,15.000,REST_OBSERVATION,0
5883.025988,2026-10-02T11:23:36,0,3.29189,0.0000,15.000,REST_OBSERVATION,0
5883.027157,2026-10-02T11:23:36,0,3.29156,0.0000,15.000,REST_OBSERVATION,0
5883.030836,2026-10-02T11:23:36,0,3.29191,0.0000,15.000,MEASURE_V,0
5883.030905,2026-10-02T11:23:36,0,3.26106,10.0000,15.000,CURRENT_PULSE,0
5883.032123,2026-10-02T11:23:36,0,3.26031,10.0000,15.000,CURRENT_PULSE,0
5883.033245,2026-10-02T11:23:36,0,3.26031,10.0000,15.001,CURRENT_PULSE,0
5883.034368,2026-10-02T11:23:36,0,3.26245,10.0000,15.001,CURRENT_PULSE,0
5883.035487,2026-10-02T11:23:36,0,3.26144,10.0000,15.001,CURRENT_PULSE,0
5883.041032,2026-10-02T11:23:36,0,3.29174,0.0000,15.001,MEASURE_V,0
5883.041169,2026-10-02T11:23:36,0,3.26200,10.0000,15.001,CURRENT_PULSE,0
5883.042330,2026-10-02T11:23:36,0,3.26270,10.0000,15.002,CURRENT_PULSE,0
5883.043537,2026-10-02T11:23:36,0,3.26197,10.0000,15.002,CURRENT_PULSE,0
5883.044769,2026-10-02T11:23:36,0,3.25989,10.0000,15.002,CURRENT_PULSE,0
5883.046010,2026-10-02T11:23:36,0,3.26141,10.0000,15.002,CURRENT_PULSE,0
5883.050052,2026-10-02T11:23:36,0,3.75154,0.0000,35.000,MEASURE_V,0
5883.050116,2026-10-02T11:23:36,0,3.75287,0.0000,35.000,MEASURE_TEMP,0
5883.050146,2026-10-02T11:23:36,0,3.75142,0.0000,35.000,REST_OBSERVATION,0
5883.051251,2026-10-02T11:23:36,0,3.75429,0.0000,35.000,REST_OBSERVATION,0
5883.052373,2026-10-02T11:23:36,0,3.75209,0.0000,35.000,REST_OBSERVATION,0
5883.053635,2026-10-02T11:23:36,0,3.29156,0.0000,25.000,MEASURE_V,0
5883.053675,2026-10-02T11:23:36,0,3.29228,0.0000,25.000,MEASURE_TEMP,0
5883.053696,2026-10-02T11:23:36,0,3.29007,0.0000,25.000,REST_OBSERVATION,0
5883.054875,2026-10-02T11:23:36,0,3.29079,0.0000,25.000,REST_OBSERVATION,0
5883.056078,2026-10-02T11:23:36,0,3.29255,0.0000,25.000,REST_OBSERVATION,0
5883.059595,2026-10-02T11:23:36,0,3.29286,0.0000,25.000,MEASURE_V,0
5883.059640,2026-10-02T11:23:36,0,3.25712,10.0000,25.000,CURRENT_PULSE,0
5883.060978,2026-10-02T11:23:36,0,3.25799,10.0000,25.001,CURRENT_PULSE,0
5883.062261,2026-10-02T11:23:36,0,3.25883,10.0000,25.001,CURRENT_PULSE,0
5883.063377,2026-10-02T11:23:36,0,3.25770,10.0000,25.001,CURRENT_PULSE,0
5883.064586,2026-10-02T11:23:36,0,3.25812,10.0000,25.001,CURRENT_PULSE,0
5883.068367,2026-10-02T11:23:36,0,3.29173,0.0000,15.000,MEASURE_V,0
5883.068419,2026-10-02T11:23:36,0,3.29148,0.0000,15.000,MEASURE_TEMP,0
5883.068443,2026-10-02T11:23:36,0,3.29118,0.0000,15.000,REST_OBSERVATION,0
5883.069655,2026-10-02T11:23:36,0,3.29108,0.0000,15.000,REST_OBSERVATION,0
5883.071044,2026-10-02T11:23:36,0,3.28862,0.0000,15.000,REST_OBSERVATION,0
5883.075343,2026-10-02T11:23:36,0,3.29133,0.0000,15.000,MEASURE_V,0
5883.075395,2026-10-02T11:23:36,0,3.26268,10.0000,15.000,CURRENT_PULSE,0
5883.076604,2026-10-02T11:23:36,0,3.26452,10.0000,15.000,CURRENT_PULSE,0
5883.077909,2026-10-02T11:23:36,0,3.26301,10.0000,15.001,CURRENT_PULSE,0
5883.079237,2026-10-02T11:23:36,0,3.26130,10.0000,15.001,CURRENT_PULSE,0
5883.080387,2026-10-02T11:23:36,0,3.26461,10.0000,15.001,CURRENT_PULSE,0
5883.085213,2026-10-02T11:23:36,0,3.29113,0.0000,15.001,MEASURE_V,0
5883.085271,2026-10-02T11:23:36,0,3.26369,10.0000,15.001,CURRENT_PULSE,0
5883.086382,2026-10-02T11:23:36,0,3.26500,10.0000,15.001,CURRENT_PULSE,0
5883.087595,2026-10-02T11:23:36,0,3.26458,10.0000,15.002,CURRENT_PULSE,0
5883.088897,2026-10-02T11:23:36,0,3.26390,10.0000,15.002,CURRENT_PULSE,0
5883.090136,2026-10-02T11:23:36,0,3.26348,10.0000,15.002,CURRENT_PULSE,0
5883.095216,2026-10-02T11:23:36,0,3.29113,0.0000,15.002,MEASURE_V,0
5883.095276,2026-10-02T11:23:36,0,3.26328,10.0000,15.002,CURRENT_PULSE,0
5883.096396,2026-10-02T11:23:36,0,3.26228,10.0000,15.002,CURRENT_PULSE,0
5883.097609,2026-10-02T11:23:36,0,3.26237,10.0000,15.003,CURRENT_PULSE,0
5883.098915,2026-10-02T11:23:36,0,3.26376,10.0000,15.003,CURRENT_PULSE,0
5883.100182,2026-10-02T11:23:36,0,3.26360,10.0000,15.003,CURRENT_PULSE,0
5883.102158,2026-10-02T11:23:36,0,3.29010,0.0000,25.000,MEASURE_V,0
5883.102228,2026-10-02T11:23:36,0,3.29242,0.0000,25.000,MEASURE_TEMP,0
5883.102266,2026-10-02T11:23:36,0,3.29080,0.0000,25.000,REST_OBSERVATION,0
5883.103398,2026-10-02T11:23:36,0,3.29165,0.0000,25.000,REST_OBSERVATION,0
5883.104576,2026-10-02T11:23:36,0,3.29224,0.0000,25.000,REST_OBSERVATION,0
5883.110218,2026-10-02T11:23:36,0,3.28976,0.0000,25.000,MEASURE_V,0
5883.110296,2026-10-02T11:23:36,0,3.25495,10.0000,25.000,CURRENT_PULSE,0
5883.111434,2026-10-02T11:23:36,0,3.25426,10.0000,25.001,CURRENT_PULSE,0
5883.112741,2026-10-02T11:23:36,0,3.25603,10.0000,25.001,CURRENT_PULSE,0
5883.114027,2026-10-02T11:23:36,0,3.25446,10.0000,25.001,CURRENT_PULSE,0
5883.115211,2026-10-02T11:23:36,0,3.25647,10.0000,25.001,CURRENT_PULSE,0
5883.120628,2026-10-02T11:23:36,0,3.29156,0.0000,25.000,MEASURE_V,0
5883.120697,2026-10-02T11:23:36,0,3.29113,0.0000,25.000,MEASURE_TEMP,0
5883.120730,2026-10-02T11:23:36,0,3.29208,0.0000,25.000,REST_OBSERVATION,0
5883.122060,2026-10-02T11:23:36,0,3.29110,0.0000,25.000,REST_OBSERVATION,0
5883.123232,2026-10-02T11:23:36,0,3.29050,0.0000,25.000,REST_OBSERVATION,0
5883.127617,2026-10-02T11:23:36,0,3.29119,0.0000,25.000,MEASURE_V,0
5883.127678,2026-10-02T11:23:36,0,3.26778,10.0000,25.000,CURRENT_PULSE,0
5883.128938,2026-10-02T11:23:36,0,3.26895,10.0000,25.000,CURRENT_PULSE,0
5883.130202,2026-10-02T11:23:36,0,3.26923,10.0000,25.001,CURRENT_PULSE,0
5883.131335,2026-10-02T11:23:36,0,3.26990,10.0000,25.001,CURRENT_PULSE,0
5883.132515,2026-10-02T11:23:36,0,3.26806,10.0000,25.001,CURRENT_PULSE,0
5883.137347,2026-10-02T11:23:36,0,3.29115,0.0000,25.001,MEASURE_V,0
5883.137410,2026-10-02T11:23:36,0,3.26849,10.0000,25.001,CURRENT_PULSE,0
5883.138740,2026-10-02T11:23:36,0,3.27026,10.0000,25.001,CURRENT_PULSE,0
5883.140051,2026-10-02T11:23:36,0,3.26937,10.0000,25.001,CURRENT_PULSE,0
5883.141231,2026-10-02T11:23:36,0,3.26914,10.0000,25.002,CURRENT_PULSE,0
5883.142378,2026-10-02T11:23:36,0,3.26962,10.0000,25.002,CURRENT_PULSE,0
5883.147293,2026-10-02T11:23:36,0,3.29217,0.0000,25.002,MEASURE_V,0
5883.147349,2026-10-02T11:23:36,0,3.26786,10.0000,25.002,CURRENT_PULSE,0
5883.148459,2026-10-02T11:23:36,0,3.26867,10.0000,25.002,CURRENT_PULSE,0
5883.149749,2026-10-02T11:23:36,0,3.26939,10.0000,25.002,CURRENT_PULSE,0
5883.151106,2026-10-02T11:23:36,0,3.27013,10.0000,25.002,CURRENT_PULSE,0
5883.152256,2026-10-02T11:23:36,0,3.26822,10.0000,25.002,CURRENT_PULSE,0
5883.154159,2026-10-02T11:23:36,0,3.75282,0.0000,15.000,MEASURE_V,0
5883.154228,2026-10-02T11:23:36,0,3.75074,0.0000,15.000,MEASURE_TEMP,0
5883.154266,2026-10-02T11:23:36,0,3.75207,0.0000,15.000,REST_OBSERVATION,0
5883.155401,2026-10-02T11:23:36,0,3.75364,0.0000,15.000,REST_OBSERVATION,0
5883.156660,2026-10-02T11:23:36,0,3.75312,0.0000,15.000,REST_OBSERVATION,0
5883.158132,2026-10-02T11:23:36,0,3.29013,0.0000,15.000,MEASURE_V,0
5883.158208,2026-10-02T11:23:36,0,3.29139,0.0000,15.000,MEASURE_TEMP,0
5883.158248,2026-10-02T11:23:36,0,3.29239,0.0000,15.000,REST_OBSERVATION,0
5883.159391,2026-10-02T11:23:36,0,3.29138,0.0000,15.000,REST_OBSERVATION,0
5883.160627,2026-10-02T11:23:36,0,3.29194,0.0000,15.000,REST_OBSERVATION,0
5883.166945,2026-10-02T11:23:36,0,3.29178,0.0000,15.000,MEASURE_V,0
5883.167023,2026-10-02T11:23:36,0,3.25857,10.0000,15.000,CURRENT_PULSE,0
5883.168170,2026-10-02T11:23:36,0,3.25757,10.0000,15.001,CURRENT_PULSE,0
5883.169328,2026-10-02T11:23:36,0,3.25799,10.0000,15.001,CURRENT_PULSE,0
5883.170542,2026-10-02T11:23:36,0,3.25821,10.0000,15.001,CURRENT_PULSE,0
5883.171850,2026-10-02T11:23:36,0,3.25777,10.0000,15.001,CURRENT_PULSE,0
5883.177877,2026-10-02T11:23:36,0,3.75241,0.0000,25.000,MEASURE_V,0
5883.177949,2026-10-02T11:23:36,0,3.75273,0.0000,25.000,MEASURE_TEMP,0
5883.177984,2026-10-02T11:23:36,0,3.75145,0.0000,25.000,REST_OBSERVATION,0
5883.179239,2026-10-02T11:23:36,0,3.75140,0.0000,25.000,REST_OBSERVATION,0
5883.180378,2026-10-02T11:23:36,0,3.75250,0.0000,25.000,REST_OBSERVATION,0
5883.181685,2026-10-02T11:23:36,0,3.75059,0.0000,25.000,MEASURE_V,0
5883.181743,2026-10-02T11:23:36,0,3.75281,0.0000,25.000,MEASURE_TEMP,0
5883.181774,2026-10-02T11:23:36,0,3.75148,0.0000,25.000,REST_OBSERVATION,0
5883.183049,2026-10-02T11:23:36,0,3.75194,0.0000,25.000,REST_OBSERVATION,0
5883.184226,2026-10-02T11:23:36,0,3.75263,0.0000,25.000,REST_OBSERVATION,0
5883.185550,2026-10-02T11:23:36,0,3.29147,0.0000,25.000,MEASURE_V,0
5883.185627,2026-10-02T11:23:36,0,3.29089,0.0000,25.000,MEASURE_TEMP,0
5883.185666,2026-10-02T11:23:36,0,3.29075,0.0000,25.000,REST_OBSERVATION,0
5883.186899,2026-10-02T11:23:36,0,3.29126,0.0000,25.000,REST_OBSERVATION,0
5883.188232,2026-10-02T11:23:36,0,3.29064,0.0000,25.000,REST_OBSERVATION,0
5883.194429,2026-10-02T11:23:36,0,3.29116,0.0000,25.000,MEASURE_V,0
5883.194503,2026-10-02T11:23:36,0,3.26673,10.0000,25.000,CURRENT_PULSE,0
5883.195777,2026-10-02T11:23:36,0,3.26663,10.0000,25.000,CURRENT_PULSE,0
5883.197045,2026-10-02T11:23:36,0,3.26607,10.0000,25.001,CURRENT_PULSE,0
5883.198230,2026-10-02T11:23:36,0,3.26534,10.0000,25.001,CURRENT_PULSE,0
5883.199412,2026-10-02T11:23:36,0,3.26837,10.0000,25.001,CURRENT_PULSE,0
5883.205461,2026-10-02T11:23:36,0,3.29209,0.0000,25.001,MEASURE_V,0
5883.205527,2026-10-02T11:23:36,0,3.26664,10.0000,25.001,CURRENT_PULSE,0
5883.206845,2026-10-02T11:23:36,0,3.26577,10.0000,25.001,CURRENT_PULSE,0
5883.208074,2026-10-02T11:23:36,0,3.26707,10.0000,25.002,CURRENT_PULSE,0
5883.209241,2026-10-02T11:23:36,0,3.26559,10.0000,25.002,CURRENT_PULSE,0
5883.210404,2026-10-02T11:23:36,0,3.26719,10.0000,25.002,CURRENT_PULSE,0
5883.215804,2026-10-02T11:23:36,0,3.29092,0.0000,25.002,MEASURE_V,0
5883.215868,2026-10-02T11:23:36,0,3.26680,10.0000,25.002,CURRENT_PULSE,0
5883.217079,2026-10-02T11:23:36,0,3.26763,10.0000,25.002,CURRENT_PULSE,0
5883.218219,2026-10-02T11:23:36,0,3.26802,10.0000,25.002,CURRENT_PULSE,0
5883.219367,2026-10-02T11:23:36,0,3.26755,10.0000,25.003,CURRENT_PULSE,0
5883.220580,2026-10-02T11:23:36,0,3.26619,10.0000,25.003,CURRENT_PULSE,0
5883.222722,2026-10-02T11:23:36,0,3.29009,0.0000,25.000,MEASURE_V,0
5883.222800,2026-10-02T11:23:36,0,3.29045,0.0000,25.000,MEASURE_TEMP,0
5883.222841,2026-10-02T11:23:36,0,3.29059,0.0000,25.000,REST_OBSERVATION,0
5883.224124,2026-10-02T11:23:36,0,3.29172,0.0000,25.000,REST_OBSERVATION,0
5883.225293,2026-10-02T11:23:36,0,3.29226,0.0000,25.000,REST_OBSERVATION,0
5883.230836,2026-10-02T11:23:36,0,3.29086,0.0000,25.000,MEASURE_V,0
5883.230903,2026-10-02T11:23:36,0,3.26576,10.0000,25.000,CURRENT_PULSE,0
5883.232204,2026-10-02T11:23:36,0,3.26681,10.0000,25.000,CURRENT_PULSE,0
5883.233348,2026-10-02T11:23:36,0,3.26440,10.0000,25.001,CURRENT_PULSE,0
5883.234544,2026-10-02T11:23:36,0,3.26461,10.0000,25.001,CURRENT_PULSE,0
5883.235850,2026-10-02T11:23:36,0,3.26563,10.0000,25.001,CURRENT_PULSE,0
5883.241248,2026-10-02T11:23:36,0,3.29239,0.0000,25.001,MEASURE_V,0
5883.241308,2026-10-02T11:23:36,0,3.26492,10.0000,25.001,CURRENT_PULSE,0
5883.242422,2026-10-02T11:23:36,0,3.26450,10.0000,25.001,CURRENT_PULSE,0
5883.243637,2026-10-02T11:23:36,0,3.26484,10.0000,25.002,CURRENT_PULSE,0
5883.244933,2026-10-02T11:23:36,0,3.26486,10.0000,25.002,CURRENT_PULSE,0
5883.246224,2026-10-02T11:23:36,0,3.26362,10.0000,25.002,CURRENT_PULSE,0
5883.251690,2026-10-02T11:23:36,0,3.29303,0.0000,25.002,MEASURE_V,0
5883.251753,2026-10-02T11:23:36,0,3.26616,10.0000,25.002,CURRENT_PULSE,0
5883.252995,2026-10-02T11:23:36,0,3.26354,10.0000,25.002,CURRENT_PULSE,0
5883.254206,2026-10-02T11:23:36,0,3.26545,10.0000,25.002,CURRENT_PULSE,0
5883.255354,2026-10-02T11:23:36,0,3.26698,10.0000,25.003,CURRENT_PULSE,0
5883.256563,2026-10-02T11:23:36,0,3.26509,10.0000,25.003,CURRENT_PULSE,0
5883.258741,2026-10-02T11:23:36,0,3.75221,0.0000,35.000,MEASURE_V,0
5883.258818,2026-10-02T11:23:36,0,3.75226,0.0000,35.000,MEASURE_TEMP,0
5883.258871,2026-10-02T11:23:36,0,3.75346,0.0000,35.000,REST_OBSERVATION,0
5883.260226,2026-10-02T11:23:36,0,3.75240,0.0000,35.000,REST_OBSERVATION,0
5883.261396,2026-10-02T11:23:36,0,3.75182,0.0000,35.000,REST_OBSERVATION,0
5883.262763,2026-10-02T11:23:36,0,3.29028,0.0000,25.000,MEASURE_V,0
5883.262840,2026-10-02T11:23:36,0,3.29269,0.0000,25.000,MEASURE_TEMP,0
5883.262880,2026-10-02T11:23:36,0,3.29247,0.0000,25.000,REST_OBSERVATION,0
5883.264149,2026-10-02T11:23:36,0,3.28997,0.0000,25.000,REST_OBSERVATION,0
5883.265351,2026-10-02T11:23:36,0,3.28989,0.0000,25.000,REST_OBSERVATION,0
5883.271807,2026-10-02T11:23:36,0,3.29120,0.0000,25.000,MEASURE_V,0
5883.271886,2026-10-02T11:23:36,0,3.26115,10.0000,25.000,CURRENT_PULSE,0
5883.273134,2026-10-02T11:23:36,0,3.26203,10.0000,25.000,CURRENT_PULSE,0
5883.274303,2026-10-02T11:23:36,0,3.26171,10.0000,25.001,CURRENT_PULSE,0
5883.275523,2026-10-02T11:23:36,0,3.26277,10.0000,25.001,CURRENT_PULSE,0
5883.276841,2026-10-02T11:23:36,0,3.26153,10.0000,25.001,CURRENT_PULSE,0
5883.282921,2026-10-02T11:23:36,0,3.29021,0.0000,25.001,MEASURE_V,0
5883.283000,2026-10-02T11:23:36,0,3.26226,10.0000,25.001,CURRENT_PULSE,0
5883.284190,2026-10-02T11:23:36,0,3.26207,10.0000,25.002,CURRENT_PULSE,0
5883.285351,2026-10-02T11:23:36,0,3.26084,10.0000,25.002,CURRENT_PULSE,0
5883.286565,2026-10-02T11:23:36,0,3.26340,10.0000,25.002,CURRENT_PULSE,0
5883.287876,2026-10-02T11:23:36,0,3.26113,10.0000,25.002,CURRENT_PULSE,0
5883.293709,2026-10-02T11:23:36,0,3.75184,0.0000,35.000,MEASURE_V,0
5883.293775,2026-10-02T11:23:36,0,3.75325,0.0000,35.000,MEASURE_TEMP,0
5883.293813,2026-10-02T11:23:36,0,3.75267,0.0000,35.000,REST_OBSERVATION,0
5883.295109,2026-10-02T11:23:36,0,3.75261,0.0000,35.000,REST_OBSERVATION,0
5883.296254,2026-10-02T11:23:36,0,3.75358,0.0000,35.000,REST_OBSERVATION,0
5883.297512,2026-10-02T11:23:36,0,3.29135,0.0000,25.000,MEASURE_V,0
5883.297576,2026-10-02T11:23:36,0,3.29019,0.0000,25.000,MEASURE_TEMP,0
5883.297615,2026-10-02T11:23:36,0,3.29055,0.0000,25.000,REST_OBSERVATION,0
5883.298913,2026-10-02T11:23:36,0,3.29028,0.0000,25.000,REST_OBSERVATION,0
5883.300244,2026-10-02T11:23:36,0,3.29059,0.0000,25.000,REST_OBSERVATION,0
5883.305665,2026-10-02T11:23:36,0,3.29125,0.0000,25.000,MEASURE_V,0
5883.305728,2026-10-02T11:23:36,0,3.25874,10.0000,25.000,CURRENT_PULSE,0
5883.307050,2026-10-02T11:23:36,0,3.25893,10.0000,25.001,CURRENT_PULSE,0
5883.308236,2026-10-02T11:23:36,0,3.25979,10.0000,25.001,CURRENT_PULSE,0
5883.309385,2026-10-02T11:23:36,0,3.25865,10.0000,25.001,CURRENT_PULSE,0
5883.310547,2026-10-02T11:23:36,0,3.25530,10.0000,25.001,CURRENT_PULSE,0
5883.316052,2026-10-02T11:23:36,0,3.29000,0.0000,15.000,MEASURE_V,0
5883.316118,2026-10-02T11:23:36,0,3.29268,0.0000,15.000,MEASURE_TEMP,0
5883.316156,2026-10-02T11:23:36,0,3.29115,0.0000,15.000,REST_OBSERVATION,0
5883.317266,2026-10-02T11:23:36,0,3.28989,0.0000,15.000,REST_OBSERVATION,0
5883.318397,2026-10-02T11:23:36,0,3.29109,0.0000,15.000,REST_OBSERVATION,0
5883.322890,2026-10-02T11:23:36,0,3.29170,0.0000,15.000,MEASURE_V,0
5883.322943,2026-10-02T11:23:36,0,3.26652,10.0000,15.000,CURRENT_PULSE,0
5883.324257,2026-10-02T11:23:36,0,3.26673,10.0000,15.000,CURRENT_PULSE,0
5883.325403,2026-10-02T11:23:36,0,3.26796,10.0000,15.001,CURRENT_PULSE,0
5883.326670,2026-10-02T11:23:36,0,3.26738,10.0000,15.001,CURRENT_PULSE,0
5883.327974,2026-10-02T11:23:36,0,3.26662,10.0000,15.001,CURRENT_PULSE,0
5883.333128,2026-10-02T11:23:36,0,3.29068,0.0000,15.001,MEASURE_V,0
5883.333187,2026-10-02T11:23:36,0,3.26874,10.0000,15.001,CURRENT_PULSE,0
5883.334301,2026-10-02T11:23:36,0,3.26620,10.0000,15.001,CURRENT_PULSE,0
5883.335472,2026-10-02T11:23:36,0,3.26631,10.0000,15.001,CURRENT_PULSE,0
5883.336805,2026-10-02T11:23:36,0,3.26715,10.0000,15.002,CURRENT_PULSE,0
5883.338068,2026-10-02T11:23:36,0,3.26831,10.0000,15.002,CURRENT_PULSE,0
5883.343375,2026-10-02T11:23:36,0,3.29112,0.0000,15.002,MEASURE_V,0
5883.343436,2026-10-02T11:23:36,0,3.26760,10.0000,15.002,CURRENT_PULSE,0
5883.344738,2026-10-02T11:23:36,0,3.26682,10.0000,15.002,CURRENT_PULSE,0
5883.346050,2026-10-02T11:23:36,0,3.26728,10.0000,15.002,CURRENT_PULSE,0
5883.347208,2026-10-02T11:23:36,0,3.26598,10.0000,15.002,CURRENT_PULSE,0
5883.348371,2026-10-02T11:23:36,0,3.26697,10.0000,15.003,CURRENT_PULSE,0
5883.350394,2026-10-02T11:23:36,0,3.29206,0.0000,15.000,MEASURE_V,0
5883.350487,2026-10-02T11:23:36,0,3.29146,0.0000,15.000,MEASURE_TEMP,0
5883.350532,2026-10-02T11:23:36,0,3.28930,0.0000,15.000,REST_OBSERVATION,0
5883.351814,2026-10-02T11:23:36,0,3.29146,0.0000,15.000,REST_OBSERVATION,0
5883.353134,2026-10-02T11:23:36,0,3.29165,0.0000,15.000,REST_OBSERVATION,0
5883.358973,2026-10-02T11:23:36,0,3.29206,0.0000,15.000,MEASURE_V,0
5883.359051,2026-10-02T11:23:36,0,3.26967,10.0000,15.000,CURRENT_PULSE,0
5883.360207,2026-10-02T11:23:36,0,3.26773,10.0000,15.000,CURRENT_PULSE,0
5883.361360,2026-10-02T11:23:36,0,3.26739,10.0000,15.001,CURRENT_PULSE,0
5883.362574,2026-10-02T11:23:36,0,3.26817,10.0000,15.001,CURRENT_PULSE,0
5883.363882,2026-10-02T11:23:36,0,3.26660,10.0000,15.001,CURRENT_PULSE,0
5883.369497,2026-10-02T11:23:36,0,3.29293,0.0000,15.001,MEASURE_V,0
5883.369560,2026-10-02T11:23:36,0,3.26817,10.0000,15.001,CURRENT_PULSE,0
5883.370830,2026-10-02T11:23:36,0,3.26944,10.0000,15.001,CURRENT_PULSE,0
5883.372132,2026-10-02T11:23:36,0,3.26854,10.0000,15.001,CURRENT_PULSE,0
5883.373287,2026-10-02T11:23:36,0,3.26784,10.0000,15.002,CURRENT_PULSE,0
5883.374485,2026-10-02T11:23:36,0,3.26704,10.0000,15.002,CURRENT_PULSE,0
5883.379974,2026-10-02T11:23:36,0,3.29099,0.0000,15.002,MEASURE_V,0
5883.380041,2026-10-02T11:23:36,0,3.26927,10.0000,15.002,CURRENT_PULSE,0
5883.381220,2026-10-02T11:23:36,0,3.26832,10.0000,15.002,CURRENT_PULSE,0
5883.382358,2026-10-02T11:23:36,0,3.26860,10.0000,15.002,CURRENT_PULSE,0
5883.383566,2026-10-02T11:23:36,0,3.26805,10.0000,15.002,CURRENT_PULSE,0
5883.384872,2026-10-02T11:23:36,0,3.26789,10.0000,15.002,CURRENT_PULSE,0
5883.387018,2026-10-02T11:23:36,0,3.28952,0.0000,35.000,MEASURE_V,0
5883.387092,2026-10-02T11:23:36,0,3.29153,0.0000,35.000,MEASURE_TEMP,0
5883.387131,2026-10-02T11:23:36,0,3.29230,0.0000,35.000,REST_OBSERVATION,0
5883.388268,2026-10-02T11:23:36,0,3.29028,0.0000,35.000,REST_OBSERVATION,0
5883.389445,2026-10-02T11:23:36,0,3.29286,0.0000,35.000,REST_OBSERVATION,0
5883.395009,2026-10-02T11:23:36,0,3.29087,0.0000,35.000,MEASURE_V,0
5883.395075,2026-10-02T11:23:36,0,3.26846,10.0000,35.000,CURRENT_PULSE,0
5883.396218,2026-10-02T11:23:36,0,3.26833,10.0000,35.000,CURRENT_PULSE,0
5883.397362,2026-10-02T11:23:36,0,3.26889,10.0000,35.001,CURRENT_PULSE,0
5883.398547,2026-10-02T11:23:36,0,3.26912,10.0000,35.001,CURRENT_PULSE,0
5883.399796,2026-10-02T11:23:36,0,3.26784,10.0000,35.001,CURRENT_PULSE,0
5883.405758,2026-10-02T11:23:36,0,3.29137,0.0000,35.001,MEASURE_V,0
5883.405829,2026-10-02T11:23:36,0,3.26978,10.0000,35.001,CURRENT_PULSE,0
5883.407133,2026-10-02T11:23:36,0,3.27055,10.0000,35.001,CURRENT_PULSE,0
5883.408276,2026-10-02T11:23:36,0,3.26976,10.0000,35.001,CURRENT_PULSE,0
5883.409429,2026-10-02T11:23:36,0,3.26866,10.0000,35.002,CURRENT_PULSE,0
5883.410590,2026-10-02T11:23:36,0,3.26948,10.0000,35.002,CURRENT_PULSE,0
5883.416096,2026-10-02T11:23:36,0,3.29272,0.0000,35.002,MEASURE_V,0
5883.416157,2026-10-02T11:23:36,0,3.26837,10.0000,35.002,CURRENT_PULSE,0
5883.417272,2026-10-02T11:23:36,0,3.26961,10.0000,35.002,CURRENT_PULSE,0
5883.418411,2026-10-02T11:23:36,0,3.26958,10.0000,35.002,CURRENT_PULSE,0
5883.419619,2026-10-02T11:23:36,0,3.26809,10.0000,35.002,CURRENT_PULSE,0
5883.420907,2026-10-02T11:23:36,0,3.27036,10.0000,35.002,CURRENT_PULSE,0
5883.423022,2026-10-02T11:23:36,0,3.75254,0.0000,15.000,MEASURE_V,0
5883.423102,2026-10-02T11:23:36,0,3.75194,0.0000,15.000,MEASURE_TEMP,0
5883.423147,2026-10-02T11:23:36,0,3.75066,0.0000,15.000,REST_OBSERVATION,0
5883.424296,2026-10-02T11:23:36,0,3.75209,0.0000,15.000,REST_OBSERVATION,0
5883.425486,2026-10-02T11:23:36,0,3.75325,0.0000,15.000,REST_OBSERVATION,0
5883.426964,2026-10-02T11:23:36,0,3.29190,0.0000,25.000,MEASURE_V,0
5883.427063,2026-10-02T11:23:36,0,3.29317,0.0000,25.000,MEASURE_TEMP,0
5883.427109,2026-10-02T11:23:36,0,3.29234,0.0000,25.000,REST_OBSERVATION,0
5883.428260,2026-10-02T11:23:36,0,3.29359,0.0000,25.000,REST_OBSERVATION,0
5883.429509,2026-10-02T11:23:36,0,3.28990,0.0000,25.000,REST_OBSERVATION,0
5883.436424,2026-10-02T11:23:36,0,3.29132,0.0000,25.000,MEASURE_V,0
5883.436501,2026-10-02T11:23:36,0,3.25981,10.0000,25.000,CURRENT_PULSE,0
5883.437777,2026-10-02T11:23:36,0,3.25732,10.0000,25.001,CURRENT_PULSE,0
5883.439092,2026-10-02T11:23:36,0,3.25810,10.0000,25.001,CURRENT_PULSE,0
5883.440294,2026-10-02T11:23:36,0,3.25838,10.0000,25.001,CURRENT_PULSE,0
5883.441528,2026-10-02T11:23:36,0,3.26002,10.0000,25.001,CURRENT_PULSE,0
5883.447620,2026-10-02T11:23:36,0,3.75177,0.0000,25.000,MEASURE_V,0
5883.447700,2026-10-02T11:23:36,0,3.75173,0.0000,25.000,MEASURE_TEMP,0
5883.447738,2026-10-02T11:23:36,0,3.75396,0.0000,25.000,REST_OBSERVATION,0
5883.449033,2026-10-02T11:23:36,0,3.75278,0.0000,25.000,REST_OBSERVATION,0
5883.450232,2026-10-02T11:23:36,0,3.75201,0.0000,25.000,REST_OBSERVATION,0
5883.451544,2026-10-02T11:23:36,0,3.75204,0.0000,25.000,MEASURE_V,0
5883.451606,2026-10-02T11:23:36,0,3.75342,0.0000,25.000,MEASURE_TEMP,0
5883.451641,2026-10-02T11:23:36,0,3.75236,0.0000,25.000,REST_OBSERVATION,0
5883.452881,2026-10-02T11:23:36,0,3.75030,0.0000,25.000,REST_OBSERVATION,0
5883.454175,2026-10-02T11:23:36,0,3.75159,0.0000,25.000,REST_OBSERVATION,0
5883.455514,2026-10-02T11:23:36,0,3.75284,0.0000,35.000,MEASURE_V,0
5883.455596,2026-10-02T11:23:36,0,3.75303,0.0000,35.000,MEASURE_TEMP,0
5883.455640,2026-10-02T11:23:36,0,3.75265,0.0000,35.000,REST_OBSERVATION,0
5883.456861,2026-10-02T11:23:36,0,3.75156,0.0000,35.000,REST_OBSERVATION,0
5883.458155,2026-10-02T11:23:36,0,3.75095,0.0000,35.000,REST_OBSERVATION,0
5883.459574,2026-10-02T11:23:36,0,3.75143,0.0000,35.000,MEASURE_V,0
5883.459672,2026-10-02T11:23:36,0,3.75329,0.0000,35.000,MEASURE_TEMP,0
5883.459725,2026-10-02T11:23:36,0,3.75155,0.0000,35.000,REST_OBSERVATION,0
5883.460969,2026-10-02T11:23:36,0,3.75203,0.0000,35.000,REST_OBSERVATION,0
5883.462145,2026-10-02T11:23:36,0,3.75128,0.0000,35.000,REST_OBSERVATION,0
5883.463339,2026-10-02T11:23:36,0,3.75142,0.0000,15.000,MEASURE_V,0
5883.463377,2026-10-02T11:23:36,0,3.75241,0.0000,15.000,MEASURE_TEMP,0
5883.463402,2026-10-02T11:23:36,0,3.75444,0.0000,15.000,REST_OBSERVATION,0
5883.464537,2026-10-02T11:23:36,0,3.75250,0.0000,15.000,REST_OBSERVATION,0
5883.465742,2026-10-02T11:23:36,0,3.75317,0.0000,15.000,REST_OBSERVATION,0
5883.467024,2026-10-02T11:23:36,0,3.75306,0.0000,15.000,MEASURE_V,0
5883.467062,2026-10-02T11:23:36,0,3.75265,0.0000,15.000,MEASURE_TEMP,0
5883.467083,2026-10-02T11:23:36,0,3.75375,0.0000,15.000,REST_OBSERVATION,0
5883.468180,2026-10-02T11:23:36,0,3.75249,0.0000,15.000,REST_OBSERVATION,0
5883.469295,2026-10-02T11:23:36,0,3.75266,0.0000,15.000,REST_OBSERVATION,0
5883.470523,2026-10-02T11:23:36,0,3.74964,0.0000,25.000,MEASURE_V,0
5883.470561,2026-10-02T11:23:36,0,3.75351,0.0000,25.000,MEASURE_TEMP,0
5883.470582,2026-10-02T11:23:36,0,3.75283,0.0000,25.000,REST_OBSERVATION,0
5883.471880,2026-10-02T11:23:36,0,3.75247,0.0000,25.000,REST_OBSERVATION,0
5883.473228,2026-10-02T11:23:36,0,3.75403,0.0000,25.000,REST_OBSERVATION,0
5883.474431,2026-10-02T11:23:36,0,3.75117,0.0000,15.000,MEASURE_V,0
5883.474477,2026-10-02T11:23:36,0,3.75164,0.0000,15.000,MEASURE_TEMP,0
5883.474501,2026-10-02T11:23:36,0,3.75103,0.0000,15.000,REST_OBSERVATION,0
5883.475777,2026-10-02T11:23:36,0,3.75225,0.0000,15.000,REST_OBSERVATION,0
5883.477096,2026-10-02T11:23:36,0,3.75275,0.0000,15.000,REST_OBSERVATION,0
5883.478387,2026-10-02T11:23:36,0,3.75249,0.0000,35.000,MEASURE_V,0
5883.478453,2026-10-02T11:23:36,0,3.75372,0.0000,35.000,MEASURE_TEMP,0
5883.478488,2026-10-02T11:23:36,0,3.75181,0.0000,35.000,REST_OBSERVATION,0
5883.479772,2026-10-02T11:23:36,0,3.75169,0.0000,35.000,REST_OBSERVATION,0
5883.481168,2026-10-02T11:23:36,0,3.75021,0.0000,35.000,REST_OBSERVATION,0
5883.482547,2026-10-02T11:23:36,0,3.75292,0.0000,15.000,MEASURE_V,0
5883.482639,2026-10-02T11:23:36,0,3.75362,0.0000,15.000,MEASURE_TEMP,0
5883.482690,2026-10-02T11:23:36,0,3.75376,0.0000,15.000,REST_OBSERVATION,0
5883.483947,2026-10-02T11:23:36,0,3.75100,0.0000,15.000,REST_OBSERVATION,0
5883.485247,2026-10-02T11:23:36,0,3.75178,0.0000,15.000,REST_OBSERVATION,0
5883.486795,2026-10-02T11:23:36,0,3.75378,0.0000,15.000,MEASURE_V,0
5883.486923,2026-10-02T11:23:36,0,3.75061,0.0000,15.000,MEASURE_TEMP,0
5883.486990,2026-10-02T11:23:36,0,3.74986,0.0000,15.000,REST_OBSERVATION,0
5883.488300,2026-10-02T11:23:36,0,3.75054,0.0000,15.000,REST_OBSERVATION,0
5883.489648,2026-10-02T11:23:36,0,3.75329,0.0000,15.000,REST_OBSERVATION,0
5883.491417,2026-10-02T11:23:36,0,3.75049,0.0000,15.000,MEASURE_V,0
5883.491586,2026-10-02T11:23:36,0,3.75420,0.0000,15.000,MEASURE_TEMP,0
5883.491696,2026-10-02T11:23:36,0,3.75179,0.0000,15.000,REST_OBSERVATION,0
5883.493028,2026-10-02T11:23:36,0,3.75146,0.0000,15.000,REST_OBSERVATION,0
5883.494356,2026-10-02T11:23:36,0,3.75301,0.0000,15.000,REST_OBSERVATION,0
5883.496089,2026-10-02T11:23:36,0,3.75318,0.0000,15.000,MEASURE_V,0
5883.496253,2026-10-02T11:23:36,0,3.75376,0.0000,15.000,MEASURE_TEMP,0
5883.496339,2026-10-02T11:23:36,0,3.75185,0.0000,15.000,REST_OBSERVATION,0
5883.497587,2026-10-02T11:23:36,0,3.75272,0.0000,15.000,REST_OBSERVATION,0
5883.499046,2026-10-02T11:23:36,0,3.75088,0.0000,15.000,REST_OBSERVATION,0
5883.500718,2026-10-02T11:23:36,0,3.75148,0.0000,15.000,MEASURE_V,0
5883.500885,2026-10-02T11:23:36,0,3.75096,0.0000,15.000,MEASURE_TEMP,0
5883.500977,2026-10-02T11:23:36,0,3.75368,0.0000,15.000,REST_OBSERVATION,0
5883.502233,2026-10-02T11:23:36,0,3.75423,0.0000,15.000,REST_OBSERVATION,0
5883.503590,2026-10-02T11:23:36,0,3.75281,0.0000,15.000,REST_OBSERVATION,0
5883.505415,2026-10-02T11:23:36,0,3.75164,0.0000,25.000,MEASURE_V,0
5883.505583,2026-10-02T11:23:36,0,3.75160,0.0000,25.000,MEASURE_TEMP,0
5883.505675,2026-10-02T11:23:36,0,3.75071,0.0000,25.000,REST_OBSERVATION,0
5883.506931,2026-10-02T11:23:36,0,3.75134,0.0000,25.000,REST_OBSERVATION,0
5883.508298,2026-10-02T11:23:36,0,3.75255,0.0000,25.000,REST_OBSERVATION,0
5883.510042,2026-10-02T11:23:36,0,3.75359,0.0000,25.000,MEASURE_V,0
5883.510227,2026-10-02T11:23:36,0,3.75316,0.0000,25.000,MEASURE_TEMP,0
5883.510319,2026-10-02T11:23:36,0,3.75146,0.0000,25.000,REST_OBSERVATION,0
5883.511583,2026-10-02T11:23:36,0,3.75304,0.0000,25.000,REST_OBSERVATION,0
5883.513061,2026-10-02T11:23:36,0,3.75167,0.0000,25.000,REST_OBSERVATION,0
5883.514818,2026-10-02T11:23:36,0,3.75292,0.0000,25.000,MEASURE_V,0
5883.514995,2026-10-02T11:23:36,0,3.75146,0.0000,25.000,MEASURE_TEMP,0
5883.515110,2026-10-02T11:23:36,0,3.75212,0.0000,25.000,REST_OBSERVATION,0
5883.516363,2026-10-02T11:23:36,0,3.75250,0.0000,25.000,REST_OBSERVATION,0
5883.517810,2026-10-02T11:23:36,0,3.75142,0.0000,25.000,REST_OBSERVATION,0
5883.519602,2026-10-02T11:23:36,0,3.75367,0.0000,15.000,MEASURE_V,0
5883.519765,2026-10-02T11:23:36,0,3.75162,0.0000,15.000,MEASURE_TEMP,0
5883.519856,2026-10-02T11:23:36,0,3.75197,0.0000,15.000,REST_OBSERVATION,0
5883.521235,2026-10-02T11:23:36,0,3.75467,0.0000,15.000,REST_OBSERVATION,0
5883.522602,2026-10-02T11:23:36,0,3.75217,0.0000,15.000,REST_OBSERVATION,0
5883.524503,2026-10-02T11:23:36,0,3.75319,0.0000,35.000,MEASURE_V,0
5883.524695,2026-10-02T11:23:36,0,3.75147,0.0000,35.000,MEASURE_TEMP,0
5883.524787,2026-10-02T11:23:36,0,3.75292,0.0000,35.000,REST_OBSERVATION,0
5883.526152,2026-10-02T11:23:36,0,3.75216,0.0000,35.000,REST_OBSERVATION,0
5883.527523,2026-10-02T11:23:36,0,3.75042,0.0000,35.000,REST_OBSERVATION,0
5883.529373,2026-10-02T11:23:36,0,3.75160,0.0000,25.000,MEASURE_V,0
5883.529538,2026-10-02T11:23:36,0,3.75130,0.0000,25.000,MEASURE_TEMP,0
5883.529629,2026-10-02T11:23:36,0,3.75175,0.0000,25.000,REST_OBSERVATION,0
5883.530983,2026-10-02T11:23:36,0,3.75129,0.0000,25.000,REST_OBSERVATION,0
5883.532356,2026-10-02T11:23:36,0,3.75134,0.0000,25.000,REST_OBSERVATION,0
5883.534194,2026-10-02T11:23:36,0,3.75402,0.0000,35.000,MEASURE_V,0
5883.534361,2026-10-02T11:23:36,0,3.75222,0.0000,35.000,MEASURE_TEMP,0
5883.534454,2026-10-02T11:23:36,0,3.75325,0.0000,35.000,REST_OBSERVATION,0
5883.535809,2026-10-02T11:23:36,0,3.75338,0.0000,35.000,REST_OBSERVATION,0
5883.537261,2026-10-02T11:23:36,0,3.75351,0.0000,35.000,REST_OBSERVATION,0
5883.539029,2026-10-02T11:23:36,0,3.75134,0.0000,25.000,MEASURE_V,0
5883.539226,2026-10-02T11:23:36,0,3.75217,0.0000,25.000,MEASURE_TEMP,0
5883.539318,2026-10-02T11:23:36,0,3.75130,0.0000,25.000,REST_OBSERVATION,0
5883.540561,2026-10-02T11:23:36,0,3.75395,0.0000,25.000,REST_OBSERVATION,0
5883.541998,2026-10-02T11:23:36,0,3.75172,0.0000,25.000,REST_OBSERVATION,0
5883.543639,2026-10-02T11:23:36,0,3.75188,0.0000,25.000,MEASURE_V,0
5883.543795,2026-10-02T11:23:36,0,3.75318,0.0000,25.000,MEASURE_TEMP,0
5883.543893,2026-10-02T11:23:36,0,3.75239,0.0000,25.000,REST_OBSERVATION,0
5883.545310,2026-10-02T11:23:36,0,3.75401,0.0000,25.000,REST_OBSERVATION,0
5883.546662,2026-10-02T11:23:36,0,3.75294,0.0000,25.000,REST_OBSERVATION,0
5883.548465,2026-10-02T11:23:36,0,3.75104,0.0000,25.000,MEASURE_V,0
5883.548668,2026-10-02T11:23:36,0,3.75137,0.0000,25.000,MEASURE_TEMP,0
5883.548791,2026-10-02T11:23:36,0,3.75283,0.0000,25.000,REST_OBSERVATION,0
5883.550160,2026-10-02T11:23:36,0,3.75386,0.0000,25.000,REST_OBSERVATION,0
5883.551535,2026-10-02T11:23:36,0,3.75115,0.0000,25.000,REST_OBSERVATION,0
5883.553385,2026-10-02T11:23:36,0,3.75188,0.0000,35.000,MEASURE_V,0
5883.553592,2026-10-02T11:23:36,0,3.75252,0.0000,35.000,MEASURE_TEMP,0
5883.553689,2026-10-02T11:23:36,0,3.74953,0.0000,35.000,REST_OBSERVATION,0
5883.555130,2026-10-02T11:23:36,0,3.75401,0.0000,35.000,REST_OBSERVATION,0
5883.556477,2026-10-02T11:23:36,0,3.75242,0.0000,35.000,REST_OBSERVATION,0
5883.558224,2026-10-02T11:23:36,0,3.75237,0.0000,35.000,MEASURE_V,0
5883.558372,2026-10-02T11:23:36,0,3.75396,0.0000,35.000,MEASURE_TEMP,0
5883.558443,2026-10-02T11:23:36,0,3.75214,0.0000,35.000,REST_OBSERVATION,0
5883.559764,2026-10-02T11:23:36,0,3.75112,0.0000,35.000,REST_OBSERVATION,0
5883.561212,2026-10-02T11:23:36,0,3.75252,0.0000,35.000,REST_OBSERVATION,0
5883.562805,2026-10-02T11:23:36,0,3.75196,0.0000,15.000,MEASURE_V,0
5883.562951,2026-10-02T11:23:36,0,3.75158,0.0000,15.000,MEASURE_TEMP,0
5883.563047,2026-10-02T11:23:36,0,3.75219,0.0000,15.000,REST_OBSERVATION,0
5883.564290,2026-10-02T11:23:36,0,3.75143,0.0000,15.000,REST_OBSERVATION,0
5883.565638,2026-10-02T11:23:36,0,3.75101,0.0000,15.000,REST_OBSERVATION,0
5883.567426,2026-10-02T11:23:36,0,3.75196,0.0000,35.000,MEASURE_V,0
5883.567592,2026-10-02T11:23:36,0,3.75209,0.0000,35.000,MEASURE_TEMP,0
5883.567685,2026-10-02T11:23:36,0,3.75274,0.0000,35.000,REST_OBSERVATION,0
5883.569066,2026-10-02T11:23:36,0,3.75333,0.0000,35.000,REST_OBSERVATION,0
5883.570382,2026-10-02T11:23:36,0,3.75250,0.0000,35.000,REST_OBSERVATION,0
5883.572158,2026-10-02T11:23:36,0,3.75150,0.0000,25.000,MEASURE_V,0
5883.572334,2026-10-02T11:23:36,0,3.75084,0.0000,25.000,MEASURE_TEMP,0
5883.572416,2026-10-02T11:23:36,0,3.75328,0.0000,25.000,REST_OBSERVATION,0
5883.573666,2026-10-02T11:23:36,0,3.75195,0.0000,25.000,REST_OBSERVATION,0
5883.575086,2026-10-02T11:23:36,0,3.75197,0.0000,25.000,REST_OBSERVATION,0
5883.576789,2026-10-02T11:23:36,0,3.75150,0.0000,25.000,MEASURE_V,0
5883.576975,2026-10-02T11:23:36,0,3.75252,0.0000,25.000,MEASURE_TEMP,0
5883.577087,2026-10-02T11:23:36,0,3.75249,0.0000,25.000,REST_OBSERVATION,0
5883.578342,2026-10-02T11:23:36,0,3.75158,0.0000,25.000,REST_OBSERVATION,0
5883.579790,2026-10-02T11:23:36,0,3.75172,0.0000,25.000,REST_OBSERVATION,0
5883.581543,2026-10-02T11:23:36,0,3.75158,0.0000,15.000,MEASURE_V,0
5883.581701,2026-10-02T11:23:36,0,3.75224,0.0000,15.000,MEASURE_TEMP,0
5883.581785,2026-10-02T11:23:36,0,3.75030,0.0000,15.000,REST_OBSERVATION,0
5883.583171,2026-10-02T11:23:36,0,3.75198,0.0000,15.000,REST_OBSERVATION,0
5883.584487,2026-10-02T11:23:36,0,3.75190,0.0000,15.000,REST_OBSERVATION,0
5883.586278,2026-10-02T11:23:36,0,3.75107,0.0000,25.000,MEASURE_V,0
5883.586432,2026-10-02T11:23:36,0,3.75380,0.0000,25.000,MEASURE_TEMP,0
5883.586516,2026-10-02T11:23:36,0,3.75354,0.0000,25.000,REST_OBSERVATION,0
5883.587853,2026-10-02T11:23:36,0,3.75373,0.0000,25.000,REST_OBSERVATION,0
5883.589242,2026-10-02T11:23:36,0,3.75332,0.0000,25.000,REST_OBSERVATION,0
5883.590820,2026-10-02T11:23:36,0,3.75282,0.0000,25.000,MEASURE_V,0
5883.590963,2026-10-02T11:23:36,0,3.75114,0.0000,25.000,MEASURE_TEMP,0
5883.591053,2026-10-02T11:23:36,0,3.75264,0.0000,25.000,REST_OBSERVATION,0
5883.592323,2026-10-02T11:23:36,0,3.75482,0.0000,25.000,REST_OBSERVATION,0
5883.593771,2026-10-02T11:23:36,0,3.75164,0.0000,25.000,REST_OBSERVATION,0
5883.595609,2026-10-02T11:23:36,0,3.75382,0.0000,35.000,MEASURE_V,0
5883.595775,2026-10-02T11:23:36,0,3.75243,0.0000,35.000,MEASURE_TEMP,0
5883.595865,2026-10-02T11:23:36,0,3.75211,0.0000,35.000,REST_OBSERVATION,0
5883.597215,2026-10-02T11:23:36,0,3.75075,0.0000,35.000,REST_OBSERVATION,0
5883.598542,2026-10-02T11:23:36,0,3.75311,0.0000,35.000,REST_OBSERVATION,0
5883.600247,2026-10-02T11:23:36,0,3.75004,0.0000,25.000,MEASURE_V,0
5883.600414,2026-10-02T11:23:36,0,3.75009,0.0000,25.000,MEASURE_TEMP,0
5883.600489,2026-10-02T11:23:36,0,3.75093,0.0000,25.000,REST_OBSERVATION,0
5883.601734,2026-10-02T11:23:36,0,3.75269,0.0000,25.000,REST_OBSERVATION,0
5883.603146,2026-10-02T11:23:36,0,3.75177,0.0000,25.000,REST_OBSERVATION,0
5883.604854,2026-10-02T11:23:36,0,3.75227,0.0000,15.000,MEASURE_V,0
5883.605058,2026-10-02T11:23:36,0,3.75169,0.0000,15.000,MEASURE_TEMP,0
5883.605153,2026-10-02T11:23:36,0,3.75127,0.0000,15.000,REST_OBSERVATION,0
5883.606408,2026-10-02T11:23:36,0,3.75207,0.0000,15.000,REST_OBSERVATION,0
5883.607856,2026-10-02T11:23:36,0,3.75103,0.0000,15.000,REST_OBSERVATION,0
5883.609604,2026-10-02T11:23:36,0,3.75288,0.0000,15.000,MEASURE_V,0
5883.609772,2026-10-02T11:23:36,0,3.75277,0.0000,15.000,MEASURE_TEMP,0
5883.609862,2026-10-02T11:23:36,0,3.75260,0.0000,15.000,REST_OBSERVATION,0
5883.611182,2026-10-02T11:23:36,0,3.75037,0.0000,15.000,REST_OBSERVATION,0
5883.612509,2026-10-02T11:23:36,0,3.75108,0.0000,15.000,REST_OBSERVATION,0
5883.614254,2026-10-02T11:23:36,0,3.75090,0.0000,15.000,MEASURE_V,0
5883.614414,2026-10-02T11:23:36,0,3.75329,0.0000,15.000,MEASURE_TEMP,0
5883.614491,2026-10-02T11:23:36,0,3.75248,0.0000,15.000,REST_OBSERVATION,0
5883.615795,2026-10-02T11:23:36,0,3.75178,0.0000,15.000,REST_OBSERVATION,0
5883.617212,2026-10-02T11:23:36,0,3.75297,0.0000,15.000,REST_OBSERVATION,0
5883.618819,2026-10-02T11:23:36,0,3.75179,0.0000,35.000,MEASURE_V,0
5883.618957,2026-10-02T11:23:36,0,3.75208,0.0000,35.000,MEASURE_TEMP,0
5883.619043,2026-10-02T11:23:36,0,3.75161,0.0000,35.000,REST_OBSERVATION,0
5883.620248,2026-10-02T11:23:36,0,3.75118,0.0000,35.000,REST_OBSERVATION,0
5883.621523,2026-10-02T11:23:36,0,3.75215,0.0000,35.000,REST_OBSERVATION,0
5883.623100,2026-10-02T11:23:36,0,3.75162,0.0000,15.000,MEASURE_V,0
5883.623226,2026-10-02T11:23:36,0,3.75088,0.0000,15.000,MEASURE_TEMP,0
5883.623282,2026-10-02T11:23:36,0,3.75379,0.0000,15.000,REST_OBSERVATION,0
5883.624437,2026-10-02T11:23:36,0,3.75133,0.0000,15.000,REST_OBSERVATION,0
5883.625684,2026-10-02T11:23:36,0,3.75180,0.0000,15.000,REST_OBSERVATION,0
5883.627175,2026-10-02T11:23:36,0,3.75057,0.0000,15.000,MEASURE_V,0
5883.627269,2026-10-02T11:23:36,0,3.75225,0.0000,15.000,MEASURE_TEMP,0
5883.627319,2026-10-02T11:23:36,0,3.75343,0.0000,15.000,REST_OBSERVATION,0
5883.628475,2026-10-02T11:23:36,0,3.75251,0.0000,15.000,REST_OBSERVATION,0
5883.629762,2026-10-02T11:23:36,0,3.75333,0.0000,15.000,REST_OBSERVATION,0
5883.631249,2026-10-02T11:23:36,0,3.75388,0.0000,35.000,MEASURE_V,0
5883.631336,2026-10-02T11:23:36,0,3.75126,0.0000,35.000,MEASURE_TEMP,0
5883.631385,2026-10-02T11:23:36,0,3.75327,0.0000,35.000,REST_OBSERVATION,0
5883.632563,2026-10-02T11:23:36,0,3.75283,0.0000,35.000,REST_OBSERVATION,0
5883.633847,2026-10-02T11:23:36,0,3.75249,0.0000,35.000,REST_OBSERVATION,0
5883.635268,2026-10-02T11:23:36,0,3.75321,0.0000,35.000,MEASURE_V,0
5883.635379,2026-10-02T11:23:36,0,3.75147,0.0000,35.000,MEASURE_TEMP,0
5883.635429,2026-10-02T11:23:36,0,3.75204,0.0000,35.000,REST_OBSERVATION,0
5883.636680,2026-10-02T11:23:36,0,3.75244,0.0000,35.000,REST_OBSERVATION,0
5883.637974,2026-10-02T11:23:36,0,3.75298,0.0000,35.000,REST_OBSERVATION,0
5883.639444,2026-10-02T11:23:36,0,3.75161,0.0000,15.000,MEASURE_V,0
5883.639555,2026-10-02T11:23:36,0,3.75091,0.0000,15.000,MEASURE_TEMP,0
5883.639613,2026-10-02T11:23:36,0,3.75189,0.0000,15.000,REST_OBSERVATION,0
5883.640870,2026-10-02T11:23:36,0,3.74989,0.0000,15.000,REST_OBSERVATION,0
5883.642131,2026-10-02T11:23:36,0,3.75157,0.0000,15.000,REST_OBSERVATION,0
5883.643605,2026-10-02T11:23:36,0,3.75012,0.0000,15.000,MEASURE_V,0
5883.643727,2026-10-02T11:23:36,0,3.75013,0.0000,15.000,MEASURE_TEMP,0
5883.643780,2026-10-02T11:23:36,0,3.75257,0.0000,15.000,REST_OBSERVATION,0
5883.645072,2026-10-02T11:23:36,0,3.75230,0.0000,15.000,REST_OBSERVATION,0
5883.646310,2026-10-02T11:23:36,0,3.75445,0.0000,15.000,REST_OBSERVATION,0
5883.647837,2026-10-02T11:23:36,0,3.75218,0.0000,35.000,MEASURE_V,0
5883.647953,2026-10-02T11:23:36,0,3.75202,0.0000,35.000,MEASURE_TEMP,0
5883.648038,2026-10-02T11:23:36,0,3.75373,0.0000,35.000,REST_OBSERVATION,0
5883.649278,2026-10-02T11:23:36,0,3.75374,0.0000,35.000,REST_OBSERVATION,0
5883.650573,2026-10-02T11:23:36,0,3.75120,0.0000,35.000,REST_OBSERVATION,0
5883.652318,2026-10-02T11:23:36,0,3.75276,0.0000,15.000,MEASURE_V,0
5883.652496,2026-10-02T11:23:36,0,3.75322,0.0000,15.000,MEASURE_TEMP,0
5883.652589,2026-10-02T11:23:36,0,3.75255,0.0000,15.000,REST_OBSERVATION,0
5883.653968,2026-10-02T11:23:36,0,3.75166,0.0000,15.000,REST_OBSERVATION,0
5883.655309,2026-10-02T11:23:36,0,3.75119,0.0000,15.000,REST_OBSERVATION,0
5883.657194,2026-10-02T11:23:36,0,3.75330,0.0000,35.000,MEASURE_V,0
5883.657363,2026-10-02T11:23:36,0,3.75242,0.0000,35.000,MEASURE_TEMP,0
5883.657453,2026-10-02T11:23:36,0,3.75171,0.0000,35.000,REST_OBSERVATION,0
5883.658710,2026-10-02T11:23:36,0,3.75106,0.0000,35.000,REST_OBSERVATION,0
5883.660279,2026-10-02T11:23:36,0,3.75244,0.0000,35.000,REST_OBSERVATION,0
5883.661992,2026-10-02T11:23:36,0,3.75124,0.0000,35.000,MEASURE_V,0
5883.662181,2026-10-02T11:23:36,0,3.75262,0.0000,35.000,MEASURE_TEMP,0
5883.662272,2026-10-02T11:23:36,0,3.75268,0.0000,35.000,REST_OBSERVATION,0
5883.663524,2026-10-02T11:23:36,0,3.75263,0.0000,35.000,REST_OBSERVATION,0
5883.664876,2026-10-02T11:23:36,0,3.75274,0.0000,35.000,REST_OBSERVATION,0
5883.666605,2026-10-02T11:23:36,0,3.75279,0.0000,15.000,MEASURE_V,0
5883.666771,2026-10-02T11:23:36,0,3.75206,0.0000,15.000,MEASURE_TEMP,0
5883.666855,2026-10-02T11:23:36,0,3.75150,0.0000,15.000,REST_OBSERVATION,0
5883.668199,2026-10-02T11:23:36,0,3.75137,0.0000,15.000,REST_OBSERVATION,0
5883.669520,2026-10-02T11:23:36,0,3.75260,0.0000,15.000,REST_OBSERVATION,0
5883.671217,2026-10-02T11:23:36,0,3.75263,0.0000,25.000,MEASURE_V,0
5883.671417,2026-10-02T11:23:36,0,3.75271,0.0000,25.000,MEASURE_TEMP,0
5883.671508,2026-10-02T11:23:36,0,3.75122,0.0000,25.000,REST_OBSERVATION,0
5883.672863,2026-10-02T11:23:36,0,3.75195,0.0000,25.000,REST_OBSERVATION,0
5883.674281,2026-10-02T11:23:36,0,3.75136,0.0000,25.000,REST_OBSERVATION,0
5883.676142,2026-10-02T11:23:36,0,3.75177,0.0000,25.000,MEASURE_V,0
5883.676533,2026-10-02T11:23:36,0,3.75173,0.0000,25.000,MEASURE_TEMP,0
5883.676652,2026-10-02T11:23:36,0,3.75186,0.0000,25.000,REST_OBSERVATION,0
5883.677810,2026-10-02T11:23:36,0,3.75017,0.0000,25.000,REST_OBSERVATION,0
5883.679035,2026-10-02T11:23:36,0,3.75058,0.0000,25.000,REST_OBSERVATION,0
5883.680582,2026-10-02T11:23:36,0,3.75342,0.0000,25.000,MEASURE_V,0
5883.680724,2026-10-02T11:23:36,0,3.75220,0.0000,25.000,MEASURE_TEMP,0
5883.680794,2026-10-02T11:23:36,0,3.75203,0.0000,25.000,REST_OBSERVATION,0
5883.681936,2026-10-02T11:23:36,0,3.75328,0.0000,25.000,REST_OBSERVATION,0
5883.683201,2026-10-02T11:23:36,0,3.75138,0.0000,25.000,REST_OBSERVATION,0
5883.684662,2026-10-02T11:23:36,0,3.29183,0.0000,35.000,MEASURE_V,0
5883.684768,2026-10-02T11:23:36,0,3.29242,0.0000,35.000,MEASURE_TEMP,0
5883.684822,2026-10-02T11:23:36,0,3.29197,0.0000,35.000,REST_OBSERVATION,0
5883.686082,2026-10-02T11:23:36,0,3.29266,0.0000,35.000,REST_OBSERVATION,0
5883.687314,2026-10-02T11:23:36,0,3.29222,0.0000,35.000,REST_OBSERVATION,0
5883.693611,2026-10-02T11:23:37,0,3.28970,0.0000,35.000,MEASURE_V,0
5883.693711,2026-10-02T11:23:37,0,3.26395,10.0000,35.000,CURRENT_PULSE,0
5883.695000,2026-10-02T11:23:37,0,3.26200,10.0000,35.000,CURRENT_PULSE,0
5883.696232,2026-10-02T11:23:37,0,3.26216,10.0000,35.001,CURRENT_PULSE,0
5883.697469,2026-10-02T11:23:37,0,3.26138,10.0000,35.001,CURRENT_PULSE,0
5883.698720,2026-10-02T11:23:37,0,3.26213,10.0000,35.001,CURRENT_PULSE,0
5883.707506,2026-10-02T11:23:37,0,3.29192,0.0000,35.001,MEASURE_V,0
5883.707622,2026-10-02T11:23:37,0,3.26124,10.0000,35.001,CURRENT_PULSE,0
5883.708915,2026-10-02T11:23:37,0,3.26364,10.0000,35.002,CURRENT_PULSE,0
5883.710216,2026-10-02T11:23:37,0,3.26245,10.0000,35.002,CURRENT_PULSE,0
5883.711454,2026-10-02T11:23:37,0,3.26026,10.0000,35.002,CURRENT_PULSE,0
5883.712827,2026-10-02T11:23:37,0,3.26050,10.0000,35.002,CURRENT_PULSE,0
5883.721306,2026-10-02T11:23:37,0,3.29000,0.0000,35.000,MEASURE_V,0
5883.721422,2026-10-02T11:23:37,0,3.28957,0.0000,35.000,MEASURE_TEMP,0
5883.721483,2026-10-02T11:23:37,0,3.29112,0.0000,35.000,REST_OBSERVATION,0
5883.722666,2026-10-02T11:23:37,0,3.29025,0.0000,35.000,REST_OBSERVATION,0
5883.723990,2026-10-02T11:23:37,0,3.29289,0.0000,35.000,REST_OBSERVATION,0
5883.730508,2026-10-02T11:23:37,0,3.29125,0.0000,35.000,MEASURE_V,0
5883.730588,2026-10-02T11:23:37,0,3.26443,10.0000,35.000,CURRENT_PULSE,0
5883.731798,2026-10-02T11:23:37,0,3.26069,10.0000,35.000,CURRENT_PULSE,0
5883.733107,2026-10-02T11:23:37,0,3.26244,10.0000,35.001,CURRENT_PULSE,0
5883.734276,2026-10-02T11:23:37,0,3.26218,10.0000,35.001,CURRENT_PULSE,0
5883.735456,2026-10-02T11:23:37,0,3.26192,10.0000,35.001,CURRENT_PULSE,0
5883.741421,2026-10-02T11:23:37,0,3.29290,0.0000,35.001,MEASURE_V,0
5883.741488,2026-10-02T11:23:37,0,3.26322,10.0000,35.001,CURRENT_PULSE,0
5883.742675,2026-10-02T11:23:37,0,3.26266,10.0000,35.002,CURRENT_PULSE,0
5883.743914,2026-10-02T11:23:37,0,3.26249,10.0000,35.002,CURRENT_PULSE,0
5883.745211,2026-10-02T11:23:37,0,3.26233,10.0000,35.002,CURRENT_PULSE,0
5883.746392,2026-10-02T11:23:37,0,3.26271,10.0000,35.002,CURRENT_PULSE,0
5883.752571,2026-10-02T11:23:37,0,3.29105,0.0000,15.000,MEASURE_V,0
5883.752643,2026-10-02T11:23:37,0,3.29127,0.0000,15.000,MEASURE_TEMP,0
5883.752685,2026-10-02T11:23:37,0,3.29203,0.0000,15.000,REST_OBSERVATION,0
5883.753957,2026-10-02T11:23:37,0,3.29050,0.0000,15.000,REST_OBSERVATION,0
5883.755147,2026-10-02T11:23:37,0,3.29097,0.0000,15.000,REST_OBSERVATION,0
5883.759991,2026-10-02T11:23:37,0,3.29321,0.0000,15.000,MEASURE_V,0
5883.760049,2026-10-02T11:23:37,0,3.25795,10.0000,15.000,CURRENT_PULSE,0
5883.761242,2026-10-02T11:23:37,0,3.25662,10.0000,15.001,CURRENT_PULSE,0
5883.762369,2026-10-02T11:23:37,0,3.25618,10.0000,15.001,CURRENT_PULSE,0
5883.763583,2026-10-02T11:23:37,0,3.25877,10.0000,15.001,CURRENT_PULSE,0
5883.764921,2026-10-02T11:23:37,0,3.25857,10.0000,15.001,CURRENT_PULSE,0
5883.769906,2026-10-02T11:23:37,0,3.29146,0.0000,15.000,MEASURE_V,0
5883.769973,2026-10-02T11:23:37,0,3.29083,0.0000,15.000,MEASURE_TEMP,0
5883.770009,2026-10-02T11:23:37,0,3.29274,0.0000,15.000,REST_OBSERVATION,0
5883.771242,2026-10-02T11:23:37,0,3.29225,0.0000,15.000,REST_OBSERVATION,0
5883.772373,2026-10-02T11:23:37,0,3.29149,0.0000,15.000,REST_OBSERVATION,0
5883.776735,2026-10-02T11:23:37,0,3.29180,0.0000,15.000,MEASURE_V,0
5883.776787,2026-10-02T11:23:37,0,3.25565,10.0000,15.000,CURRENT_PULSE,0
5883.778081,2026-10-02T11:23:37,0,3.25846,10.0000,15.001,CURRENT_PULSE,0
5883.779238,2026-10-02T11:23:37,0,3.25810,10.0000,15.001,CURRENT_PULSE,0
5883.780364,2026-10-02T11:23:37,0,3.25760,10.0000,15.001,CURRENT_PULSE,0
5883.781601,2026-10-02T11:23:37,0,3.25694,10.0000,15.001,CURRENT_PULSE,0
5883.786499,2026-10-02T11:23:37,0,3.75204,0.0000,35.000,MEASURE_V,0
5883.786547,2026-10-02T11:23:37,0,3.75235,0.0000,35.000,MEASURE_TEMP,0
5883.786574,2026-10-02T11:23:37,0,3.75282,0.0000,35.000,REST_OBSERVATION,0
5883.787825,2026-10-02T11:23:37,0,3.75110,0.0000,35.000,REST_OBSERVATION,0
5883.789122,2026-10-02T11:23:37,0,3.75012,0.0000,35.000,REST_OBSERVATION,0
5883.790361,2026-10-02T11:23:37,0,3.29221,0.0000,15.000,MEASURE_V,0
5883.790415,2026-10-02T11:23:37,0,3.29127,0.0000,15.000,MEASURE_TEMP,0
5883.790443,2026-10-02T11:23:37,0,3.29185,0.0000,15.000,REST_OBSERVATION,0
5883.791556,2026-10-02T11:23:37,0,3.29265,0.0000,15.000,REST_OBSERVATION,0
5883.792768,2026-10-02T11:23:37,0,3.29061,0.0000,15.000,REST_OBSERVATION,0
5883.797921,2026-10-02T11:23:37,0,3.29101,0.0000,15.000,MEASURE_V,0
5883.797984,2026-10-02T11:23:37,0,3.25987,10.0000,15.000,CURRENT_PULSE,0
5883.799229,2026-10-02T11:23:37,0,3.25987,10.0000,15.001,CURRENT_PULSE,0
5883.800369,2026-10-02T11:23:37,0,3.25738,10.0000,15.001,CURRENT_PULSE,0
5883.801586,2026-10-02T11:23:37,0,3.25993,10.0000,15.001,CURRENT_PULSE,0
5883.802884,2026-10-02T11:23:37,0,3.25870,10.0000,15.001,CURRENT_PULSE,0
5883.808427,2026-10-02T11:23:37,0,3.75239,0.0000,35.000,MEASURE_V,0
5883.808495,2026-10-02T11:23:37,0,3.75221,0.0000,35.000,MEASURE_TEMP,0
5883.808526,2026-10-02T11:23:37,0,3.75101,0.0000,35.000,REST_OBSERVATION,0
5883.809718,2026-10-02T11:23:37,0,3.75242,0.0000,35.000,REST_OBSERVATION,0
5883.810943,2026-10-02T11:23:37,0,3.75402,0.0000,35.000,REST_OBSERVATION,0
5883.812329,2026-10-02T11:23:37,0,3.29083,0.0000,35.000,MEASURE_V,0
5883.812389,2026-10-02T11:23:37,0,3.29237,0.0000,35.000,MEASURE_TEMP,0
5883.812421,2026-10-02T11:23:37,0,3.29102,0.0000,35.000,REST_OBSERVATION,0
5883.813601,2026-10-02T11:23:37,0,3.29001,0.0000,35.000,REST_OBSERVATION,0
5883.814908,2026-10-02T11:23:37,0,3.29172,0.0000,35.000,REST_OBSERVATION,0
5883.820486,2026-10-02T11:23:37,0,3.29107,0.0000,35.000,MEASURE_V,0
5883.820551,2026-10-02T11:23:37,0,3.26363,10.0000,35.000,CURRENT_PULSE,0
5883.821831,2026-10-02T11:23:37,0,3.26420,10.0000,35.000,CURRENT_PULSE,0
5883.823076,2026-10-02T11:23:37,0,3.26287,10.0000,35.001,CURRENT_PULSE,0
5883.824238,2026-10-02T11:23:37,0,3.26412,10.0000,35.001,CURRENT_PULSE,0
5883.825408,2026-10-02T11:23:37,0,3.26353,10.0000,35.001,CURRENT_PULSE,0
5883.831062,2026-10-02T11:23:37,0,3.29195,0.0000,35.001,MEASURE_V,0
5883.831126,2026-10-02T11:23:37,0,3.26423,10.0000,35.001,CURRENT_PULSE,0
5883.832248,2026-10-02T11:23:37,0,3.26497,10.0000,35.001,CURRENT_PULSE,0
5883.833392,2026-10-02T11:23:37,0,3.26526,10.0000,35.002,CURRENT_PULSE,0
5883.834580,2026-10-02T11:23:37,0,3.26432,10.0000,35.002,CURRENT_PULSE,0
5883.835877,2026-10-02T11:23:37,0,3.26403,10.0000,35.002,CURRENT_PULSE,0
5883.841564,2026-10-02T11:23:37,0,3.75182,0.0000,35.000,MEASURE_V,0
5883.841633,2026-10-02T11:23:37,0,3.75140,0.0000,35.000,MEASURE_TEMP,0
5883.841674,2026-10-02T11:23:37,0,3.75240,0.0000,35.000,REST_OBSERVATION,0
5883.843035,2026-10-02T11:23:37,0,3.75020,0.0000,35.000,REST_OBSERVATION,0
5883.844207,2026-10-02T11:23:37,0,3.75192,0.0000,35.000,REST_OBSERVATION,0
5883.845479,2026-10-02T11:23:37,0,3.75190,0.0000,15.000,MEASURE_V,0
5883.845540,2026-10-02T11:23:37,0,3.75152,0.0000,15.000,MEASURE_TEMP,0
5883.845575,2026-10-02T11:23:37,0,3.75176,0.0000,15.000,REST_OBSERVATION,0
5883.846792,2026-10-02T11:23:37,0,3.75005,0.0000,15.000,REST_OBSERVATION,0
5883.848164,2026-10-02T11:23:37,0,3.75271,0.0000,15.000,REST_OBSERVATION,0
5883.849501,2026-10-02T11:23:37,0,3.29107,0.0000,15.000,MEASURE_V,0
5883.849579,2026-10-02T11:23:37,0,3.29045,0.0000,15.000,MEASURE_TEMP,0
5883.849622,2026-10-02T11:23:37,0,3.29086,0.0000,15.000,REST_OBSERVATION,0
5883.850959,2026-10-02T11:23:37,0,3.29170,0.0000,15.000,REST_OBSERVATION,0
5883.852228,2026-10-02T11:23:37,0,3.29230,0.0000,15.000,REST_OBSERVATION,0
5883.858651,2026-10-02T11:23:37,0,3.29246,0.0000,15.000,MEASURE_V,0
5883.858729,2026-10-02T11:23:37,0,3.25420,10.0000,15.000,CURRENT_PULSE,0
5883.860016,2026-10-02T11:23:37,0,3.25447,10.0000,15.001,CURRENT_PULSE,0
5883.861190,2026-10-02T11:23:37,0,3.25524,10.0000,15.001,CURRENT_PULSE,0
5883.862366,2026-10-02T11:23:37,0,3.25532,10.0000,15.001,CURRENT_PULSE,0
5883.863593,2026-10-02T11:23:37,0,3.25433,10.0000,15.001,CURRENT_PULSE,0
5883.869855,2026-10-02T11:23:37,0,3.75282,0.0000,25.000,MEASURE_V,0
5883.869933,2026-10-02T11:23:37,0,3.75268,0.0000,25.000,MEASURE_TEMP,0
5883.869980,2026-10-02T11:23:37,0,3.75096,0.0000,25.000,REST_OBSERVATION,0
5883.871168,2026-10-02T11:23:37,0,3.75148,0.0000,25.000,REST_OBSERVATION,0
5883.872326,2026-10-02T11:23:37,0,3.75289,0.0000,25.000,REST_OBSERVATION,0
5883.873666,2026-10-02T11:23:37,0,3.29275,0.0000,15.000,MEASURE_V,0
5883.873748,2026-10-02T11:23:37,0,3.29168,0.0000,15.000,MEASURE_TEMP,0
5883.873795,2026-10-02T11:23:37,0,3.29061,0.0000,15.000,REST_OBSERVATION,0
5883.875087,2026-10-02T11:23:37,0,3.29108,0.0000,15.000,REST_OBSERVATION,0
5883.876271,2026-10-02T11:23:37,0,3.29106,0.0000,15.000,REST_OBSERVATION,0
5883.882248,2026-10-02T11:23:37,0,3.29288,0.0000,15.000,MEASURE_V,0
5883.882319,2026-10-02T11:23:37,0,3.26313,10.0000,15.000,CURRENT_PULSE,0
5883.883477,2026-10-02T11:23:37,0,3.26500,10.0000,15.000,CURRENT_PULSE,0
5883.884784,2026-10-02T11:23:37,0,3.26561,10.0000,15.001,CURRENT_PULSE,0
5883.886114,2026-10-02T11:23:37,0,3.26476,10.0000,15.001,CURRENT_PULSE,0
5883.887294,2026-10-02T11:23:37,0,3.26453,10.0000,15.001,CURRENT_PULSE,0
5883.893262,2026-10-02T11:23:37,0,3.29096,0.0000,15.001,MEASURE_V,0
5883.893329,2026-10-02T11:23:37,0,3.26475,10.0000,15.001,CURRENT_PULSE,0
5883.894456,2026-10-02T11:23:37,0,3.26571,10.0000,15.001,CURRENT_PULSE,0
5883.895682,2026-10-02T11:23:37,0,3.26465,10.0000,15.002,CURRENT_PULSE,0
5883.897012,2026-10-02T11:23:37,0,3.26596,10.0000,15.002,CURRENT_PULSE,0
5883.898209,2026-10-02T11:23:37,0,3.26482,10.0000,15.002,CURRENT_PULSE,0
5883.904011,2026-10-02T11:23:37,0,3.29317,0.0000,15.002,MEASURE_V,0
5883.904082,2026-10-02T11:23:37,0,3.26478,10.0000,15.002,CURRENT_PULSE,0
5883.905222,2026-10-02T11:23:37,0,3.26651,10.0000,15.002,CURRENT_PULSE,0
5883.906365,2026-10-02T11:23:37,0,3.26505,10.0000,15.003,CURRENT_PULSE,0
5883.907545,2026-10-02T11:23:37,0,3.26535,10.0000,15.003,CURRENT_PULSE,0
5883.908848,2026-10-02T11:23:37,0,3.26544,10.0000,15.003,CURRENT_PULSE,0
5883.910936,2026-10-02T11:23:37,0,3.29145,0.0000,25.000,MEASURE_V,0
5883.911025,2026-10-02T11:23:37,0,3.29202,0.0000,25.000,MEASURE_TEMP,0
5883.911069,2026-10-02T11:23:37,0,3.29282,0.0000,25.000,REST_OBSERVATION,0
5883.912208,2026-10-02T11:23:37,0,3.29018,0.0000,25.000,REST_OBSERVATION,0
5883.913390,2026-10-02T11:23:37,0,3.29144,0.0000,25.000,REST_OBSERVATION,0
5883.919397,2026-10-02T11:23:37,0,3.29200,0.0000,25.000,MEASURE_V,0
5883.919469,2026-10-02T11:23:37,0,3.26950,10.0000,25.000,CURRENT_PULSE,0
5883.920740,2026-10-02T11:23:37,0,3.26915,10.0000,25.000,CURRENT_PULSE,0
5883.922042,2026-10-02T11:23:37,0,3.27163,10.0000,25.001,CURRENT_PULSE,0
5883.923204,2026-10-02T11:23:37,0,3.26888,10.0000,25.001,CURRENT_PULSE,0
5883.924377,2026-10-02T11:23:37,0,3.27186,10.0000,25.001,CURRENT_PULSE,0
5883.930329,2026-10-02T11:23:37,0,3.75057,0.0000,25.000,MEASURE_V,0
5883.930404,2026-10-02T11:23:37,0,3.75048,0.0000,25.000,MEASURE_TEMP,0
5883.930440,2026-10-02T11:23:37,0,3.75329,0.0000,25.000,REST_OBSERVATION,0
5883.931591,2026-10-02T11:23:37,0,3.74984,0.0000,25.000,REST_OBSERVATION,0
5883.932910,2026-10-02T11:23:37,0,3.75187,0.0000,25.000,REST_OBSERVATION,0
5883.934274,2026-10-02T11:23:37,0,3.29207,0.0000,15.000,MEASURE_V,0
5883.934338,2026-10-02T11:23:37,0,3.28922,0.0000,15.000,MEASURE_TEMP,0
5883.934375,2026-10-02T11:23:37,0,3.29188,0.0000,15.000,REST_OBSERVATION,0
5883.935544,2026-10-02T11:23:37,0,3.29082,0.0000,15.000,REST_OBSERVATION,0
5883.936853,2026-10-02T11:23:37,0,3.29057,0.0000,15.000,REST_OBSERVATION,0
5883.942628,2026-10-02T11:23:37,0,3.29271,0.0000,15.000,MEASURE_V,0
5883.942695,2026-10-02T11:23:37,0,3.26147,10.0000,15.000,CURRENT_PULSE,0
5883.943817,2026-10-02T11:23:37,0,3.26362,10.0000,15.000,CURRENT_PULSE,0
5883.945120,2026-10-02T11:23:37,0,3.26148,10.0000,15.001,CURRENT_PULSE,0
5883.946280,2026-10-02T11:23:37,0,3.26291,10.0000,15.001,CURRENT_PULSE,0
5883.947481,2026-10-02T11:23:37,0,3.26195,10.0000,15.001,CURRENT_PULSE,0
5883.953287,2026-10-02T11:23:37,0,3.75149,0.0000,15.000,MEASURE_V,0
5883.953360,2026-10-02T11:23:37,0,3.75123,0.0000,15.000,MEASURE_TEMP,0
5883.953394,2026-10-02T11:23:37,0,3.75137,0.0000,15.000,REST_OBSERVATION,0
5883.954559,2026-10-02T11:23:37,0,3.75262,0.0000,15.000,REST_OBSERVATION,0
5883.955844,2026-10-02T11:23:37,0,3.75100,0.0000,15.000,REST_OBSERVATION,0
5883.957319,2026-10-02T11:23:37,0,3.75089,0.0000,25.000,MEASURE_V,0
5883.957382,2026-10-02T11:23:37,0,3.75115,0.0000,25.000,MEASURE_TEMP,0
5883.957416,2026-10-02T11:23:37,0,3.75116,0.0000,25.000,REST_OBSERVATION,0
5883.958599,2026-10-02T11:23:37,0,3.75308,0.0000,25.000,REST_OBSERVATION,0
5883.959905,2026-10-02T11:23:37,0,3.75166,0.0000,25.000,REST_OBSERVATION,0
5883.961378,2026-10-02T11:23:37,0,3.75223,0.0000,15.000,MEASURE_V,0
5883.961465,2026-10-02T11:23:37,0,3.75233,0.0000,15.000,MEASURE_TEMP,0
5883.961510,2026-10-02T11:23:37,0,3.75118,0.0000,15.000,REST_OBSERVATION,0
5883.962785,2026-10-02T11:23:37,0,3.75277,0.0000,15.000,REST_OBSERVATION,0
5883.964149,2026-10-02T11:23:37,0,3.75287,0.0000,15.000,REST_OBSERVATION,0
5883.965545,2026-10-02T11:23:37,0,3.75071,0.0000,35.000,MEASURE_V,0
5883.965643,2026-10-02T11:23:37,0,3.75265,0.0000,35.000,MEASURE_TEMP,0
5883.965698,2026-10-02T11:23:37,0,3.75234,0.0000,35.000,REST_OBSERVATION,0
5883.966984,2026-10-02T11:23:37,0,3.75297,0.0000,35.000,REST_OBSERVATION,0
5883.968229,2026-10-02T11:23:37,0,3.75190,0.0000,35.000,REST_OBSERVATION,0
5883.969700,2026-10-02T11:23:37,0,3.29200,0.0000,15.000,MEASURE_V,0
5883.969816,2026-10-02T11:23:37,0,3.29068,0.0000,15.000,MEASURE_TEMP,0
5883.969874,2026-10-02T11:23:37,0,3.29013,0.0000,15.000,REST_OBSERVATION,0
5883.971259,2026-10-02T11:23:37,0,3.28994,0.0000,15.000,REST_OBSERVATION,0
5883.972548,2026-10-02T11:23:37,0,3.28976,0.0000,15.000,REST_OBSERVATION,0
5883.980157,2026-10-02T11:23:37,0,3.29180,0.0000,15.000,MEASURE_V,0
5883.980242,2026-10-02T11:23:37,0,3.26003,10.0000,15.000,CURRENT_PULSE,0
5883.981393,2026-10-02T11:23:37,0,3.25975,10.0000,15.001,CURRENT_PULSE,0
5883.982614,2026-10-02T11:23:37,0,3.25916,10.0000,15.001,CURRENT_PULSE,0
5883.983927,2026-10-02T11:23:37,0,3.25890,10.0000,15.001,CURRENT_PULSE,0
5883.985236,2026-10-02T11:23:37,0,3.26065,10.0000,15.001,CURRENT_PULSE,0
5883.991922,2026-10-02T11:23:37,0,3.29280,0.0000,25.000,MEASURE_V,0
5883.992008,2026-10-02T11:23:37,0,3.29133,0.0000,25.000,MEASURE_TEMP,0
5883.992056,2026-10-02T11:23:37,0,3.28988,0.0000,25.000,REST_OBSERVATION,0
5883.993217,2026-10-02T11:23:37,0,3.29083,0.0000,25.000,REST_OBSERVATION,0
5883.994369,2026-10-02T11:23:37,0,3.29130,0.0000,25.000,REST_OBSERVATION,0
5883.999476,2026-10-02T11:23:37,0,3.29227,0.0000,25.000,MEASURE_V,0
5883.999537,2026-10-02T11:23:37,0,3.26296,10.0000,25.000,CURRENT_PULSE,0
5884.000709,2026-10-02T11:23:37,0,3.26627,10.0000,25.000,CURRENT_PULSE,0
5884.001898,2026-10-02T11:23:37,0,3.26573,10.0000,25.001,CURRENT_PULSE,0
5884.003138,2026-10-02T11:23:37,0,3.26755,10.0000,25.001,CURRENT_PULSE,0
5884.004280,2026-10-02T11:23:37,0,3.26616,10.0000,25.001,CURRENT_PULSE,0
5884.011224,2026-10-02T11:23:37,0,3.29160,0.0000,25.001,MEASURE_V,0
5884.011338,2026-10-02T11:23:37,0,3.26545,10.0000,25.001,CURRENT_PULSE,0
5884.012539,2026-10-02T11:23:37,0,3.26387,10.0000,25.001,CURRENT_PULSE,0
5884.013872,2026-10-02T11:23:37,0,3.26499,10.0000,25.002,CURRENT_PULSE,0
5884.015276,2026-10-02T11:23:37,0,3.26540,10.0000,25.002,CURRENT_PULSE,0
5884.016544,2026-10-02T11:23:37,0,3.26487,10.0000,25.002,CURRENT_PULSE,0
5884.024730,2026-10-02T11:23:37,0,3.29027,0.0000,25.002,MEASURE_V,0
5884.024838,2026-10-02T11:23:37,0,3.26538,10.0000,25.002,CURRENT_PULSE,0
5884.026129,2026-10-02T11:23:37,0,3.26367,10.0000,25.002,CURRENT_PULSE,0
5884.027338,2026-10-02T11:23:37,0,3.26642,10.0000,25.002,CURRENT_PULSE,0
5884.028585,2026-10-02T11:23:37,0,3.26558,10.0000,25.003,CURRENT_PULSE,0
5884.029939,2026-10-02T11:23:37,0,3.26529,10.0000,25.003,CURRENT_PULSE,0
5884.032559,2026-10-02T11:23:37,0,3.29178,0.0000,35.000,MEASURE_V,0
5884.032684,2026-10-02T11:23:37,0,3.29301,0.0000,35.000,MEASURE_TEMP,0
5884.032750,2026-10-02T11:23:37,0,3.29144,0.0000,35.000,REST_OBSERVATION,0
5884.034050,2026-10-02T11:23:37,0,3.29155,0.0000,35.000,REST_OBSERVATION,0
5884.035321,2026-10-02T11:23:37,0,3.29286,0.0000,35.000,REST_OBSERVATION,0
5884.043064,2026-10-02T11:23:37,0,3.28970,0.0000,35.000,MEASURE_V,0
5884.043151,2026-10-02T11:23:37,0,3.26985,10.0000,35.000,CURRENT_PULSE,0
5884.044294,2026-10-02T11:23:37,0,3.26931,10.0000,35.000,CURRENT_PULSE,0
5884.045513,2026-10-02T11:23:37,0,3.27121,10.0000,35.001,CURRENT_PULSE,0
5884.046783,2026-10-02T11:23:37,0,3.27074,10.0000,35.001,CURRENT_PULSE,0
5884.048119,2026-10-02T11:23:37,0,3.27103,10.0000,35.001,CURRENT_PULSE,0
5884.055021,2026-10-02T11:23:37,0,3.29044,0.0000,15.000,MEASURE_V,0
5884.055107,2026-10-02T11:23:37,0,3.29059,0.0000,15.000,MEASURE_TEMP,0
5884.055161,2026-10-02T11:23:37,0,3.29207,0.0000,15.000,REST_OBSERVATION,0
5884.056292,2026-10-02T11:23:37,0,3.28978,0.0000,15.000,REST_OBSERVATION,0
5884.057447,2026-10-02T11:23:37,0,3.29057,0.0000,15.000,REST_OBSERVATION,0
5884.062744,2026-10-02T11:23:37,0,3.29161,0.0000,15.000,MEASURE_V,0
5884.062806,2026-10-02T11:23:37,0,3.26951,10.0000,15.000,CURRENT_PULSE,0
5884.064095,2026-10-02T11:23:37,0,3.26859,10.0000,15.000,CURRENT_PULSE,0
5884.065235,2026-10-02T11:23:37,0,3.26982,10.0000,15.001,CURRENT_PULSE,0
5884.066412,2026-10-02T11:23:37,0,3.26803,10.0000,15.001,CURRENT_PULSE,0
5884.067707,2026-10-02T11:23:37,0,3.26901,10.0000,15.001,CURRENT_PULSE,0
5884.073108,2026-10-02T11:23:37,0,3.29152,0.0000,15.001,MEASURE_V,0
5884.073165,2026-10-02T11:23:37,0,3.26822,10.0000,15.001,CURRENT_PULSE,0
5884.074279,2026-10-02T11:23:37,0,3.26852,10.0000,15.001,CURRENT_PULSE,0
5884.075442,2026-10-02T11:23:37,0,3.26811,10.0000,15.001,CURRENT_PULSE,0
5884.076655,2026-10-02T11:23:37,0,3.26892,10.0000,15.002,CURRENT_PULSE,0
5884.077956,2026-10-02T11:23:37,0,3.26774,10.0000,15.002,CURRENT_PULSE,0
5884.082998,2026-10-02T11:23:37,0,3.29061,0.0000,15.002,MEASURE_V,0
5884.083058,2026-10-02T11:23:37,0,3.26801,10.0000,15.002,CURRENT_PULSE,0
5884.084225,2026-10-02T11:23:37,0,3.26714,10.0000,15.002,CURRENT_PULSE,0
5884.085358,2026-10-02T11:23:37,0,3.26720,10.0000,15.002,CURRENT_PULSE,0
5884.086538,2026-10-02T11:23:37,0,3.26886,10.0000,15.002,CURRENT_PULSE,0
5884.087882,2026-10-02T11:23:37,0,3.26979,10.0000,15.002,CURRENT_PULSE,0
5884.089913,2026-10-02T11:23:37,0,3.29128,0.0000,25.000,MEASURE_V,0
5884.089983,2026-10-02T11:23:37,0,3.29119,0.0000,25.000,MEASURE_TEMP,0
5884.090068,2026-10-02T11:23:37,0,3.29055,0.0000,25.000,REST_OBSERVATION,0
5884.091271,2026-10-02T11:23:37,0,3.29328,0.0000,25.000,REST_OBSERVATION,0
5884.092438,2026-10-02T11:23:37,0,3.29143,0.0000,25.000,REST_OBSERVATION,0
5884.097852,2026-10-02T11:23:37,0,3.29188,0.0000,25.000,MEASURE_V,0
5884.097917,2026-10-02T11:23:37,0,3.26066,10.0000,25.000,CURRENT_PULSE,0
5884.099185,2026-10-02T11:23:37,0,3.25969,10.0000,25.000,CURRENT_PULSE,0
5884.100322,2026-10-02T11:23:37,0,3.26064,10.0000,25.001,CURRENT_PULSE,0
5884.101504,2026-10-02T11:23:37,0,3.26179,10.0000,25.001,CURRENT_PULSE,0
5884.102716,2026-10-02T11:23:37,0,3.26148,10.0000,25.001,CURRENT_PULSE,0
5884.108083,2026-10-02T11:23:37,0,3.29109,0.0000,25.001,MEASURE_V,0
5884.108143,2026-10-02T11:23:37,0,3.26117,10.0000,25.001,CURRENT_PULSE,0
5884.109259,2026-10-02T11:23:37,0,3.26062,10.0000,25.002,CURRENT_PULSE,0
5884.110393,2026-10-02T11:23:37,0,3.26180,10.0000,25.002,CURRENT_PULSE,0
5884.111603,2026-10-02T11:23:37,0,3.26154,10.0000,25.002,CURRENT_PULSE,0
5884.112907,2026-10-02T11:23:37,0,3.26221,10.0000,25.002,CURRENT_PULSE,0
5884.118319,2026-10-02T11:23:37,0,3.75265,0.0000,35.000,MEASURE_V,0
5884.118387,2026-10-02T11:23:37,0,3.75132,0.0000,35.000,MEASURE_TEMP,0
5884.118424,2026-10-02T11:23:37,0,3.75243,0.0000,35.000,REST_OBSERVATION,0
5884.119581,2026-10-02T11:23:37,0,3.75083,0.0000,35.000,REST_OBSERVATION,0
5884.120950,2026-10-02T11:23:37,0,3.75171,0.0000,35.000,REST_OBSERVATION,0
5884.122270,2026-10-02T11:23:37,0,3.29186,0.0000,25.000,MEASURE_V,0
5884.122330,2026-10-02T11:23:37,0,3.29207,0.0000,25.000,MEASURE_TEMP,0
5884.122362,2026-10-02T11:23:37,0,3.29149,0.0000,25.000,REST_OBSERVATION,0
5884.123542,2026-10-02T11:23:37,0,3.29190,0.0000,25.000,REST_OBSERVATION,0
5884.124793,2026-10-02T11:23:37,0,3.28950,0.0000,25.000,REST_OBSERVATION,0
5884.130365,2026-10-02T11:23:37,0,3.29232,0.0000,25.000,MEASURE_V,0
5884.130430,2026-10-02T11:23:37,0,3.25779,10.0000,25.000,CURRENT_PULSE,0
5884.131557,2026-10-02T11:23:37,0,3.25740,10.0000,25.001,CURRENT_PULSE,0
5884.132842,2026-10-02T11:23:37,0,3.25838,10.0000,25.001,CURRENT_PULSE,0
5884.134219,2026-10-02T11:23:37,0,3.25680,10.0000,25.001,CURRENT_PULSE,0
5884.135384,2026-10-02T11:23:37,0,3.25767,10.0000,25.001,CURRENT_PULSE,0
5884.140970,2026-10-02T11:23:37,0,3.75192,0.0000,15.000,MEASURE_V,0
5884.141046,2026-10-02T11:23:37,0,3.75014,0.0000,15.000,MEASURE_TEMP,0
5884.141102,2026-10-02T11:23:37,0,3.75225,0.0000,15.000,REST_OBSERVATION,0
5884.142222,2026-10-02T11:23:37,0,3.75159,0.0000,15.000,REST_OBSERVATION,0
5884.143364,2026-10-02T11:23:37,0,3.75336,0.0000,15.000,REST_OBSERVATION,0
5884.144681,2026-10-02T11:23:37,0,3.29009,0.0000,15.000,MEASURE_V,0
5884.144734,2026-10-02T11:23:37,0,3.29132,0.0000,15.000,MEASURE_TEMP,0
5884.144764,2026-10-02T11:23:37,0,3.29324,0.0000,15.000,REST_OBSERVATION,0
5884.146041,2026-10-02T11:23:37,0,3.29159,0.0000,15.000,REST_OBSERVATION,0
5884.147205,2026-10-02T11:23:37,0,3.29218,0.0000,15.000,REST_OBSERVATION,0
5884.152607,2026-10-02T11:23:37,0,3.29095,0.0000,15.000,MEASURE_V,0
5884.152673,2026-10-02T11:23:37,0,3.26500,10.0000,15.000,CURRENT_PULSE,0
5884.154025,2026-10-02T11:23:37,0,3.26458,10.0000,15.000,CURRENT_PULSE,0
5884.155264,2026-10-02T11:23:37,0,3.26344,10.0000,15.001,CURRENT_PULSE,0
5884.156464,2026-10-02T11:23:37,0,3.26392,10.0000,15.001,CURRENT_PULSE,0
5884.157762,2026-10-02T11:23:37,0,3.26324,10.0000,15.001,CURRENT_PULSE,0
5884.163273,2026-10-02T11:23:37,0,3.29224,0.0000,15.001,MEASURE_V,0
5884.163336,2026-10-02T11:23:37,0,3.26324,10.0000,15.001,CURRENT_PULSE,0
5884.164456,2026-10-02T11:23:37,0,3.26204,10.0000,15.002,CURRENT_PULSE,0
5884.165760,2026-10-02T11:23:37,0,3.26412,10.0000,15.002,CURRENT_PULSE,0
5884.167064,2026-10-02T11:23:37,0,3.26372,10.0000,15.002,CURRENT_PULSE,0
5884.168226,2026-10-02T11:23:37,0,3.26459,10.0000,15.002,CURRENT_PULSE,0
5884.173725,2026-10-02T11:23:37,0,3.29299,0.0000,15.000,MEASURE_V,0
5884.173795,2026-10-02T11:23:37,0,3.29212,0.0000,15.000,MEASURE_TEMP,0
5884.173835,2026-10-02T11:23:37,0,3.29196,0.0000,15.000,REST_OBSERVATION,0
5884.175116,2026-10-02T11:23:37,0,3.29208,0.0000,15.000,REST_OBSERVATION,0
5884.176256,2026-10-02T11:23:37,0,3.29101,0.0000,15.000,REST_OBSERVATION,0
5884.180766,2026-10-02T11:23:37,0,3.28975,0.0000,15.000,MEASURE_V,0
5884.180819,2026-10-02T11:23:37,0,3.26833,10.0000,15.000,CURRENT_PULSE,0
5884.182117,2026-10-02T11:23:37,0,3.27030,10.0000,15.000,CURRENT_PULSE,0
5884.183256,2026-10-02T11:23:37,0,3.26943,10.0000,15.001,CURRENT_PULSE,0
5884.184397,2026-10-02T11:23:37,0,3.26919,10.0000,15.001,CURRENT_PULSE,0
5884.185605,2026-10-02T11:23:37,0,3.26819,10.0000,15.001,CURRENT_PULSE,0
5884.190637,2026-10-02T11:23:37,0,3.29122,0.0000,15.001,MEASURE_V,0
5884.190693,2026-10-02T11:23:37,0,3.26770,10.0000,15.001,CURRENT_PULSE,0
5884.191957,2026-10-02T11:23:37,0,3.26922,10.0000,15.001,CURRENT_PULSE,0
5884.193232,2026-10-02T11:23:37,0,3.27049,10.0000,15.001,CURRENT_PULSE,0
5884.194370,2026-10-02T11:23:37,0,3.26818,10.0000,15.002,CURRENT_PULSE,0
5884.195574,2026-10-02T11:23:37,0,3.27052,10.0000,15.002,CURRENT_PULSE,0
5884.200796,2026-10-02T11:23:37,0,3.29079,0.0000,25.000,MEASURE_V,0
5884.200860,2026-10-02T11:23:37,0,3.29259,0.0000,25.000,MEASURE_TEMP,0
5884.200901,2026-10-02T11:23:37,0,3.29180,0.0000,25.000,REST_OBSERVATION,0
5884.202215,2026-10-02T11:23:37,0,3.29182,0.0000,25.000,REST_OBSERVATION,0
5884.203342,2026-10-02T11:23:37,0,3.29279,0.0000,25.000,REST_OBSERVATION,0
5884.207623,2026-10-02T11:23:37,0,3.29209,0.0000,25.000,MEASURE_V,0
5884.207672,2026-10-02T11:23:37,0,3.26021,10.0000,25.000,CURRENT_PULSE,0
5884.209015,2026-10-02T11:23:37,0,3.25937,10.0000,25.001,CURRENT_PULSE,0
5884.210126,2026-10-02T11:23:37,0,3.26003,10.0000,25.001,CURRENT_PULSE,0
5884.211266,2026-10-02T11:23:37,0,3.26019,10.0000,25.001,CURRENT_PULSE,0
5884.212395,2026-10-02T11:23:37,0,3.26050,10.0000,25.001,CURRENT_PULSE,0
5884.216975,2026-10-02T11:23:37,0,3.29266,0.0000,15.000,MEASURE_V,0
5884.217036,2026-10-02T11:23:37,0,3.29094,0.0000,15.000,MEASURE_TEMP,0
5884.217076,2026-10-02T11:23:37,0,3.29207,0.0000,15.000,REST_OBSERVATION,0
5884.218224,2026-10-02T11:23:37,0,3.29159,0.0000,15.000,REST_OBSERVATION,0
5884.219350,2026-10-02T11:23:37,0,3.29244,0.0000,15.000,REST_OBSERVATION,0
5884.223229,2026-10-02T11:23:37,0,3.29187,0.0000,15.000,MEASURE_V,0
5884.223273,2026-10-02T11:23:37,0,3.26371,10.0000,15.000,CURRENT_PULSE,0
5884.224373,2026-10-02T11:23:37,0,3.26400,10.0000,15.000,CURRENT_PULSE,0
5884.225561,2026-10-02T11:23:37,0,3.26401,10.0000,15.001,CURRENT_PULSE,0
5884.226913,2026-10-02T11:23:37,0,3.26459,10.0000,15.001,CURRENT_PULSE,0
5884.228148,2026-10-02T11:23:37,0,3.26428,10.0000,15.001,CURRENT_PULSE,0
5884.232507,2026-10-02T11:23:37,0,3.29128,0.0000,15.001,MEASURE_V,0
5884.232561,2026-10-02T11:23:37,0,3.26341,10.0000,15.001,CURRENT_PULSE,0
5884.233860,2026-10-02T11:23:37,0,3.26379,10.0000,15.002,CURRENT_PULSE,0
5884.235084,2026-10-02T11:23:37,0,3.26384,10.0000,15.002,CURRENT_PULSE,0
5884.236259,2026-10-02T11:23:37,0,3.26449,10.0000,15.002,CURRENT_PULSE,0
5884.237393,2026-10-02T11:23:37,0,3.26344,10.0000,15.002,CURRENT_PULSE,0
5884.242147,2026-10-02T11:23:37,0,3.75219,0.0000,25.000,MEASURE_V,0
5884.242204,2026-10-02T11:23:37,0,3.75362,0.0000,25.000,MEASURE_TEMP,0
5884.242238,2026-10-02T11:23:37,0,3.75300,0.0000,25.000,REST_OBSERVATION,0
5884.243343,2026-10-02T11:23:37,0,3.75451,0.0000,25.000,REST_OBSERVATION,0
5884.244549,2026-10-02T11:23:37,0,3.75232,0.0000,25.000,REST_OBSERVATION,0
5884.245962,2026-10-02T11:23:37,0,3.75107,0.0000,15.000,MEASURE_V,0
5884.246022,2026-10-02T11:23:37,0,3.75158,0.0000,15.000,MEASURE_TEMP,0
5884.246053,2026-10-02T11:23:37,0,3.75066,0.0000,15.000,REST_OBSERVATION,0
5884.247171,2026-10-02T11:23:37,0,3.75116,0.0000,15.000,REST_OBSERVATION,0
5884.248324,2026-10-02T11:23:37,0,3.75168,0.0000,15.000,REST_OBSERVATION,0
5884.249664,2026-10-02T11:23:37,0,3.75331,0.0000,15.000,MEASURE_V,0
5884.249727,2026-10-02T11:23:37,0,3.75152,0.0000,15.000,MEASURE_TEMP,0
5884.249765,2026-10-02T11:23:37,0,3.75096,0.0000,15.000,REST_OBSERVATION,0
5884.251045,2026-10-02T11:23:37,0,3.75134,0.0000,15.000,REST_OBSERVATION,0
5884.252247,2026-10-02T11:23:37,0,3.75076,0.0000,15.000,REST_OBSERVATION,0
5884.253630,2026-10-02T11:23:37,0,3.75173,0.0000,25.000,MEASURE_V,0
5884.253711,2026-10-02T11:23:37,0,3.75211,0.0000,25.000,MEASURE_TEMP,0
5884.253757,2026-10-02T11:23:37,0,3.74982,0.0000,25.000,REST_OBSERVATION,0
5884.255108,2026-10-02T11:23:37,0,3.75350,0.0000,25.000,REST_OBSERVATION,0
5884.256319,2026-10-02T11:23:37,0,3.75153,0.0000,25.000,REST_OBSERVATION,0
5884.257757,2026-10-02T11:23:37,0,3.28982,0.0000,15.000,MEASURE_V,0
5884.257855,2026-10-02T11:23:37,0,3.29080,0.0000,15.000,MEASURE_TEMP,0
5884.257908,2026-10-02T11:23:37,0,3.29146,0.0000,15.000,REST_OBSERVATION,0
5884.259166,2026-10-02T11:23:37,0,3.29288,0.0000,15.000,REST_OBSERVATION,0
5884.260410,2026-10-02T11:23:37,0,3.29305,0.0000,15.000,REST_OBSERVATION,0
5884.267496,2026-10-02T11:23:37,0,3.28941,0.0000,15.000,MEASURE_V,0
5884.267586,2026-10-02T11:23:37,0,3.26867,10.0000,15.000,CURRENT_PULSE,0
5884.268863,2026-10-02T11:23:37,0,3.26605,10.0000,15.000,CURRENT_PULSE,0
5884.270239,2026-10-02T11:23:37,0,3.26655,10.0000,15.001,CURRENT_PULSE,0
5884.271416,2026-10-02T11:23:37,0,3.26657,10.0000,15.001,CURRENT_PULSE,0
5884.272644,2026-10-02T11:23:37,0,3.26693,10.0000,15.001,CURRENT_PULSE,0
5884.278829,2026-10-02T11:23:37,0,3.29214,0.0000,15.001,MEASURE_V,0
5884.278902,2026-10-02T11:23:37,0,3.26699,10.0000,15.001,CURRENT_PULSE,0
5884.280184,2026-10-02T11:23:37,0,3.26734,10.0000,15.001,CURRENT_PULSE,0
5884.281335,2026-10-02T11:23:37,0,3.26756,10.0000,15.001,CURRENT_PULSE,0
5884.282548,2026-10-02T11:23:37,0,3.26659,10.0000,15.002,CURRENT_PULSE,0
5884.283856,2026-10-02T11:23:37,0,3.26740,10.0000,15.002,CURRENT_PULSE,0
5884.289534,2026-10-02T11:23:37,0,3.29088,0.0000,15.002,MEASURE_V,0
5884.289597,2026-10-02T11:23:37,0,3.26787,10.0000,15.002,CURRENT_PULSE,0
5884.290881,2026-10-02T11:23:37,0,3.26738,10.0000,15.002,CURRENT_PULSE,0
5884.292224,2026-10-02T11:23:37,0,3.26609,10.0000,15.002,CURRENT_PULSE,0
5884.293371,2026-10-02T11:23:37,0,3.26731,10.0000,15.002,CURRENT_PULSE,0
5884.294583,2026-10-02T11:23:37,0,3.26687,10.0000,15.003,CURRENT_PULSE,0
5884.296727,2026-10-02T11:23:37,0,3.75111,0.0000,15.000,MEASURE_V,0
5884.296805,2026-10-02T11:23:37,0,3.75142,0.0000,15.000,MEASURE_TEMP,0
5884.296852,2026-10-02T11:23:37,0,3.75209,0.0000,15.000,REST_OBSERVATION,0
5884.298129,2026-10-02T11:23:37,0,3.75315,0.0000,15.000,REST_OBSERVATION,0
5884.299303,2026-10-02T11:23:37,0,3.75251,0.0000,15.000,REST_OBSERVATION,0
5884.300678,2026-10-02T11:23:37,0,3.29126,0.0000,25.000,MEASURE_V,0
5884.300755,2026-10-02T11:23:37,0,3.29018,0.0000,25.000,MEASURE_TEMP,0
5884.300795,2026-10-02T11:23:37,0,3.29048,0.0000,25.000,REST_OBSERVATION,0
5884.302056,2026-10-02T11:23:37,0,3.29141,0.0000,25.000,REST_OBSERVATION,0
5884.303258,2026-10-02T11:23:37,0,3.29186,0.0000,25.000,REST_OBSERVATION,0
5884.309450,2026-10-02T11:23:37,0,3.29080,0.0000,25.000,MEASURE_V,0
5884.309524,2026-10-02T11:23:37,0,3.26468,10.0000,25.000,CURRENT_PULSE,0
5884.310804,2026-10-02T11:23:37,0,3.26203,10.0000,25.000,CURRENT_PULSE,0
5884.312101,2026-10-02T11:23:37,0,3.26515,10.0000,25.001,CURRENT_PULSE,0
5884.313266,2026-10-02T11:23:37,0,3.26536,10.0000,25.001,CURRENT_PULSE,0
5884.314448,2026-10-02T11:23:37,0,3.26337,10.0000,25.001,CURRENT_PULSE,0
5884.320374,2026-10-02T11:23:37,0,3.29048,0.0000,25.001,MEASURE_V,0
5884.320445,2026-10-02T11:23:37,0,3.26387,10.0000,25.001,CURRENT_PULSE,0
5884.321715,2026-10-02T11:23:37,0,3.26534,10.0000,25.002,CURRENT_PULSE,0
5884.323031,2026-10-02T11:23:37,0,3.26368,10.0000,25.002,CURRENT_PULSE,0
5884.324222,2026-10-02T11:23:37,0,3.26336,10.0000,25.002,CURRENT_PULSE,0
5884.325383,2026-10-02T11:23:37,0,3.26438,10.0000,25.002,CURRENT_PULSE,0
5884.330841,2026-10-02T11:23:37,0,3.29239,0.0000,25.002,MEASURE_V,0
5884.330907,2026-10-02T11:23:37,0,3.26287,10.0000,25.002,CURRENT_PULSE,0
5884.332126,2026-10-02T11:23:37,0,3.26279,10.0000,25.002,CURRENT_PULSE,0
5884.333268,2026-10-02T11:23:37,0,3.26498,10.0000,25.003,CURRENT_PULSE,0
5884.334417,2026-10-02T11:23:37,0,3.26195,10.0000,25.003,CURRENT_PULSE,0
5884.335629,2026-10-02T11:23:37,0,3.26453,10.0000,25.003,CURRENT_PULSE,0
5884.337768,2026-10-02T11:23:37,0,3.75176,0.0000,35.000,MEASURE_V,0
5884.337843,2026-10-02T11:23:37,0,3.75363,0.0000,35.000,MEASURE_TEMP,0
5884.337885,2026-10-02T11:23:37,0,3.75047,0.0000,35.000,REST_OBSERVATION,0
5884.339189,2026-10-02T11:23:37,0,3.75217,0.0000,35.000,REST_OBSERVATION,0
5884.340360,2026-10-02T11:23:37,0,3.75237,0.0000,35.000,REST_OBSERVATION,0
5884.341755,2026-10-02T11:23:37,0,3.75171,0.0000,25.000,MEASURE_V,0
5884.341836,2026-10-02T11:23:37,0,3.75146,0.0000,25.000,MEASURE_TEMP,0
5884.341882,2026-10-02T11:23:37,0,3.75198,0.0000,25.000,REST_OBSERVATION,0
5884.343169,2026-10-02T11:23:37,0,3.75069,0.0000,25.000,REST_OBSERVATION,0
5884.344373,2026-10-02T11:23:37,0,3.75368,0.0000,25.000,REST_OBSERVATION,0
5884.345798,2026-10-02T11:23:37,0,3.75170,0.0000,15.000,MEASURE_V,0
5884.345893,2026-10-02T11:23:37,0,3.75411,0.0000,15.000,MEASURE_TEMP,0
5884.345944,2026-10-02T11:23:37,0,3.75086,0.0000,15.000,REST_OBSERVATION,0
5884.347219,2026-10-02T11:23:37,0,3.75373,0.0000,15.000,REST_OBSERVATION,0
5884.348475,2026-10-02T11:23:37,0,3.75223,0.0000,15.000,REST_OBSERVATION,0
5884.350077,2026-10-02T11:23:37,0,3.75249,0.0000,35.000,MEASURE_V,0
5884.350204,2026-10-02T11:23:37,0,3.75365,0.0000,35.000,MEASURE_TEMP,0
5884.350273,2026-10-02T11:23:37,0,3.74869,0.0000,35.000,REST_OBSERVATION,0
5884.351491,2026-10-02T11:23:37,0,3.75093,0.0000,35.000,REST_OBSERVATION,0
5884.352792,2026-10-02T11:23:37,0,3.75245,0.0000,35.000,REST_OBSERVATION,0
5884.354495,2026-10-02T11:23:37,0,3.29120,0.0000,35.000,MEASURE_V,0
5884.354634,2026-10-02T11:23:37,0,3.29062,0.0000,35.000,MEASURE_TEMP,0
5884.354708,2026-10-02T11:23:37,0,3.29251,0.0000,35.000,REST_OBSERVATION,0
5884.356017,2026-10-02T11:23:37,0,3.29209,0.0000,35.000,REST_OBSERVATION,0
5884.357304,2026-10-02T11:23:37,0,3.29282,0.0000,35.000,REST_OBSERVATION,0
5884.365559,2026-10-02T11:23:37,0,3.29053,0.0000,35.000,MEASURE_V,0
5884.365654,2026-10-02T11:23:37,0,3.25867,10.0000,35.000,CURRENT_PULSE,0
5884.366935,2026-10-02T11:23:37,0,3.25835,10.0000,35.001,CURRENT_PULSE,0
5884.368155,2026-10-02T11:23:37,0,3.25869,10.0000,35.001,CURRENT_PULSE,0
5884.369356,2026-10-02T11:23:37,0,3.25798,10.0000,35.001,CURRENT_PULSE,0
5884.370603,2026-10-02T11:23:37,0,3.25978,10.0000,35.001,CURRENT_PULSE,0
5884.377667,2026-10-02T11:23:37,0,3.29204,0.0000,15.000,MEASURE_V,0
5884.377749,2026-10-02T11:23:37,0,3.29032,0.0000,15.000,MEASURE_TEMP,0
5884.377804,2026-10-02T11:23:37,0,3.29051,0.0000,15.000,REST_OBSERVATION,0
5884.379086,2026-10-02T11:23:37,0,3.29244,0.0000,15.000,REST_OBSERVATION,0
5884.380239,2026-10-02T11:23:37,0,3.29112,0.0000,15.000,REST_OBSERVATION,0
5884.385123,2026-10-02T11:23:37,0,3.29285,0.0000,15.000,MEASURE_V,0
5884.385179,2026-10-02T11:23:37,0,3.26728,10.0000,15.000,CURRENT_PULSE,0
5884.386287,2026-10-02T11:23:37,0,3.26837,10.0000,15.000,CURRENT_PULSE,0
5884.387418,2026-10-02T11:23:37,0,3.26828,10.0000,15.001,CURRENT_PULSE,0
5884.388631,2026-10-02T11:23:37,0,3.26793,10.0000,15.001,CURRENT_PULSE,0
5884.389946,2026-10-02T11:23:37,0,3.26813,10.0000,15.001,CURRENT_PULSE,0
5884.395058,2026-10-02T11:23:37,0,3.29127,0.0000,15.001,MEASURE_V,0
5884.395112,2026-10-02T11:23:37,0,3.26832,10.0000,15.001,CURRENT_PULSE,0
5884.396261,2026-10-02T11:23:37,0,3.26884,10.0000,15.001,CURRENT_PULSE,0
5884.397392,2026-10-02T11:23:37,0,3.26823,10.0000,15.001,CURRENT_PULSE,0
5884.398561,2026-10-02T11:23:37,0,3.26904,10.0000,15.002,CURRENT_PULSE,0
5884.399861,2026-10-02T11:23:37,0,3.26882,10.0000,15.002,CURRENT_PULSE,0
5884.405260,2026-10-02T11:23:37,0,3.29072,0.0000,15.002,MEASURE_V,0
5884.405326,2026-10-02T11:23:37,0,3.26923,10.0000,15.002,CURRENT_PULSE,0
5884.406443,2026-10-02T11:23:37,0,3.26886,10.0000,15.002,CURRENT_PULSE,0
5884.407654,2026-10-02T11:23:37,0,3.26851,10.0000,15.002,CURRENT_PULSE,0
5884.408955,2026-10-02T11:23:37,0,3.26707,10.0000,15.002,CURRENT_PULSE,0
5884.410225,2026-10-02T11:23:37,0,3.26859,10.0000,15.002,CURRENT_PULSE,0
5884.412242,2026-10-02T11:23:37,0,3.29061,0.0000,35.000,MEASURE_V,0
5884.412326,2026-10-02T11:23:37,0,3.29126,0.0000,35.000,MEASURE_TEMP,0
5884.412370,2026-10-02T11:23:37,0,3.29246,0.0000,35.000,REST_OBSERVATION,0
5884.413535,2026-10-02T11:23:37,0,3.29336,0.0000,35.000,REST_OBSERVATION,0
5884.414861,2026-10-02T11:23:37,0,3.28978,0.0000,35.000,REST_OBSERVATION,0
5884.421067,2026-10-02T11:23:37,0,3.29198,0.0000,35.000,MEASURE_V,0
5884.421138,2026-10-02T11:23:37,0,3.26177,10.0000,35.000,CURRENT_PULSE,0
5884.422265,2026-10-02T11:23:37,0,3.26075,10.0000,35.001,CURRENT_PULSE,0
5884.423425,2026-10-02T11:23:37,0,3.26119,10.0000,35.001,CURRENT_PULSE,0
5884.424731,2026-10-02T11:23:37,0,3.26184,10.0000,35.001,CURRENT_PULSE,0
5884.426093,2026-10-02T11:23:37,0,3.26075,10.0000,35.001,CURRENT_PULSE,0
5884.431857,2026-10-02T11:23:37,0,3.29086,0.0000,15.000,MEASURE_V,0
5884.431929,2026-10-02T11:23:37,0,3.29106,0.0000,15.000,MEASURE_TEMP,0
5884.431962,2026-10-02T11:23:37,0,3.29074,0.0000,15.000,REST_OBSERVATION,0
5884.433234,2026-10-02T11:23:37,0,3.29068,0.0000,15.000,REST_OBSERVATION,0
5884.434373,2026-10-02T11:23:37,0,3.29224,0.0000,15.000,REST_OBSERVATION,0
5884.439599,2026-10-02T11:23:37,0,3.29359,0.0000,15.000,MEASURE_V,0
5884.439694,2026-10-02T11:23:37,0,3.26069,10.0000,15.000,CURRENT_PULSE,0
5884.440929,2026-10-02T11:23:37,0,3.26019,10.0000,15.001,CURRENT_PULSE,0
5884.442225,2026-10-02T11:23:37,0,3.26007,10.0000,15.001,CURRENT_PULSE,0
5884.443451,2026-10-02T11:23:37,0,3.26061,10.0000,15.001,CURRENT_PULSE,0
5884.444781,2026-10-02T11:23:37,0,3.26052,10.0000,15.001,CURRENT_PULSE,0
5884.452399,2026-10-02T11:23:37,0,3.29278,0.0000,25.000,MEASURE_V,0
5884.452504,2026-10-02T11:23:37,0,3.29270,0.0000,25.000,MEASURE_TEMP,0
5884.452557,2026-10-02T11:23:37,0,3.28985,0.0000,25.000,REST_OBSERVATION,0
5884.453825,2026-10-02T11:23:37,0,3.29200,0.0000,25.000,REST_OBSERVATION,0
5884.455190,2026-10-02T11:23:37,0,3.29216,0.0000,25.000,REST_OBSERVATION,0
5884.460940,2026-10-02T11:23:37,0,3.29008,0.0000,25.000,MEASURE_V,0
5884.461012,2026-10-02T11:23:37,0,3.26106,10.0000,25.000,CURRENT_PULSE,0
5884.462190,2026-10-02T11:23:37,0,3.26090,10.0000,25.001,CURRENT_PULSE,0
5884.463336,2026-10-02T11:23:37,0,3.26066,10.0000,25.001,CURRENT_PULSE,0
5884.464556,2026-10-02T11:23:37,0,3.25898,10.0000,25.001,CURRENT_PULSE,0
5884.465899,2026-10-02T11:23:37,0,3.26086,10.0000,25.001,CURRENT_PULSE,0
5884.471282,2026-10-02T11:23:37,0,3.29222,0.0000,25.001,MEASURE_V,0
5884.471346,2026-10-02T11:23:37,0,3.25937,10.0000,25.001,CURRENT_PULSE,0
5884.472529,2026-10-02T11:23:37,0,3.25935,10.0000,25.002,CURRENT_PULSE,0
5884.473836,2026-10-02T11:23:37,0,3.26158,10.0000,25.002,CURRENT_PULSE,0
5884.475141,2026-10-02T11:23:37,0,3.25969,10.0000,25.002,CURRENT_PULSE,0
5884.476302,2026-10-02T11:23:37,0,3.25789,10.0000,25.002,CURRENT_PULSE,0
5910.136860,2026-10-02T11:24:03,0,3.29297,0.0000,25.000,MEASURE_V,0
5910.136957,2026-10-02T11:24:03,0,3.29003,0.0000,25.000,MEASURE_TEMP,0
5910.136998,2026-10-02T11:24:03,0,3.29219,0.0000,25.000,REST_OBSERVATION,0
5910.138112,2026-10-02T11:24:03,0,3.29155,0.0000,25.000,REST_OBSERVATION,0
5910.139238,2026-10-02T11:24:03,0,3.29207,0.0000,25.000,REST_OBSERVATION,0
6042.143421,2026-10-02T11:26:15,0,3.29114,0.0000,25.000,MEASURE_V,0
6042.143476,2026-10-02T11:26:15,0,3.29198,0.0000,25.000,MEASURE_TEMP,0
6042.143505,2026-10-02T11:26:15,0,3.28905,0.0000,25.000,REST_OBSERVATION,0
6042.144585,2026-10-02T11:26:15,0,3.29204,0.0000,25.000,REST_OBSERVATION,0
6042.145659,2026-10-02T11:26:15,0,3.29195,0.0000,25.000,REST_OBSERVATION,0
6042.148195,2026-10-02T11:26:15,0,3.29075,0.0000,25.000,MEASURE_V,0
6042.148252,2026-10-02T11:26:15,0,3.27045,10.0000,25.000,CURRENT_PULSE,0
6042.149361,2026-10-02T11:26:15,0,3.27202,10.0000,25.000,CURRENT_PULSE,0
6042.150468,2026-10-02T11:26:15,0,3.27164,10.0000,25.000,CURRENT_PULSE,0
6042.151624,2026-10-02T11:26:15,0,3.27312,10.0000,25.001,CURRENT_PULSE,0
6042.152836,2026-10-02T11:26:15,0,3.27145,10.0000,25.001,CURRENT_PULSE,0
6042.154426,2026-10-02T11:26:15,0,3.29264,0.0000,25.000,MEASURE_V,0
6042.154464,2026-10-02T11:26:15,0,3.29161,0.0000,25.000,MEASURE_TEMP,0
6042.154486,2026-10-02T11:26:15,0,3.29232,0.0000,25.000,REST_OBSERVATION,0
6042.155605,2026-10-02T11:26:15,0,3.29153,0.0000,25.000,REST_OBSERVATION,0
6042.156720,2026-10-02T11:26:15,0,3.29193,0.0000,25.000,REST_OBSERVATION,0
6042.159163,2026-10-02T11:26:15,0,3.28975,0.0000,25.000,MEASURE_V,0
6042.159199,2026-10-02T11:26:15,0,3.25897,10.0000,25.000,CURRENT_PULSE,0
6042.160275,2026-10-02T11:26:15,0,3.25914,10.0000,25.001,CURRENT_PULSE,0
6042.161377,2026-10-02T11:26:15,0,3.26088,10.0000,25.001,CURRENT_PULSE,0
6042.162458,2026-10-02T11:26:15,0,3.25700,10.0000,25.001,CURRENT_PULSE,0
6042.163586,2026-10-02T11:26:15,0,3.25824,10.0000,25.001,CURRENT_PULSE,0
6042.165183,2026-10-02T11:26:15,0,3.29335,0.0000,25.000,MEASURE_V,0
6042.165221,2026-10-02T11:26:15,0,3.28998,0.0000,25.000,MEASURE_TEMP,0
6042.165247,2026-10-02T11:26:15,0,3.29151,0.0000,25.000,REST_OBSERVATION,0
6042.166327,2026-10-02T11:26:15,0,3.29069,0.0000,25.000,REST_OBSERVATION,0
6042.167402,2026-10-02T11:26:15,0,3.29177,0.0000,25.000,REST_OBSERVATION,0
6042.168921,2026-10-02T11:26:15,0,3.29108,0.0000,25.000,MEASURE_V,0
6042.168976,2026-10-02T11:26:15,0,3.29209,0.0000,25.000,MEASURE_TEMP,0
6042.169016,2026-10-02T11:26:15,0,3.29294,0.0000,25.000,REST_OBSERVATION,0
6042.170103,2026-10-02T11:26:15,0,3.29180,0.0000,25.000,REST_OBSERVATION,0
6042.171190,2026-10-02T11:26:15,0,3.29179,0.0000,25.000,REST_OBSERVATION,0
6042.173749,2026-10-02T11:26:15,0,3.29003,0.0000,25.000,MEASURE_V,0
6042.173788,2026-10-02T11:26:15,0,3.26590,10.0000,25.000,CURRENT_PULSE,0
6042.174896,2026-10-02T11:26:15,0,3.26656,10.0000,25.000,CURRENT_PULSE,0
6042.176003,2026-10-02T11:26:15,0,3.26706,10.0000,25.001,CURRENT_PULSE,0
6042.177082,2026-10-02T11:26:15,0,3.26801,10.0000,25.001,CURRENT_PULSE,0
6042.178174,2026-10-02T11:26:15,0,3.26700,10.0000,25.001,CURRENT_PULSE,0
6042.179646,2026-10-02T11:26:15,0,3.75177,0.0000,25.000,MEASURE_V,0
6042.179688,2026-10-02T11:26:15,0,3.75028,0.0000,25.000,MEASURE_TEMP,0
6042.179713,2026-10-02T11:26:15,0,3.75205,0.0000,25.000,REST_OBSERVATION,0
6042.180828,2026-10-02T11:26:15,0,3.75265,0.0000,25.000,REST_OBSERVATION,0
6042.181944,2026-10-02T11:26:15,0,3.75291,0.0000,25.000,REST_OBSERVATION,0
6042.183101,2026-10-02T11:26:15,0,3.75354,0.0000,25.000,MEASURE_V,0
6042.183149,2026-10-02T11:26:15,0,3.75150,0.0000,25.000,MEASURE_TEMP,0
6042.183169,2026-10-02T11:26:15,0,3.75143,0.0000,25.000,REST_OBSERVATION,0
6042.184246,2026-10-02T11:26:15,0,3.75265,0.0000,25.000,REST_OBSERVATION,0
6042.185351,2026-10-02T11:26:15,0,3.75125,0.0000,25.000,REST_OBSERVATION,0
6042.186541,2026-10-02T11:26:15,0,3.29222,0.0000,25.000,MEASURE_V,0
6042.186578,2026-10-02T11:26:15,0,3.29260,0.0000,25.000,MEASURE_TEMP,0
6042.186595,2026-10-02T11:26:15,0,3.29126,0.0000,25.000,REST_OBSERVATION,0
6042.187698,2026-10-02T11:26:15,0,3.28937,0.0000,25.000,REST_OBSERVATION,0
6042.188806,2026-10-02T11:26:15,0,3.29145,0.0000,25.000,REST_OBSERVATION,0
6042.189970,2026-10-02T11:26:15,0,3.29214,0.0000,25.000,MEASURE_V,0
6042.190010,2026-10-02T11:26:15,0,3.29075,0.0000,25.000,MEASURE_V,0
6042.190028,2026-10-02T11:26:15,0,3.29305,0.0000,25.000,MEASURE_V,0
6042.190044,2026-10-02T11:26:15,0,3.29113,0.0000,25.000,MEASURE_V,0
6042.190084,2026-10-02T11:26:15,0,3.29066,0.0000,25.000,MEASURE_V,0
6042.190101,2026-10-02T11:26:15,0,3.29280,0.0000,25.000,MEASURE_V,0
6042.190114,2026-10-02T11:26:15,0,3.29253,0.0000,25.000,MEASURE_V,0
6042.190128,2026-10-02T11:26:15,0,3.29148,0.0000,25.000,MEASURE_V,0
6042.190141,2026-10-02T11:26:15,0,3.28933,0.0000,25.000,MEASURE_V,0
6042.190153,2026-10-02T11:26:15,0,3.29296,0.0000,25.000,MEASURE_V,0
6061.855387,2026-10-02T11:26:35,0,3.29092,0.0000,25.000,MEASURE_V,0
6061.855464,2026-10-02T11:26:35,0,3.29250,0.0000,25.000,MEASURE_TEMP,0
6061.855499,2026-10-02T11:26:35,0,3.28991,0.0000,25.000,REST_OBSERVATION,0
6061.856646,2026-10-02T11:26:35,0,3.29220,0.0000,25.000,REST_OBSERVATION,0
6061.857940,2026-10-02T11:26:35,0,3.29142,0.0000,25.000,REST_OBSERVATION,0
6078.413095,2026-10-02T11:26:51,0,3.28988,0.0000,25.000,MEASURE_V,0
6078.413168,2026-10-02T11:26:51,0,3.29196,0.0000,25.000,MEASURE_TEMP,0
6078.413200,2026-10-02T11:26:51,0,3.29300,0.0000,25.000,REST_OBSERVATION,0
6078.414300,2026-10-02T11:26:51,0,3.29049,0.0000,25.000,REST_OBSERVATION,0
6078.415456,2026-10-02T11:26:51,0,3.29056,0.0000,25.000,REST_OBSERVATION,0
6078.418044,2026-10-02T11:26:51,0,3.29022,0.0000,25.000,MEASURE_V,0
6078.418091,2026-10-02T11:26:51,0,3.27333,10.0000,25.000,CURRENT_PULSE,0
6078.419194,2026-10-02T11:26:51,0,3.27097,10.0000,25.000,CURRENT_PULSE,0
6078.420314,2026-10-02T11:26:51,0,3.27244,10.0000,25.000,CURRENT_PULSE,0
6078.421433,2026-10-02T11:26:51,0,3.27361,10.0000,25.001,CURRENT_PULSE,0
6078.422570,2026-10-02T11:26:51,0,3.27235,10.0000,25.001,CURRENT_PULSE,0
6078.424163,2026-10-02T11:26:51,0,3.29264,0.0000,25.000,MEASURE_V,0
6078.424214,2026-10-02T11:26:51,0,3.29222,0.0000,25.000,MEASURE_TEMP,0
6078.424243,2026-10-02T11:26:51,0,3.29386,0.0000,25.000,REST_OBSERVATION,0
6078.425375,2026-10-02T11:26:51,0,3.29151,0.0000,25.000,REST_OBSERVATION,0
6078.426522,2026-10-02T11:26:51,0,3.29197,0.0000,25.000,REST_OBSERVATION,0
6078.429043,2026-10-02T11:26:51,0,3.28848,0.0000,25.000,MEASURE_V,0
6078.429089,2026-10-02T11:26:51,0,3.26090,10.0000,25.000,CURRENT_PULSE,0
6078.430190,2026-10-02T11:26:51,0,3.25808,10.0000,25.001,CURRENT_PULSE,0
6078.431308,2026-10-02T11:26:51,0,3.25829,10.0000,25.001,CURRENT_PULSE,0
6078.432491,2026-10-02T11:26:51,0,3.25892,10.0000,25.001,CURRENT_PULSE,0
6078.433728,2026-10-02T11:26:51,0,3.26011,10.0000,25.001,CURRENT_PULSE,0
6078.435399,2026-10-02T11:26:51,0,3.29063,0.0000,25.000,MEASURE_V,0
6078.435456,2026-10-02T11:26:51,0,3.29029,0.0000,25.000,MEASURE_TEMP,0
6078.435489,2026-10-02T11:26:51,0,3.29113,0.0000,25.000,REST_OBSERVATION,0
6078.436620,2026-10-02T11:26:51,0,3.29138,0.0000,25.000,REST_OBSERVATION,0
6078.437759,2026-10-02T11:26:51,0,3.29162,0.0000,25.000,REST_OBSERVATION,0
6078.439343,2026-10-02T11:26:51,0,3.29007,0.0000,25.000,MEASURE_V,0
6078.439404,2026-10-02T11:26:51,0,3.29164,0.0000,25.000,MEASURE_TEMP,0
6078.439450,2026-10-02T11:26:51,0,3.29177,0.0000,25.000,REST_OBSERVATION,0
6078.440589,2026-10-02T11:26:51,0,3.29236,0.0000,25.000,REST_OBSERVATION,0
6078.441732,2026-10-02T11:26:51,0,3.29054,0.0000,25.000,REST_OBSERVATION,0
6078.444705,2026-10-02T11:26:51,0,3.29123,0.0000,25.000,MEASURE_V,0
6078.444759,2026-10-02T11:26:51,0,3.26722,10.0000,25.000,CURRENT_PULSE,0
6078.445872,2026-10-02T11:26:51,0,3.26717,10.0000,25.000,CURRENT_PULSE,0
6078.446978,2026-10-02T11:26:51,0,3.26698,10.0000,25.001,CURRENT_PULSE,0
6078.448035,2026-10-02T11:26:51,0,3.26731,10.0000,25.001,CURRENT_PULSE,0
6078.449133,2026-10-02T11:26:51,0,3.26779,10.0000,25.001,CURRENT_PULSE,0
6078.450676,2026-10-02T11:26:51,0,3.75243,0.0000,25.000,MEASURE_V,0
6078.450715,2026-10-02T11:26:51,0,3.75187,0.0000,25.000,MEASURE_TEMP,0
6078.450743,2026-10-02T11:26:51,0,3.75265,0.0000,25.000,REST_OBSERVATION,0
6078.451954,2026-10-02T11:26:51,0,3.75258,0.0000,25.000,REST_OBSERVATION,0
6078.453055,2026-10-02T11:26:51,0,3.75256,0.0000,25.000,REST_OBSERVATION,0
6078.454236,2026-10-02T11:26:51,0,3.75096,0.0000,25.000,MEASURE_V,0
6078.454293,2026-10-02T11:26:51,0,3.75245,0.0000,25.000,MEASURE_TEMP,0
6078.454331,2026-10-02T11:26:51,0,3.75173,0.0000,25.000,REST_OBSERVATION,0
6078.455431,2026-10-02T11:26:51,0,3.75210,0.0000,25.000,REST_OBSERVATION,0
6078.456557,2026-10-02T11:26:51,0,3.75102,0.0000,25.000,REST_OBSERVATION,0
6078.457724,2026-10-02T11:26:51,0,3.29094,0.0000,25.000,MEASURE_V,0
6078.457781,2026-10-02T11:26:51,0,3.29241,0.0000,25.000,MEASURE_TEMP,0
6078.457823,2026-10-02T11:26:51,0,3.29256,0.0000,25.000,REST_OBSERVATION,0
6078.458946,2026-10-02T11:26:51,0,3.29122,0.0000,25.000,REST_OBSERVATION,0
6078.460017,2026-10-02T11:26:51,0,3.29051,0.0000,25.000,REST_OBSERVATION,0
6078.461213,2026-10-02T11:26:51,0,3.29141,0.0000,25.000,MEASURE_V,0
6078.461267,2026-10-02T11:26:51,0,3.29091,0.0000,25.000,MEASURE_V,0
6078.461303,2026-10-02T11:26:51,0,3.29120,0.0000,25.000,MEASURE_V,0
6078.461328,2026-10-02T11:26:51,0,3.29304,0.0000,25.000,MEASURE_V,0
6078.461362,2026-10-02T11:26:51,0,3.29121,0.0000,25.000,MEASURE_V,0
6078.461388,2026-10-02T11:26:51,0,3.28944,0.0000,25.000,MEASURE_V,0
6078.461409,2026-10-02T11:26:51,0,3.29219,0.0000,25.000,MEASURE_V,0
6078.461431,2026-10-02T11:26:51,0,3.28954,0.0000,25.000,MEASURE_V,0
6078.461464,2026-10-02T11:26:51,0,3.29129,0.0000,25.000,MEASURE_V,0
6078.461485,2026-10-02T11:26:51,0,3.29176,0.0000,25.000,MEASURE_V,0
